clean_text,Sentiment
nice product good quality price rising bad sign affordable price especially play everyday kindly help u term price thank youread,1
didnt supplied yonex mavis outside cover yonex ad inside cheapest sad hear thisread,0
worst product damaged shuttlecock packed new box original yonex product dont buyflipkart platform chosen fraud buyersread,0
quite k nowadays quality cork like year back using mavis year quality cork good time getting quality cork like rate cork also much sorry say like experience statment true knowledgeread,1
pricedjust retaileri didnt understand wat advantage buying dis frm flipkrtread,0
good quality product delivered timeread,1
best purchase good quality durable average shuttle shipping goodread,1
good quality original shuttlesread,1
awesomeread,1
nice original productsread,1
green cap shuttlecock really awesome quality best good packingthis green cap shuttlecock played warm conditionsworth money simply loved itread,1
best classread,1
genuine price less near shopread,1
second time getting opened bundle yonex mavis shuttle really believe original product someone may switched shuttle inside bundle dont buy flipkart gonna return productread,0
really satisfied quality prompt deliveryhappy customer flipkart read,1
nycread,1
usually buy model last even dayread,0
poor quality originalread,0
delivered expected timeread,1
nice original productread,1
nice good price compare local sportsread,1
perfect go yonex never disappoint pro feather might look little cheap first glance aint like quality best bottom cork amazing play open court perfectly glide around balanced base durability seems go fine issue intermediate player using one shuttle since day con slightly higher range use lb bg racquet pread,1
superbread,1
looked like defective without balance throw read,0
genuine product reasonable pricegot r read,1
good sealed original yonex shuttlesread,1
expectedthe head portion break soondefective piecesread,0
giving star price hike please anyone suggest shuttle cork performance lower priceread,1
quality pooverread,1
good productread,1
good productread,1
received good conditionam really satisfied productbut satisfied delivery boy always coin returnit mean paying extra money item also know opportunity never coin returni really dont like kind selfishnessread,1
using found shuttle quality upto level box quality stickerread,0
local productread,0
shuttle separated base single shot poor qualityread,0
shuttle rotatingread,0
bad qualityread,0
worst quality shot ball started rotateread,0
expecting kind product flipkartread,1
one better shuttle marketgood quality reasonable priceread,1
low qualityread,0
superb quality best price thanks flipkartread,1
second quality shuttle dont buy almost torn shaped worst experience go buy shop cost around read,0
dont think genuine co checked official website yonex hologram number yet product bad job well definitely comparing one original one shop near let others know difference anyread,1
bad quality timeread,0
ive received duplicate n cheapest ball kept inside broken box done deleberately worst experience ive ever flipkart buy anything except badminton yonex mavis read,0
quality good rejected qualityread,0
green cap shuttle good indoor well outdoor play though slow speed durable thanks great dealread,1
really nice productquick delivery thanks filpkartread,1
nice shuttleread,1
horrible producteach shuttle didnt last even single dayextremely poor qualitypatheticread,0
quality low orginalread,0
worstread,0
difference online quality market quality local market product far better online productsread,0
dont worst productread,0
low quality bad quality read,0
product original cork used come within day use please dont buy shuttle original rather buy shop shop rate sameread,0
quality good earlier also manufactur date also long back earlier shuttlecock received max past month manufacturer also backread,0
genuine productread,0
waste productread,0
used shuttle item quality slow disappointed timeread,0
high priceread,0
bad bad compare ah year back coming mavis read,0
yonex mavis best among yonex shuttlecock playing one year price increasing unnecessarily r last yearread,1
bad product quality used shuttle day totally wastage money copied productread,0
shuttle heavier specification felt like playing cheap rip original mavis read,0
rd class quality want return time overread,0
worst shuttle ever shuttle started spinning shot even come gameread,0
certain cork damaged certain cork even came matchesread,0
bad quality read,0
expected qualityread,0
bad quality couldnt play hr shuttleread,0
durable poor qualityread,0
price littel bit highread,1
goodread,1
niceread,1
required oneread,1
product originalplease avoid online purchaseread,0
one shuttle damaged voblinglet know doread,0
good quality productread,1
good shuttle classic productread,1
got defective piecesread,0
bad packing unsatisfiedread,0
pro quality product yonexit original shuttle run long prompt delivery flipkart shuttle durableconsnoneread,1
good quality nice product thanks fpr fast deliveryread,1
nice cockeread,1
good qualityread,1
scratch code mentioned barrel verified yonex sunrise website mentioned product duplicateread,0
awsm read,1
reasonable priceread,1
excellent product original product received fast delivery second tough go itread,1
one best offer given flipkart best shuttle tournament training always use type shuttle play yonex mavis green thanks flipkart best deal always put type deal booked onlyread,1
good question lasting match purchase yonex mavis blue one little bit fast good smash lasting like green capread,1
mavis quite durable really good starter recommend mavis best practice sessionsread,1
received product committed time thanks flipkart mavis really awesome product doesnt matter whether beginner intermediate advanced level player mavis definitely perfectly work playing last yearsread,1
good nicely packed everyshuttle nice insude perfect flightread,1
got product earlier expected r th april sale box properly sealed feb packingimport date sure mrp way cheaper market price r per box also checked popular website one close flipkart point always use mavis green cap stability durability speed open court thanks flipkart hoping cheaper deal againread,1
best choice people want practice indoor outdoor badminton get financial obligation feather shuttle mavis hard find time savior always available yellow one bit better outdoor white fine indoors respective colour given backdrop flipkart offered best price almost season far longevity shuttle starkly less played outdoor dueread,1
long time got entire box genuine shuttle dynamic pricing strategy big everyday price cant go otherwise would happy buyread,1
good product n durable good enough speed slows little mid airread,1
shuttle imported february bought march last serial number revealed scratching sticker show item genuine start play yet item look good sturdy got think worth price also happy get item delivered quicklyread,1
best shuttlecock life far better li ning shuttle price range purchased r sale flight also better shuttlecocksread,1
good n nice balanced shuttle thanks retailnet n flipkart hope wel get convincing rate lowered oneread,1
shuttle best one excellent price doesnt matter read,1
quality badper day one cork finishedmay look like duplicate mavis corksi purchased many cork box sellersthat cork box come day playing box stay day understand delicate cork box isread,0
cost high hate productread,0
poor qualityinconsistent speedpoor flightread,0
yonex always best qualityread,1
worst shuttle doesnt last even day poor quality sure due stock issue copy product would never buy flipkartread,0
used product good economic use durable good balance long lasting even sustains wrong shot quiet economic compared feather shuttlesread,1
im happy product quality arrived actual delivery date given thanks flipkart quick delivery recommended everyone would like enjoy longer satisfied gamesread,1
amazing shuttlecockdurable best qualitygo itread,1
checked sunrisetntcom found genuineread,1
horrible st order received mavis sealed bill mavis thought mistake asked replacement replacement received box mavis sealed inside cheap shuttle local quality buy flipkartread,0
averageread,0
excellent synthetic shuttle yonex used well prefer yellow one visibility general quite durable long lasting one shuttle easily last half dozen dozen intense game flight becomes unacceptable found travel shorter distance therefore prefer themread,1
best shuttle available market used shuttle till aware better shuttlethe price got flipkart really best price researched checking online store sport shop definitely best price could findread,1
bad quality pirchase box fastread,0
best shuttle available online discription neededread,1
long lasting productnice productread,1
best shuttleread,1
good quality read,1
fabulous itemread,1
nice qualityvery good producti much thankful flipkart courier company delivering quicklyi happyand definitely tell friend order productread,1
feel quality far less compared previous set brought platform shuttle breaking wobbling per hr game session feeling cheatedread,0
original mavis read,1
bad quality poor quality playing ahuttles cap looseread,0
two shuttle durable read,1
poor quality horrible didnt play two game shuttleread,0
worst product every ball box got flat within one two stroke disappointed fact flipkart accepting replacement open box delivery without using product could know qualityread,0
best oneread,1
excellent productread,1
bad quality filpkartread,0
delicate productread,1
bad qualityread,0
dont good qualityread,0
quality shuttle per mavis standardsread,0
good product service goodread,1
nd qualityread,0
local productread,0
old stock last even gamesread,0
shuttle good view balanceread,0
okread,1
nice product suttles good read,1
nice productread,1
old one onlyread,0
super ballread,1
according cost average liferead,1
worstread,0
poor quality read,0
quality good broken matchread,0
nice product damage daysread,0
good worst product bought flipkartread,0
low quality durabalityread,1
badlyread,0
bad qualityread,0
bad product word describe write duplicate productread,0
time quality worstread,0
poor quality read,0
low bad quality product flipkart fooling everyoneread,1
shuttle duplicate markread,0
bad product ever receivedread,0
bad copy quality riceveread,0
waste moneyread,0
quality bad tired class shuttecockread,0
worstread,0
poor qualityread,0
reate wery muchread,0
worst shuttle ever used far dont buy product low qualityread,0
upto mark cork getting cracksread,0
poor quality lasting one set base breakinf top wornread,0
bad quality good dont like prefer beacuse delivery late comfortable change elf near product also deliver emergency thing dont order flipcart better go apps really bad service product quality also badread,0
goodread,1
good quality shuttlesread,1
im writing review rated star received duplicate productnow im rating star received original yonex mavis shuttlethank future hope receive original productsread,1
bad productedread,0
good productread,1
received counterfeit productread,1
u play hour daily shuttle would last maximum daysread,1
good productread,1
one day cap gaanread,1
goodread,1
superb price higher day day two week price gained rsread,1
good qualityread,1
costly lockdown phase previously o sometimes sometimes read,1
bestread,1
play every day play really hard court always best choiceread,1
item good buy originalread,1
excellent indoor courtread,1
genuine product nice packingread,1
good qualityread,1
nice thanks flipkartread,1
nice productread,1
gradual decrease quality less longevityread,1
nice productread,1
wow productread,1
box box bad shuttle shuttle box playableread,0
product shown pictureread,0
average goodread,1
realized buy shuttle online ever cheap duplicate product refund amount replacement product plz dont waste moneyread,0
shuttle okayishits movement air bit different mavis sread,0
found shuttle differentread,1
shuttle genuine conectarte qualityread,0
poor qualityread,0
ball waste rotate unable playread,1
poor quality shuttle standing daysread,0
original productread,1
shuttle goodread,0
good expectedread,1
goodread,1
yonex mavis pure item shuttle oldread,0
nice product suggest youplz buy product original productmade japan read,1
goodread,1
niceread,1
niceread,1
nice shuttle outdoorread,1
good productread,1
amazing cost amazing oneread,1
packing made flipkart absolutely perfect mavis pretty good think cost side get r play hard shuttlesread,1
good dilevary good productread,1
worthread,1
goodread,1
look like fake shuttle sold yonexread,0
worst product buy low qualityread,0
shuttle shapeless may mishandelrd transportationread,0
product goodread,0
day delivery something really frustrating even till didnt get product please work serviceread,0
bad qualityread,0
good productread,1
best quality shuttlesread,1
good quality value moneyread,1
goodread,1
worstread,0
badread,1
shuttle good playing last day shuttle still goodvalue moneythank u flipkartread,1
bad qualityread,0
quality good little bit fastread,0
excellent original buy local sport storesread,1
poor quality shuttle become broke within hour playing ie within dayread,0
shuttle worn really quickly quickly regular mavis tried verify authenticity product entering code onto website lo genuine productive attached picture reference developed hairline crack quickly half match shuttle qualityread,0
nice product best price superread,1
professional player played mavis green colour dont go product lighter slower green one new buyer go ahead buy doesnt matter speed slower green mavis read,1
optimum weight speed easy control shot easy court cover good learner even beginner base thermocol type material like yonex shurttles cork base doesnt get ruptured easily worth buyingread,1
suitable outdoorread,0
seems original lighter lasting hour playread,0
horrible shuttle ever playread,0
finally got orginal yonex mavis genuine piecethere many fake avilable marketso serious player buy wont regretread,1
one shuttle last hardly day less would suggest maker keep mind thing manufacturing price also high make either durable cheap user friendlyread,1
item received excellent condition within one day thanks team however one suggestion please dont send item big cardboard box actually wastage resourcesread,1
used box people say fake either never played mavis may received damaged box might disturbed flight shuttle play mavis day day absolutely original speed play well delhi heat degree order moreread,1
product good like bought open market price also equal open market would good line price lessread,1
nice itemsread,1
thank flipkart providing great product good quality great dealread,1
shutte durablelasts long good flight time much better purchased local store also offer cheaperread,1
love itit really guudas well fantastic delivery early alsoread,1
really good shuttle want improve game best also durable flight good weight balance superb best amateur levelread,1
convinced quality productread,1
option put image review section shuttle delivered used one even mavis seller must totally unprofessional basic check seal taken care flipkart atleastread,0
okread,1
value moneyread,1
excellent product cost higherread,1
one shuttle broken day smashread,0
shuttle poorguys dont purchaseflipkhart check supplierother big impact sale alsoread,0
nice shuttle flight correct good durabilityread,1
ball best local rate highread,1
good flipcart price high market get r per peaceread,1
good slow type cork r using daily game one cork last daysread,1
best shuttlecock ever play everyday abt hour continusly still use shuttlecock day durable got really good flight yonex rock read,1
worst rateread,0
shuttle long life lightread,1
worst productdont go itit stand hour playread,0
fleecing customer tagging wrong mrpread,0
better beginnersread,1
shuttle good even match comethink twice purchaseread,0
okkread,0
st time order quantity good next time quality poor shuttle looking also read,0
nice product practiceread,1
excellentread,1
good oneread,1
niceread,1
goodread,1
good read,1
original product great discountread,1
good productread,1
absolutely good quality shuttlesand great packing teamread,1
product good price increased retailer price read,1
dear retailnet second order second order ifferent first one one packing look different quality nicethanks happy second orderread,1
best cicksbut price highest please think itread,1
poor productread,0
poor qualityread,0
value moneyread,1
badread,1
bestread,1
goodread,0
quality good rotate cork new oneread,0
worst productread,0
best qualityread,1
one roll cork two piece cork goodbut four cork waste one match cork rolling dont buy productread,0
bad product one two number shuttle good others getting damaged one matchread,1
bad quality read,0
nice product packingread,1
seems duplicategeneral shuttle used around daysbut online purchased product cannot used dayyou feel difference shuttle playingread,0
superread,1
best qualityread,1
going bad quickly daysread,0
extremely goodfully satisfied quality wish place repeat orderread,1
best shuttle corkread,1
playing match cork get rotate longer used play gamesread,1
good quality productread,1
best gameread,1
definitely buy thisread,1
nice quality genuine product affordable priceread,1
good outdoor easy spoil contact waterread,1
nice must buyread,1
goodread,1
good productread,1
nice oneread,1
excellent read,1
thanks flipkartread,1
best oneread,1
goodread,1
okread,1
good productread,1
breaking hour game bad qualityread,1
expected niceread,1
superbread,1
excellentread,1
good productsread,1
niceread,1
nice product longliferead,1
goodread,1
worthyread,1
nice product thank flipkart original mavis read,1
nice product read,1
goodread,1
goodread,1
received original productread,1
good shutles read,1
goodread,1
one ball play one weekread,1
genuine productread,1
best product whole yonex companyread,1
bad qualityread,0
niceread,1
goodread,1
bottom quality mark wooded cork break apart directly hit frameread,1
okay okread,1
goodread,1
okread,1
genuine product received perfect conditionread,1
goodread,1
easily got damagedread,0
worst boxread,0
goodread,1
time delivery quality goodread,1
day getting bad qualityread,1
shtles nice orignal one buy siteread,1
nice read,1
shuttle quality wise good actually need hit shuttle power even thought wontread,1
bad goodread,0
goodread,1
bad productread,0
goodread,1
poor quality dont buyread,0
goodread,1
nice cost highread,1
product good price highread,1
niceread,1
goodread,1
good productread,1
quality goodread,0
goodread,1
niceread,1
goodread,1
goodread,1
fantasticread,1
full balanced shuttle great experience flipkartread,1
okayread,1
goodread,1
shuttle smooth like itread,1
goodread,1
best shuttle intermediate playersread,1
niceread,1
superb qualityread,1
superread,1
worestread,0
excellentread,1
price highread,1
nice productread,1
best qualityread,1
goodread,1
goodread,1
good quality discount read,1
good product qualityread,1
set shuttle fine long lastic sustainableread,1
worth buyread,1
prodct good long lasting powerfullread,1
reliable product best serviceread,1
try reduce cost productsread,1
great shuttleread,1
well conditionread,1
always goodread,1
product goodbut price costlyread,1
great shuttle best allread,1
superread,1
nothing say hate fantasticread,1
okread,1
goodproductread,1
goodread,1
valuable product read,1
quality goodread,1
goodread,1
niceread,1
best qualityread,1
good productread,1
nice shuttleread,1
okread,1
excellentread,1
goodread,1
durable pretty smooth controllingread,1
goodread,1
goodread,1
good oneread,1
goodread,1
goodread,1
good quality productread,1
niceread,1
good read,1
gud qualityread,1
goodread,1
goodread,1
worstread,0
goodread,1
niceread,1
good productread,1
worst product qulityread,0
goodread,1
awesomegot pricethank much flipkartread,1
goodread,1
nice productsread,1
expected thank youread,1
goodread,1
using product mavis year time poor quality shuttle receivedread,0
niceread,1
good variginalread,0
good recommendedread,1
best yonexread,1
nice og productread,1
niceread,1
bad quality productread,0
goodread,1
worst product buy online shop yonex mavis read,0
supr read,1
shuttle nice nothing complain aboutread,1
niceread,1
debate best market always stockread,1
excellent item good performanceread,1
nice n original productread,1
good shuttleread,1
goodread,1
good productread,1
really nice use long time particularly seller bptlread,1
goodread,1
original productread,1
good priduct qualityread,1
good productread,1
badread,1
worst product shuttle lasting single matchread,0
nice productread,1
goodread,1
price segment one best shuttle yonex im used product last year experience best segment read,1
fake shuttle didnt even last day shuttle broken manner bottom cork kept breaking without even damaging skirt without notable wear tear caused playingread,0
super productread,1
superread,1
received original qualitydurability pretty good got original mavis thanksread,1
attrocious product worth please avoid selling item sustain marketread,0
product although satisfies qualityread,1
good qualityread,1
okayread,1
durable productread,1
quality adequateread,0
good onesread,1
nice shuttleread,1
best produce genuineread,1
goodread,1
mavis shuttlecock best product received original maybe fault supplier could play one two game basic intermediate using one shuttlecock original shuttlecock could play match careful buyingread,0
good productread,1
worst quality never expected flipkartread,0
goodread,1
genuine shuttle hence trusted sellerread,1
geniune product durable thanks flipkartread,1
original shuttle ni doubtread,1
great dealread,1
good productread,1
good daily use price around would goodread,1
quality shuttle come downread,1
nice productread,1
goodread,1
great comboread,1
goodread,1
excellentread,1
worst quality fault yonex hera pheri done flipkart facility centre fare costumer loss time moneyread,0
good product thanks flipkart fastest deliveryread,1
product low quality waste moneyread,0
super quality worth moneyread,1
always prefer one read,1
product goodread,1
good qualityread,1
shuttle excellent many thinking shuttle buying develivered duplicate one realread,1
really goodread,1
good read,1
superread,1
goodread,1
goodread,1
original one one day delivery within hrsread,1
become damaged two gamesread,1
nice game loose corkread,1
goodread,1
goodread,1
goodread,0
goodread,1
game spinningread,1
goodread,1
goodread,0
niceread,1
goodread,1
goodread,1
nice goodread,1
badread,0
superbread,1
goodread,1
usual best marketread,1
excellent shuttle intermediate player indoorread,1
quality product become poor buying flipkartnit recommendedread,0
niceread,1
worst qualityread,0
goodread,1
worth costread,1
suparread,1
goodread,1
best marketread,1
good product better yonex suttle range aproxread,1
good qualityread,1
goodread,1
nice good qualityread,1
good productread,1
excellent productread,1
good sbuttlesread,1
good delivery date lateread,1
product good received stock month befor manufacturedread,1
great product timely deliveryread,1
goodread,1
bestread,1
best qualityread,1
daughter happy n dilivary boy behavior goodread,1
light weight compare offline productsread,0
good qualityread,1
niceread,1
good productread,1
good oneread,1
mavis nylon shuttle quality poor lost shape within two match playread,0
fantastic product absolutely amazed pricing speedy delivery within day doorstepread,1
awesomeread,1
nice product good quality pic slowread,1
niceread,1
nice shuttleread,1
goodread,1
goodread,1
goodread,0
ok goodread,1
good playread,1
nice productread,1
badread,0
value money bad productread,0
lasted hour playread,1
goodread,1
goodread,1
good productread,1
niceread,1
good playread,1
good qualityread,1
good productread,1
good qualityread,1
nice must buyread,1
faster shuttle bought shop getting spoilt hour game shot go courtread,1
good productread,1
bestread,1
excellentread,1
good productread,1
shuttle getting damaged single gameread,0
niceread,1
superb read,1
fine play costlyread,1
goodread,1
bottom cork lot hole easily get damaged matchesread,0
product good qualityread,1
fast delivery price low cost happy buy itemread,1
valueable productread,1
nice productread,1
got original product play intermediate advance level day passed still using first shuttle barrel single shuttle last around day hr game daily satisfied product durability play outdoor cement courtread,1
goodread,1
nice productread,1
good bring money westread,0
nice goodread,1
nice intermediate level suitfor begginersread,1
awesomesuper fantastic satalread,1
power playread,1
awesome productread,1
long liferead,1
counterfeit product playable game worst qualityread,0
superread,1
goodread,1
worth moneyread,1
super read,1
orignal shuttleloved read,1
worsted product received flipkartread,0
quality durability worstread,0
best productread,1
old stockread,0
good productread,1
durable slow even flightread,1
goodread,1
goodread,1
superread,1
badread,0
suparread,1
worst play one day brokenread,1
bad quality shuttle bottom part come one gameread,0
bad quality yonex mavis shuttle cork bad never got cork dont even get game bad cork cork box pulled togetherread,0
good oneread,1
bad qualityread,0
bad qualityread,0
goodread,1
excellence oneread,1
yonex mavis best shuttle shuttle flight mavis good love product read,1
best read,1
shuttle last day satisfactoryread,0
worst quality bad one two game head separated totally waste moneyread,0
quality goodread,0
excellent productread,1
good shuttle go itread,1
goodread,1
niceread,1
original shuttleread,1
fineread,1
good read,1
goodread,1
good dealread,1
good productread,1
good productread,1
quickly damaged wingsread,0
badread,0
good productread,1
goodread,1
shuttle quality worst usually mavis shuttle last day based play shuttle lasting one day worst boxesread,0
good qualityread,1
good beginnersread,1
nice delivery boy good behavior thanks flipkartread,1
product new quality excellent usualread,1
wonderful thank utpal daread,1
nice oneread,1
superread,1
good product read,1
nice productread,1
goodread,1
nice productread,1
goodread,1
niceread,1
goodread,1
poor qualityread,0
worst stock broken two gamesread,1
niceread,1
bad qualityread,0
nice shuttleread,1
poor quality dont buy againread,0
bad nylon shuttleonly one match life spanread,0
superread,1
best shuttle outdoor badmintonread,1
simply super read,1
worrestread,0
goodread,1
nice productread,1
product fast moving wastage moneyread,0
nice product read,1
quality poorread,1
good productread,1
good qualityread,1
badread,1
wonderfulread,1
goodread,1
worst productread,0
quality poorread,1
good one time deliveryread,1
supportread,1
nice productread,1
niceread,1
goodread,1
goodread,1
goodread,1
one sound workingread,1
original stuffelse know read,1
good productread,1
good productread,1
goodread,1
good productread,1
nice productread,1
quality product bad dont waste moneyread,0
goodread,1
goodread,1
expensive good quality dont buyread,0
goodread,1
good quality betterread,1
shuttle received fake literally broke within week usage every time took new shuttle box looked new broke within game two maxread,0
within one hour two shuttle got broken bottom buy onlineread,0
worst productread,0
good productread,1
goodread,1
niceread,1
good qualityread,1
product branded niceread,1
awesome product indoor outdoor also price high read,1
quality nice appreciateread,1
satisfiedread,1
bad productread,0
goodread,1
good productread,1
nice productread,1
goodread,1
awasomeread,1
really awesomeread,1
superread,1
goodread,1
good productread,1
shuttle working perfectlyread,1
niceread,1
gudread,1
super goodread,1
better intermediate nd biggnerread,1
goodread,1
good productread,1
fineread,1
super exalent iam happy thank youread,1
expected qualityread,1
bad qualityread,1
niceread,1
waste producthigh speed shuttle useful intermediate advanced playerslooting money substandard productsread,0
goodread,1
fabulous shuttlecock good medium playersread,1
worstread,0
goodread,1
order yonex mavis slow speed ball send low quality ball puy tha product really worst quality dont buy product pleaseread,0
wa goodread,1
superread,1
goodread,1
awsome product one shuttle wear gamesread,1
good quality productread,1
good qualityread,1
nice shuttlecocksread,1
goodread,1
old productread,1
goodread,1
good productread,1
bad read,0
orginal quality productread,1
good high priceread,1
best shuttlecock indoor outdoor badmintonread,1
goodread,1
worst qualityread,0
excellent productread,1
exlentread,1
goodread,1
superread,1
perfectread,1
good costlyread,1
good productread,1
goodread,1
goodread,1
good quality happy purchaseread,1
original bestgo without hesitationread,1
good product great experienceread,1
shuttle good read,1
tq flippy original barrelread,1
real yonexsatisfiedread,1
superread,1
best shuttle mavis company thanks flipcart service read,1
superread,1
goodread,1
bestread,1
awesomeread,1
awesome qualityread,1
goodread,1
goodread,1
nice read,1
awesome product indeed closest feather shuttleread,1
perfectread,1
nice product best quality beginner go itreally worth money spentread,1
perfectly geniune productthank sellerread,1
good productread,0
best classread,1
superread,1
greatread,1
goodread,1
niceread,1
goodread,1
goodread,1
goodread,1
worst qualityread,0
superb nodoubtread,1
term flight stability durability better consider nearly similar feather shuttle rsl otherwise mavis shuttle etc goodread,1
best shuttle price quality good good playread,1
gud quality superread,1
yonex always best practice job nicelyread,1
good productread,1
best quality read,1
nice qualityread,1
bad quality even stable one game read,0
shuttle used bedread,0
goodread,1
best pricebest shuttleplease offer price againso buy barrel againread,1
goodread,1
quality box goodread,0
seller sent duplicate productread,0
good quality genuine productread,1
nice best productread,1
quality goodread,1
goodread,1
nice productread,1
good product reasonable priceread,1
averageread,1
quality goodread,0
best one beginner intermediate playersread,1
amazingread,1
worst qualityread,0
go itread,1
goodread,1
good previewsread,1
awesomeread,1
good qualitylove itread,1
bad qualityread,0
bad goodread,1
superread,0
time favourite badmintonread,1
good read,1
goodread,0
nice productread,1
better shuttle beginner humid areasread,1
niceread,1
best regular playerdurable shuttle best daily usesread,1
good one price highread,1
quality expectedread,0
goodread,1
ok goodread,1
nice like tnq much flipkartread,1
nice shuttle pro well badminton playing beginner soo recommend buy shuttle worthy mean value money say read,1
good qualityread,1
goodread,1
googread,1
good indoor courtsread,1
compared one bought shop seems relatively bit slowread,1
good hard play durable playing raining best read,1
nice happyread,1
bad experienceread,0
goodread,1
good shuttleread,1
goodread,1
nice shuttleread,1
good quality shuttle worth itread,1
good okyread,1
goodread,1
great buy original shuttle delivered however box bit deformed received didnt return took rick open packaging found original yonex shuttlesread,1
excellent shuttle go guyzread,1
product good delivery lateread,1
product quality badbroken shuttle within match read,0
superb packing keep upread,1
good productread,1
goodread,1
worst productread,0
best product available market today costlyread,1
bad experienceread,0
super oneread,1
day use shuttle uselessi dought qualityread,0
good experience original shuttle delivery within daysread,1
best product must buyread,1
niceread,1
goodread,1
original shuttle delivered value money go itread,1
nice superread,1
good product thanks flipkartread,1
bad real productread,0
good quality productread,1
nice productread,1
bad qualityread,0
superread,1
superread,1
badread,1
badread,1
thank youread,1
niceread,1
durability isnt good read,1
unbelievable best shuttleread,1
good qualityread,1
original product worstread,0
goodread,1
disappointedread,0
niceread,1
goodread,1
go shuttle professionalread,1
mast qualityread,1
original productit awesomeread,1
niceread,1
fabulous productsread,1
goodread,1
good productread,1
nice product thanx flipkartread,1
product markread,1
nice picread,1
goodread,1
originalread,1
okread,1
good qualityread,1
goodread,1
niceread,1
waste productread,0
tqread,1
worst quality ever receivedread,0
goodread,1
good productread,1
quality poorread,0
worst product worst appread,0
good productread,1
goodread,1
value moneyread,1
superread,1
satisfiedread,1
amazing read,1
good productread,1
goodread,1
fineread,1
nice shuttle love read,1
nice productread,1
poor quality westage money shuttle broken two three gamesread,0
niceread,1
waste product good quickly damageread,0
niceread,0
goodread,1
good productread,1
superread,1
bad produtvery badread,0
goodread,1
durability goodread,1
beautiful attractiveread,1
okread,1
niceread,1
good itemread,1
good product read,1
niceread,1
fake product lasting even dayread,0
nice shuttleread,1
product good qualityread,1
good shuttle everyone playing shuttleread,1
good product supperread,1
super productread,1
excellent qualityread,1
bestread,1
bad haaread,0
excellent product deliveryread,1
goodread,1
long lasting otherread,1
poor quality shuttle dameged soon think old stockread,0
niceread,1
good oneread,1
goodread,1
googread,1
niceread,1
goodread,1
damaged productread,0
goodread,1
superbread,1
good qualityread,1
superbread,1
nice product read,1
good product value moneyread,1
good qualityread,1
bad quality shuttle gone weekread,0
perfect everyoneread,1
superb quality nice packingread,1
goodread,1
one best shuttle outdoor playread,1
thank super goodread,1
goodread,1
goodread,1
worst product shuttle damaged old materialread,0
bad product returnedread,0
bad brotactread,0
good productread,1
grade product read,0
quality goodread,1
badread,0
goodread,1
niceread,1
goodread,1
badread,0
nice packing fast deliveryread,0
nice quit expensiveread,1
bad qualityread,0
normal quality speed playingread,0
goodread,1
perfect bed itanagarread,1
good read,1
nowadays coming hardy hr playing onlyquality going rate going upneed search alternativeread,1
excellentread,1
goodread,1
good oneread,1
second quality read,0
good shuttleread,1
super quality read,1
trustedand satisfiedread,1
worst experience filpkartread,0
good productread,1
goodread,1
best every badminton playerread,1
goodread,1
superread,1
flower damagedread,0
goodread,1
loved ekdum original qualityread,1
goodread,1
thanks flipkartread,1
nice productread,1
good productread,1
goodread,1
product damageread,1
goodread,1
fabulousread,1
okayread,1
quality badread,0
superbread,1
low quality cork expect game go first game cork come feather part stay brqnd new cheap quality expectes yonexread,0
goodread,1
good qualityread,1
goodread,1
niceread,1
niceread,1
shuttle flying fast getting damaged gamesread,1
good quality shuttle even playing outdoorread,1
goodread,1
good read,1
good productread,1
goodread,1
goodread,1
niceread,1
good shuttlecock outdoor indoor love shuttleread,1
goodread,1
okread,1
item damagedread,0
item poor qualityread,1
quality good read,1
yonex goodread,1
goodread,1
good qualityread,1
awesome projection low life compared liningread,1
good qualityread,1
bad quality time shuttle ball broken single match without hitting shot usually ball last day heavy match per day totally disappointed waste moneyread,0
goodread,1
quality expected play st day cork brokenread,0
goodread,1
whole box shuttle lasted week nowadays manufacturing heavily affected due covid resource crunchthey increasing price quality degrading drasticallyread,0
thanks quality product sendingread,1
goodread,1
good read,1
received mavis shuttle boox satisfied due fast speed head side havy wight two three game flye goodread,1
goodread,1
good product read,1
reliable professional shuttleread,1
orginalread,0
supabread,1
excellent shuttle love itread,1
good outdoor cork weight balanced pretty good liferead,1
wao original one read,1
okread,1
good qualityread,1
goodread,1
best classread,1
nice product tq flipkartread,1
horribleread,1
product model good playread,0
time cork goodread,1
superread,1
quality bad cork spinning playingread,0
good product thank u flipkartread,1
great playingread,1
nice productread,1
excellentread,1
quality product poorread,1
bestread,1
nice read,1
good product fast deliveryread,1
good shuttleread,1
good useread,1
love osm qualityread,1
loved read,1
nice product price getting high duration getting reduceread,1
excellent durabilityread,1
quality nowadays badread,1
goodread,1
good payread,1
good productread,1
ok badread,1
nice high servicesread,1
ok good itread,1
expensiveread,0
superbread,1
goodread,1
go bestread,1
good qualityread,1
bad productread,0
goodread,1
worst shuttlesread,0
perfect one play orginal productread,1
last long enough poor qualityread,0
superread,1
one best shuttle ive playedread,1
fantasticread,1
goodread,1
good oneread,1
bestread,1
goodread,1
niceread,1
goodread,1
averageread,1
bad quality ball box worstread,0
nice productread,1
super compare product quality awesomeread,1
good qualityread,1
niceread,1
excellentread,1
im order product original received happy thanksread,1
niceread,1
niceread,1
niceread,1
goodread,1
original product long lastingread,1
super quality product tq flipkartread,1
superread,1
good goodread,1
good quality long liferead,1
goodread,1
happyread,1
goodread,1
good playread,1
goodread,1
goodread,1
best allread,1
niceread,1
genuineread,1
goodread,1
nice qualityread,1
goodread,1
goodread,1
goodread,1
superread,1
shuttle cork separated hoursread,0
best loved itread,1
good productread,1
originalread,1
excellent original product superb durableread,1
good pricingread,1
perfect quality perfect paking perfect delivery time expectedread,1
best beginnersread,1
worst qualityread,0
quality good last long like one bought locally brand modelread,0
vary nice productread,1
good shuttleread,1
nice product read,1
regular customer perfect alwaysread,1
good qualityread,1
badread,1
nice oneread,1
really originalread,1
product goodread,0
bad itemread,0
good impressedread,0
goodread,1
good quality time durableread,0
awesome read,1
best product worth moneyread,1
excellentread,1
nice productread,1
niceread,1
bad life tore easilyread,0
goodread,0
superread,1
good productread,1
mavis masivread,1
nice read,1
superbread,1
goodread,1
worth every pennyread,1
goodread,1
price toooo highread,1
original product ive playing yr defect found yetread,1
goodread,1
niceread,1
original productworth moneyread,1
bad productread,0
nice product delivered timeread,1
niceread,1
bad shuttlebroken fastread,0
nice helpful delay practice read,1
nice oneread,1
good itread,1
good enoughread,1
niceread,1
good product seller cooperation wonderful read,1
goodread,1
doesnt stay slow day game writes slow doesnt stand chanceread,1
bad product bottom side quality badfake product didnt expect yonex flipkartread,0
excellent productread,1
original good qualityread,1
superbread,1
nice productread,1
superread,1
yonex std quality alwaysread,1
good nice quality read,1
excellentread,1
nice productread,1
outstanding shuttle osmm experience playingread,1
worst product shuttle break corkread,0
even better cork stronger hence durable shuttle better detaches easily cork less durableread,1
time keep upread,1
excellentread,1
goodread,1
niceread,1
thanks lot quick delivery nice experienceread,1
niceread,1
really niceread,1
box one box good base coming one game min gameit happens shuttle se boxread,0
goodread,1
awesomeread,1
quality rate good else required thatread,1
awesome productsbut problem priceread,1
good product price highread,1
fineread,1
time quality best read,1
perfectread,1
goodread,1
product vey much bad price dosnt match quality bad productread,0
good product using mavis compare shuttle weakplaying arround min upper material got damagedread,1
good shuttleread,1
quality goodread,0
super hitread,1
got bad quality one read,1
greatread,1
good productread,1
niceread,1
nycread,0
game new shuttle shuttle swinging irregularlyread,1
worst quality shuttle shaking playing bad qualityread,0
best market durability lessread,1
worst recent timeswe played new ball todaytwo ball bottom tape gone within hoursi attach imagethe last two delivery worstwe intermediate player playing doublesa single ball stand atleast two day last two delivery whole ball damaged within daysread,0
good qualityread,1
quality product good speed highread,1
niceread,1
good productread,1
shuttle bottom got broken waste moneyread,0
niceread,1
good product value moneyread,1
good per priceread,0
niceread,1
good long lastingread,1
worst productit last two day corkread,0
badread,0
got defective got replaced good playread,1
poor quality byingread,0
goodread,1
best read,1
worst qualityread,0
nice shuttle beginner intermediate player good practiceread,1
product goodread,0
good qualityread,1
bestread,1
quality bad didnt lasted even monthread,0
nice productread,1
quality poorread,0
good productread,1
bad productread,0
much costlier winter seasonread,1
amazing shuttlesread,1
goodread,1
niceread,1
awesome price highread,1
costlyhardly last dayread,1
excellentread,1
badshuttle broke gameread,0
goodread,1
good shuttlecockread,1
wonderful jobread,1
good productread,1
good productread,1
good read,1
dont buy worst purchase ever cant play one game shuttleread,0
shuttlecock nice long durability value moneyread,1
goodread,1
best shuttle indoor gamesread,1
quality poorread,0
goodread,1
good product without confusionread,1
good qualityread,1
quality product badread,0
bad qualityread,1
wonderful product read,1
goodread,1
good productread,1
nice product fast deliveryread,1
bad quality shuttle torn mesh within gamesread,0
originalread,1
genuine product performed expectedread,1
full mostiread,1
nice oneread,1
superread,1
received original product awesomeread,1
goodread,1
goodread,1
originalread,1
base shuttle low qualityread,0
quality goodread,0
bad colourread,0
good qualityread,1
expected yonex sale default shuttlesread,0
orginal item goodread,1
good product one shuttle play minimum ten gsmesread,1
bestread,1
really bad experience poor quality dont go itread,0
super shuttleread,1
awesomeread,1
supportread,1
best shuttleread,1
bad quality high price acceptable range read,1
perfectread,1
nice productread,1
good productread,1
shuttle bad breaking easily gamesread,0
quality product purchased online poor compared offline storesread,0
cork slowread,1
durableread,1
long last nylon shuttleread,1
goodread,1
good read,1
excellentread,1
genuine product used one luckilyread,1
goodread,1
good jobread,1
bad qualityread,1
niceread,1
goodread,1
thanks delivery timeread,1
goodread,1
goodread,1
niceread,1
niceread,1
great stuffread,1
nice tqread,1
long lastingread,1
good product price highread,1
excellentread,1
niceread,1
goodread,1
niceread,1
niceread,1
original yonex shuttle decent price compared market durability much would hardly last match max flight path predictable good option durable comparison feather shuttleread,1
mind blowingread,1
didnt last long normaly one shuttle good day one work day every time shuttle got destroyed always got broke part onlyread,1
goodread,1
good one like itread,1
nice productsread,1
got original productread,1
little slow normal shuttleread,1
well brandread,1
nice productread,1
fourth order recieved rupee shuttlesread,1
goodread,1
good qualityread,1
good productread,1
good productread,1
got broken soonread,0
good quality read,1
good quality delivered time read,1
good productread,1
unlike earlier purchase even lasting day read,0
low quality dont buy onlineread,0
look genuine great qualityread,1
good productread,1
quality poorread,0
goodread,0
superbread,1
goodread,1
good product delivery lateread,1
original product buy hesitationread,1
nice good quality servicethanks flipkart teamread,1
super read,1
goodread,1
fineread,1
goodread,1
bad product waste moneydont buy productread,0
nice product delivered day super super super read,1
superread,1
good slow moveread,1
superread,1
good boyread,1
niceread,1
good qualityread,1
original product liked itread,1
durability poor compare beforeread,1
goodread,1
easy playread,1
niceread,1
good product original yonexread,1
goodread,1
usual good one yonexread,1
bestread,1
nice shuttle reasonable price flight doesnt alter much even game far better purchased local storesread,1
excellentread,1
best shuttle practiceread,1
marvellous productread,1
good oneread,1
quality goodread,0
superread,1
goodread,1
goodread,1
awesome product read,1
niceread,1
poor qualityread,0
product quantity badread,0
goodread,1
nice productread,1
goodread,1
niceread,1
bestread,1
goodread,0
good ququalityread,0
superread,1
genuine product thank flipkartread,1
im intermediate player shuttle easily last game without problem used casual outdoor gamesread,1
bestread,1
badread,1
great seller replacement delivery daysread,1
good qualityread,1
nice qualityread,1
goodread,1
instead mavis got mavis ithat product also duplicate quite frustrated please dont buy productread,0
averageread,0
best qualityread,1
niceread,1
amazing priceread,1
product pacaging good thank flipkartread,1
awesomeread,1
goodread,1
badread,1
excellentread,1
must buy value moneyread,1
valuableread,1
superread,1
iam order cockes quality good speed slow bad productread,0
good oneread,1
good bottom corck damage early ply sticky believe yonex good productread,1
good goodread,1
good qualityread,1
worthyread,1
product goodread,1
good productread,1
nice packing good qualityread,1
okread,1
nice productread,1
goodread,1
best badminton shuttle nothing better product little expensive best read,1
price product highread,1
superbread,1
goodread,1
speed shuttle per standard yonex mavis read,0
good qualityread,1
goodread,1
good definetely go read,1
goodread,0
good productawesome delivery nice durability highly recommended read,1
shuttle worstread,1
excellentread,1
bestread,1
badread,1
goodread,1
goodread,1
niceread,1
godread,1
excellentread,1
perfectread,1
goodread,1
dont think mavis quality badread,0
good qualityread,1
excellent productread,1
quality goodread,0
goodread,1
worst qualityread,0
ok okread,1
good one little quality requiredread,1
goodread,1
perfect playread,1
tq okread,1
genuine productread,1
excellent balanceread,1
expensiveread,0
niceread,1
gud playread,1
value money buy read,1
verygood product really impressedread,1
superb corckread,1
goodread,1
goodread,1
play hour daily none lasted whole day poor quality read,0
superread,1
use always thissuperread,1
nice read,1
bad goodaverage product read,1
niceread,1
god productread,1
quality product good quite genuine productread,1
gooddurableread,1
one better yonex mavisread,1
using mavis since year would given star star condition barrel received however shuttle good condition nylondelivery good received item within three daysread,1
bad packing shuttle complicatedread,1
goodread,1
original made japanread,1
best beginner professionalread,1
nice productread,1
super productread,1
massiveread,1
niceread,1
superread,1
go without second thoughtsread,1
original yonex mavis useless cork look branding yonex mavis wont last gamesread,0
goodread,1
excellentread,1
need mention anything always bestread,1
excellent qualityread,1
super quality mind blowingread,1
good shuttlesread,1
shuttle niceread,1
excellentread,1
awesome must buyread,1
godread,1
good quality read,1
goodread,1
best productread,1
goodread,1
nd purchase product good shuttle compared othersi dont know mavis bought flipkart sturdy nylon skirt get ripped cork doesnt get loose came single shuttle good use ripped shuttle warm upread,1
good productread,1
high durability long lastingread,1
long life good qualityread,1
good quality genuine productread,1
suparread,1
supperread,1
nic oneread,1
goodread,1
product good worth every pennyread,1
goodread,1
player goodread,1
super qulittread,1
niceread,1
goodread,1
niceread,1
good company brandread,1
value moneyread,1
shuttle good perfect badminton playersread,1
nice itemread,1
good playing shuttleread,1
goodread,1
superb outdoor nice qualityread,1
niceread,1
value moneyread,1
nice shuttle speedread,1
good durability also goodread,1
goodread,1
goodread,1
excellent shuttle outdoor use last daysread,1
goodread,1
goodread,1
goodread,1
good productread,1
good productread,1
original awesome love flipkartread,1
gudread,1
good expensive try itread,1
niceread,1
first time damage product next time give good productread,1
great productread,1
awesome read,1
worth money good oneread,1
veery good prductread,1
perfect indoor gamesread,1
good quality provided flipkartread,1
good productread,1
good productread,1
goodread,1
excellentread,1
shuttlecock quality much betterread,1
shuttle areread,0
perfect intermediate level playingread,1
good product yonex good service flipkartread,1
good really appreciateread,1
excellent shuttleread,1
nice oneread,1
worthyread,1
happyread,1
kollam superread,1
genuine productthanks flipkartread,1
good productread,1
time good soread,0
worth even single starread,0
fine oneread,1
goodread,1
poor qualityread,0
quality good playing one two game bottom came shuttleread,0
goodread,1
quality goodread,0
good original productread,1
good qualityread,1
excellentread,1
goodread,1
bad product read,0
niceread,1
one like yonexread,1
good build qualityread,1
goodread,1
niceread,1
original one made yonex companylook completely original product difficult differentiate original productbut play thisyou feel difference original onenot lasting like originalgood beginnersread,1
gd productread,1
niceread,1
nice productread,1
supebread,1
good read,1
excellentread,1
superread,1
cheap quality didnt least fir one gameread,1
product bad totally changedread,0
niceread,1
good itemread,1
superread,1
nice product u go packing good overall genuine product worth moneyread,1
old productread,1
worth costread,1
goodread,1
best mid range daily useread,1
goodread,1
nice productread,1
nice productread,1
see getting mavis market quite confused one originality transportation charge exceeds budget flipkart made u comfortable providing highly original product good packing timy deliveryread,1
excellentread,1
goodread,1
better qualityread,1
good quality shuttle delivery also fastread,1
original shuttle read,1
goodread,1
poor responsed flipkartread,1
fantasticread,1
disappoinment flipkarti ordered set mavis shuttle shuttle poor quality shuttle gamever disappoinmentread,0
nuber one qualittyread,1
superread,1
goodread,1
value moneyread,1
original product love itread,1
good see described brand seller spot onideal beginner amateur playersread,1
good oneread,1
superstrongread,1
price muchbut cant compare otherread,1
gdread,1
good productread,1
quality goodread,0
goodread,1
worth buyread,1
goodread,1
superb quality thanks alot deliver guyread,1
ok okread,1
genuine original product seller mavis slow suited indian atmospheric condition per personal opinionread,1
good service fast deliveryread,1
superread,1
niceread,1
niceread,1
goodread,1
niceread,1
excellentread,1
good qualityread,1
nice itemread,1
goodread,1
product good good smash good dropread,1
great product highly recommended practiceread,1
price higher qualityread,1
goodread,1
nice oneread,1
good qualityread,1
good qualityread,1
goodread,1
nice productread,1
good productread,1
goodread,1
goodread,1
good playread,1
genuine best qualityread,1
superread,1
good itemsread,1
goodread,1
waste moneyread,0
overall product good except durability last day heavy matchin price range durability increased according opinionread,1
superread,1
nice productread,1
goodread,1
playing badminton year never use shuttle shuttle fabulous vread,1
goodread,1
shuttle genuine easily go itread,1
best hairead,1
fantastic read,1
niceread,1
okread,1
superread,1
cheapest originalread,1
two piece got damaged single matchtotally waste money read,0
okayread,1
good long lasting flight shuttlecock id goodread,1
poor qualityread,0
nice flowerread,1
goodread,1
quick delivery genuine productread,1
ball quite good dont buy bought box three goodread,0
wastread,0
nice productread,1
loved itread,1
goodread,1
enjoyed playing itread,1
good productread,1
yonex mavis nylon shuttle best quality read,1
excellentread,1
best product price one cork last upto match u play prpoerlyread,1
superb nice productsread,1
original productread,1
goodread,1
nice mavisread,1
goodread,1
super productread,1
goodread,1
greatread,1
good quality long life hard get simalar shuttleread,1
quickly gone use new shuttle everyday roughfly gamesread,1
good productread,1
best market durable good pathread,1
nice long lasting shuttle recommendedread,1
classy game feel strung sound wile hitting corkzzz thats really awesomeread,1
settle mavis given good got quickly according thank muchread,1
goodread,1
genuine product fk delivery super fastread,1
goodread,1
niceread,1
goodread,1
good oneread,1
thank youread,1
thank much sir solving problemread,1
superread,1
last two time delivered cork original quality time low quality disappointedread,0
goodread,1
nice read,1
normalread,1
goodread,1
need tube moreread,1
recieved bad quality product usually shuttle last day entire box lasted less week better buy shopsread,0
far good update review monthread,1
must buyread,1
nice shuttle long run game good door wellread,1
best shuttleusing shuttle past year recommend trying many shuttle found best one long lasting durableread,1
goodread,1
excellent flight perfect daily practiceread,1
goodread,1
good productread,1
ok goodread,1
excellentread,1
good shuttle fast delivery flipkartread,1
shuttle poor quality getting damaged sooni doubt duplicateread,1
superb shuttleread,1
niceread,1
everything fine shuttlecock except durabilityread,1
wowfantasticthanks flipkartread,1
vvvv goodread,1
super qualityread,1
didnt expected quality product quality shuttle similar rupee shuttle even didnt refunded money wastage moneyread,0
quality durability lownot even match withstood compared guess provided old stock problem new stock whch old stockread,0
nice shuttleread,1
goodread,1
item describedread,1
goodread,1
satisfiedread,1
good productread,1
good qualityread,1
awesomeread,1
goodread,1
good read,1
okread,1
best shuttle go read,1
nice productread,1
awesome purchaseread,1
nice product totally slowread,1
good productread,1
niceread,1
goodread,1
shuttle way faster within knock overall seems better sure authenticity shuttle price could little lesserread,1
fantastickread,1
supperread,1
got real item chance replacementread,1
price highread,0
corck need better lot small holesread,1
goodread,1
good qualityread,1
wery good productread,1
super itemread,1
good product quality read,1
durable one shuttle last week since im intermediate last long usualread,1
good durable shuttleread,1
super good qulityread,1
goodread,1
absolutely amazing product great beginner one shuttle almost last daysread,1
nice productsread,1
superb product flipkartread,1
superread,1
waooooovery nicereally like read,1
okayread,1
nice expectedread,1
good qualityread,1
terrible experience shuttle even lasted straight gamesread,0
worth money buy online outside may costly read,1
niceread,1
worst quality ever buy dancing flyingvery disappointedread,0
nice productread,1
price terribly highread,1
superb nice onevalue moneyread,1
nothing say itbt doubt original yonex bcz coke life shortread,1
nice productread,1
goodread,1
good productread,1
nice shuttle advance player thanks flipkartread,1
low qualityread,0
nice expected productread,1
goodread,1
geniuen product buy thanks flipkart yonexread,1
goodread,1
thanku flipkartread,1
niceread,1
good qualityread,1
superread,1
good oneread,1
go itread,1
trustworthy sellerread,1
excellentread,1
good qualityread,1
thank flipkartread,1
goodread,1
product aspected greatread,1
mavis beat option shuttle level playersread,1
good productread,1
awesomemust buyread,1
good productread,1
excellentread,0
good product discounted price got read,1
simply awesomeread,1
gudread,1
good productread,1
nice product price highread,1
niceread,1
perfectread,1
excellentread,1
superread,1
amazing cocread,1
nice workread,1
niceread,1
niceread,1
good product bought shopsread,1
goodread,1
nice product delivered ontimeread,1
time good deliveryread,1
price highread,1
nice oneread,1
por qualityread,0
good quality shuttle good begineer intermediate player one shuttle last day matter extreme play net without net local styleread,1
useless shuttle cant play one single game one shuttle recommend waste money westeless shuttle never buy price high quality lowread,0
copy productread,0
good productread,1
goodread,1
niceread,1
brand good know packet good worse quality givenread,0
price highread,1
price highread,1
greatread,1
good read,0
super read,1
really niceread,1
good productread,1
niceread,1
original qualityread,1
awesomeread,1
product goodread,1
best bigineersread,1
nice read,1
longlasting unlike shuttleread,1
nice productread,1
shuttle broken within one day worst productread,0
excellentread,1
mavis best shuttle ive ever played withread,1
fabulous product everread,1
nice product read,1
nice productread,1
good qualityread,0
kudos delivery quick well packaged product greatread,1
goodread,1
good productread,1
nice productread,1
perfect playread,1
excellent shuttle alwaysread,1
nice original genuine product supplied flipkartread,1
bad qualityread,0
good shuttleread,1
value moneyread,1
good orginal product thanks flipkartread,1
quality nice greatread,1
satisfactory onlyread,1
goodread,1
nice shuttle team played well using negative point outdoors shuttle lose stabilityread,1
good fast delivery superread,1
good arn link retailer product googread,1
worth moneyread,1
best shuttlesread,1
perfect shuttle indoor last long good qualityread,1
nice productread,1
niceread,1
goodread,0
nice shuttlesread,1
original good qualityread,1
nice productread,1
superbread,1
delightedread,1
fast deliveryand good quality shuttlesread,1
nice productread,1
niceread,1
goodread,1
nice product good quality price little highread,1
shuttle okread,0
disappointed one shuttle proper rest swingingread,0
okread,0
good quality shuttesread,1
badread,0
originalread,1
niceread,1
nice superread,1
best quality product thanks flipkartread,1
goodread,1
originalread,1
lasting smash read,1
niceread,1
poor productread,0
high price compare product better buy similar product lining lower priceread,1
good qualityread,1
genuine productread,1
awesome read,1
fast devery thanks flipkartread,1
supperread,1
goodread,1
quality good price high excellent quality reliable tooread,1
goodread,1
niceread,1
wowread,1
nice real shuttle yonexread,1
goodread,1
rely tq flpcartread,1
originalread,1
got original cheaper local marketread,1
super quality productread,1
ok good productread,1
goodread,1
excellentread,1
sooperread,1
amazing offer genuine productsread,1
better brand segmentread,1
good quality thanks flipkartread,1
super product love itread,1
good itemsread,1
excellentmaread,1
fastest ever delivery ever recieved ordered yesterday received today thanks flipkart genuine productread,1
shuttle give nice controlread,1
nice productread,1
goodread,1
niceread,1
goodread,1
actually previous shuttle goodbut time bottom damaged fastread,1
value moneyread,1
awesome productread,1
goodread,1
superread,1
good product reasonable priceread,1
superread,1
cork bad qualityread,1
excellent purchase job perfectly problem felt flying speed little less compared mavis shuttle purchased side ilread,1
looking second qualityread,0
nice shuttlesread,1
good quality satisfied paidread,1
using product racquet broken fastread,1
goodread,1
nice productread,1
reached time goodread,1
averageread,1
goodread,1
worth money nice productread,1
niceread,1
satisfiedread,1
good productread,1
product lower quality compare previous lock productread,1
awesome productbest qualityread,1
delivered fast product high qualityread,1
good one recievedread,1
good product price highread,1
worth priceread,1
nice productread,1
super super niceread,1
product bit costly regular shuttle new sport didnt clear idea whether itll last longer experiment assure best quality get price point go whole box last month regular playerread,1
nice durableread,1
original producti love itread,1
goodread,1
okread,1
okayread,1
fantasticread,1
goodread,1
shttles good quality doesnt look authentic local market shuttle much better durableread,1
goodread,1
original product intermediate good youread,1
super good playingread,1
excellentoriginal qualityfast delivery even situationtq fkmlipcartread,1
worthread,1
good productread,1
nice durableread,1
good qualityread,1
goodread,1
gud shuttle read,1
good qualityread,1
pandemic time product yonex mavis easy find sport store demand single piece please buy product got price quality good go itread,1
great product read,1
thanks flipcartread,1
goodread,1
value moneyread,1
good qualtyread,1
goodread,1
goodread,1
awesomeread,1
original product yonexread,1
goodread,1
nice quality brilliant good conditionread,1
goodread,1
good productread,1
nice productread,1
wowread,1
good delivery service product also awesomeread,1
niceread,1
bestread,1
good productread,1
shuttle good two waste moneyread,1
yah bad better shuttle player r beginner extraordinary playersread,1
checked code yonex sunrise indiafound product genuine quick decent delivery serviceread,1
nice shuttle mavis good shuttle little costly problem better mavis worthyread,1
goodread,1
goodread,1
product good price worthyread,1
good professional productread,1
goodread,1
niceread,1
super shuttleread,1
good quality like purchased sport centerread,1
jst awesomeread,1
supperread,1
super productread,1
nice productread,1
super durable shotsread,1
good productread,1
good productread,1
soon brokenread,1
get timeread,0
fast delivery corona pandemic something unbelievableread,1
goodread,1
product goodread,1
goodread,1
good original yonex shuttleread,1
goodread,1
nice product fast deliveryread,1
nicread,1
good onesread,1
superread,1
niceread,1
best nylon shuttle outdoor indoorread,1
normal item qualityread,1
good productread,1
perfect day usage oneworth purchase read,1
goodread,1
nice durableread,1
worth product value moneyread,1
quality goodread,1
perfectly pure qualityread,1
go itread,1
nice pack go value money thnks flipkartread,1
fast delivery best qualityread,0
thank flipkart quality product standard deliveryread,1
quality doesnt missed anywhereread,1
good productread,1
thisbis good product price much price read,1
classic chumma chiseledread,1
excellent productread,1
good productread,1
niceread,1
quality goodread,1
goodread,1
product bad quality good expected earlier bought product used shuttle week product sure got damaged day please check needful asapread,0
goodread,1
quality product good cork broken within one hoursread,1
goodread,1
goodread,1
niceread,1
niceread,1
shuttlecock compete one term flight durability exactness well balancedread,1
good productread,1
firstly yonex best company badminton shuttle better yonex read,1
goodread,1
good productthank flipkartread,1
unbeatableread,1
timed delivery satisfyingread,1
niceread,1
price would around betterread,1
niceread,1
satisfiedread,1
ok fineread,1
good term durabilityread,1
good qualityread,1
nice shuttle played game far without baby damage shuttle last another gamesread,1
nice productread,1
well satisfiedi greatful flipkarthope future order also deliver right goodsthankuread,1
good qualityread,1
goodread,1
original product going waste money feel free buy read,1
superread,1
best seeread,1
shuttle missingread,0
nice productsread,1
good productread,1
quality excellentread,1
perfectread,1
nyc productread,1
nothing much tellalways best product badminton read,0
goodread,1
product good qualityread,1
nice productread,1
quality shuttle wasnt upto mark also started deteriorating match onlyread,1
awesomeread,1
goodread,1
orgread,1
niceread,1
happy good product yonex mavis nylon shuttleread,1
coolread,1
greatread,1
satisfiedread,1
niceread,1
good shuttle defensive play better intermediate playersbeginner mavis bestread,1
niceread,1
although genuine product durability lessread,1
nice product durableread,1
nice product delivery delayread,1
genuine product read,1
waste product suggest people bay flipkartread,0
used productsread,0
durability good expected usually last daysread,1
good best productread,1
goodread,1
worst experience purchaseread,0
goodread,1
long lastingread,1
superread,1
good qualityread,1
supperread,1
nice productread,1
awesomeread,1
good product price higher sideread,1
goodread,1
good one problem daysread,1
nice qualityread,1
superread,1
best durability little slow similar flight feather shuttle tournament graderead,1
usual awesome best among shuttle brandsread,1
supperbread,1
excellent productread,1
niceread,1
awsmread,1
niceread,1
great qualityread,1
goodread,1
nice productsafe deliveryread,1
excellent productread,1
goodread,1
goodread,1
okread,1
nice oneread,1
quality goodread,1
original product got happy deliveryread,1
good service also nice read,1
generally base broke shuttleread,1
goodread,1
original shuttle great experienceread,1
item good qualityread,1
goodread,1
good oneread,1
nice read,1
goodread,1
fineread,1
excellentread,1
excellentread,1
original product good qualityread,1
shuttle good u play normally last week since mostly smash usually serious play lasting day would say go itread,1
nice service fast delivery appropriate item like line storesread,1
good read,1
inside shuttle local brand abysmal qualityread,0
goodread,1
must buyread,1
thanks niceread,1
superread,1
best shuttlecock playing indoor well use outdoor gamingread,1
good productread,1
goodread,1
good productread,1
best qualityread,1
great dealread,1
got genuine yonex productread,1
good quality expectedread,1
goodread,1
nice product advance deliveryread,1
superread,1
superread,1
good qualityread,1
super shuttlevery strong slowread,1
goodread,1
lovedread,1
niceread,1
grt butprice increasing day day read,1
excellent product worth moneyread,1
go good qualityread,1
good quality read,1
good qualityread,1
good bt price somewhat market priceread,1
niceread,1
good read,1
nice oneread,1
super product plastic seal brokenread,1
good quality product price increased little bitread,1
great qualityread,1
yonex coack good badmintonread,1
goodread,1
mavis good productread,1
niceread,1
lil bit costly durableread,1
goodread,1
shuttle damaged otherwise okayread,1
powerread,0
best shuttleread,1
avarageread,1
best productread,1
nice oneread,1
superbbbbbread,1
goodread,1
soo badread,0
goodread,1
original awesomeread,1
nice productread,1
goodread,1
bestbest qualityread,1
good qualityread,1
good productread,1
good quality rate little higherread,1
durableread,1
nice productread,1
much costread,1
good product best qualityread,1
always bestread,1
good quality shuttle indoor play go itread,1
good must buy read,1
product niceread,1
goodread,1
must buyread,1
shuttle box crushed badread,0
good product love itread,1
good oneread,1
super qualityread,1
goodread,1
good price lowerread,1
niceread,1
nice shuttle good balancing shuttleread,1
best product beginner playing outsideread,1
genuineread,1
slow worstread,0
goodread,1
good productread,1
product good cap wasnt good long lasting shuttleread,1
fireread,1
super fast delivery un expectedread,1
superread,1
excellent playread,1
ultimate shuttleread,1
superread,1
genuine good productread,1
nice oneread,1
good product nd good pack thank flipkartread,1
super productread,1
less durable piece gone three daysread,1
bad product corcks ccracked onesread,0
original shuttle niceread,1
niceread,1
good qualityread,1
quality poooooorread,1
overall good product however found one shuttle mark revolving like bullet waste money sure vendor selling genuine product allread,1
nice gm niceread,1
goodread,1
super productread,1
nice mark quality durabilityread,1
goodread,1
gooodread,1
nice shuttleread,1
best consistent shuttle cork regular player original product delivered shuttle used junior tournament across worldread,1
superread,1
genuine purchaseread,1
shuttle green fast enjoying game little push lift shuttle going outread,0
absolutely originalread,1
veryread,1
genuine productread,1
good quality originalread,1
good qualityread,1
really good quality shuttlesread,1
goodread,1
supebread,1
bad productread,0
good productread,1
outstandingread,1
goodread,1
good qualityread,1
indie best plastic shuttle every player like lockdown price highread,1
goodread,1
superread,1
dont buy putting adrenex shuttle inside return policyread,0
base shuttle good damagedread,0
superread,1
damagedread,1
nceread,1
excellent productread,1
worst experienceread,0
quality goodread,0
happy usebut give discountread,1
average quality productread,1
good shuttleread,1
original product thanksread,1
time around quality low pack didnt last hour probably nd quality nobody pay market price nd qualityread,1
service good lateread,1
good prread,1
quality much difference buy shop flipkartread,0
product quality good price bit highread,1
overall good small hole cork may caused insectsread,1
waste product dont buy product every cork properly fixedread,0
good original shuttleread,1
good okread,0
good qualityread,1
superread,1
fantastic original yonex hologram package fantasticread,1
costly original shuttle rotating badlyread,0
originalread,1
nice shuttleread,1
good onegot timethanks flipkartread,1
niceread,1
product good price isread,1
excellent condition shuttlecock timely delivery genuine product quality assured flipcartread,1
durableread,1
good productread,1
goodread,1
niceread,1
worst recieved damaged product waste moneyread,0
suitable indoor badminton standard player hated iam interest buy product againread,0
good product doubt originalread,1
good productread,1
received genuine yonex mavis verified scratch coderead,1
perfect shuttleread,1
look good durability worstread,1
shuttle box quite good long lastingread,1
goodread,1
checked piece got original thank sellerread,1
got defected piecesread,0
okread,1
good oneread,1
nice product read,1
good qualityread,1
goodread,1
good costlyread,1
good one dont bayread,0
good always getting expensive every purchase read,1
received package good condition shuttle goodread,0
flipkart assured really goodread,1
average ratingread,1
gud qualityread,1
wonderful shuttle play indoor outdoor alsoread,1
good qualytiread,1
much costlyread,1
cheaf qualityread,1
superbread,1
good prdt got read,1
niceread,1
expectedread,1
used order many time time quality goodread,1
rate highread,1
nice product everybody buyread,1
good productread,1
superbread,1
good qualityread,1
good gameread,1
goodread,1
goodread,0
goodread,1
goodread,1
good product genuine read,1
looseread,0
niceread,1
niceread,1
shuttle really good friend playing hitting hard smash everyday shuttle life week buy itread,1
product quality nice delivery delay absolutely disgustingread,1
goodread,1
nice flipkart read,1
totally waste money poor quality shuttle slow moving cant even play single game one shuttleread,0
best productread,1
goodread,1
storeread,1
worth money good qualityread,1
durability superread,1
good original speed qualityread,1
goodread,1
good quality reasonable price fast deliveryread,1
goodread,1
liked muchread,1
super rate highread,1
nice productread,1
good sooperread,1
great productread,1
nice productread,1
bad qualityread,0
worth money always flipkart familythank uread,1
badread,1
okread,1
original quality one shuttle last atleast set intermediate levelread,1
bad qualityshuttle life badread,0
bad qualityread,0
best beginnersread,1
ive delivered original sealedthey awesomeread,1
one six speed others suit indoorread,1
good qualityread,1
poor qualityread,1
good qwalityread,1
good quality genuine product yonex read,1
good came excellent packagingread,1
goodread,1
good productread,1
goodread,1
nice productread,1
nice product slow deliveredread,1
niceread,1
great shuttle practice lasting set heavy playread,1
good read,1
good oneread,1
original shuttle timely deliveryread,1
superbread,1
best king king shuttlecockread,1
bad quality suggested low level playersread,0
product delivered good within timethank flipcartread,1
felt authenticread,1
brand remain awesome delivery scheduleread,1
poor quality shuttle head come easilyhopeless product disappointingread,0
amazing genuine product best pricego ahead without thoughtread,1
goodread,1
nice product nd nce deliveryread,1
nycread,1
playing going like rocket speed ground speed cork highread,0
almost sameread,1
goodread,1
good quality value moneyread,1
superread,1
niceread,1
goodread,1
goodread,1
superread,1
goodread,1
shuttle good condition even one game shuttle start wobble doesnt feel like mavis feel like cheap knockoff yonexread,0
good qualityread,1
quality bad tho time shuttle became useless hourvery bad shuttle separated never expected flipkartread,0
excellent quality shuttleread,1
goodread,1
product packing goodread,1
shuttle unbalanced flightrest goodread,1
shuttle good easily get worn gamesread,1
goodread,1
good original onescan understand higher price due current demand price still less compared retail outlet cityread,1
worst shuttle started wobbling first game buyread,0
awesomeread,1
amazing product fully satisfied love flipkart marry meread,1
slow shuttle old material kidsread,0
good shuttle outdoor long lastingread,1
goodread,1
super qualityread,1
niceread,1
superb fresh articleread,1
really good product yes really nylon shuttleread,1
original oneread,1
goodread,1
fast delivery thankqread,1
received good quality productread,1
niceread,1
goodread,0
goodread,1
good productread,1
niceread,1
good qualityread,1
good productread,1
great experience product worthyread,1
superread,1
good productread,1
niceread,1
nice withstands long compared mavis mavis anyone choose one long durabilityread,1
niceread,1
goodread,1
shuttle defectiveread,0
delivery boy good workread,1
original sureread,1
good qualityread,0
good shuttleread,1
excellentread,1
good packing quick delivery flipkart drawback price highread,1
goodread,1
goodread,1
original mavis shuttle nice packing quick deliveryread,1
nice completely genuine read,1
superb quality super fast deliveryread,1
prompt delivery product goodread,1
nice productread,1
good qltyread,1
bad shuttle bad qualityit kid onlyread,0
good one reached timeread,1
thank timely delivered item good conditionsread,1
like seller given best priceread,1
good fast serviceread,1
excellent productread,1
good productread,1
vry nice product lov itread,1
badread,0
goodread,1
goodread,1
super greatread,1
nice productread,1
goodread,1
goodread,1
shuttle slowread,1
nice durable shuttle come acrossread,1
good oneread,1
niceread,1
product original packing good yonex shuttle become expensiveread,1
worst product receiveddamaged one game received horrible oneread,0
nice slowread,1
value money importantly originalread,1
awwssmmread,1
bad qualityit look like brandedread,0
goodread,1
good quality shuttle quick delivery flipkart delivery boyread,1
good qualityread,1
bad quality productread,0
second box received long lasting getting r rangejust check mfg date purchasingnot sure qualitydurability original one better receivedread,1
local brand shuttle got damaged two day piecesread,0
bad qualityread,1
good productread,1
delivered time good packingread,1
fast explosion read,1
amazing product flipkart read,1
shuttle stain shuttle headread,1
supwrread,1
nice shuttleread,0
superread,1
excellent performanceread,1
good qualityread,1
low qualityread,0
niceread,1
good mavis read,1
averageread,1
simply superread,1
goodread,1
good product original shuttleread,1
worstread,0
original produt im getting good price compared offline storesread,1
superbread,1
okread,1
excellentread,1
goodread,1
goodread,1
superread,1
goodread,1
best shuttle outdoor badmintonread,1
goodread,1
goodread,1
recieved original productread,1
nice productread,1
deliever fastread,1
go buy nearest store good breaking quickly bad flight patternread,1
goodread,1
excellent productsread,1
product attractive amazingread,1
goodread,1
superread,1
nice oneread,1
niceread,1
nice productread,1
amazing read,1
shuttle slow compared white mavis read,0
goodread,1
bad qualityread,0
okread,1
best shuttlecock best priceread,1
niceread,1
okread,1
original product want many please maintain qualityread,1
gdproductread,1
nice workread,1
goodread,1
goodread,1
excellentread,1
goodread,1
niceread,1
superread,1
product delivered good conditionread,1
goodread,0
awesome product read,1
genuineread,1
assumeread,1
greatread,1
superread,1
niceread,1
goodread,1
thanks flipkartread,1
see quality good price become high gave starread,0
okread,1
super productread,1
happyread,1
damage pieceread,0
get right boxread,1
goodread,1
niceread,1
quality perfect mentionedread,1
original productread,1
goodread,1
niceread,1
goodread,1
superbread,1
good productread,1
excellentread,1
best qualityread,1
nice shuttlesread,1
good product read,1
goodread,1
really good thanksread,1
good fresh shuttleread,1
price toooo highread,1
goodread,1
didnt last expected cork good quality came nylon featherread,1
good productread,1
durble shuttleread,1
better buy reliable sport shop read,1
good qualityread,1
superread,1
love shuttle really good durableread,1
goodread,0
goodread,1
nice plz maintain price thankyouread,1
good item received happy thatread,1
thanksread,1
good qualityread,1
best shuttle read,1
niceread,1
shuttle quality good packing goodread,1
goodread,1
badread,1
happyread,1
thanks quick deliveryoriginal productread,1
good purchase genuine product fast delivery thank youread,1
durablebroken easily cost effectiveread,0
niceread,1
durable shuttle lost every matchesedge get cut base also cutting read,0
quality shettle good exceptedread,0
genuine productread,1
good original productread,1
long lastingread,1
delivered time delivery executive pro active delivered security sensed meeting thanks guysread,1
box damagedread,1
dont buy product bad got bent day using itread,0
bedread,0
excellent product must buyvalue money long lastingread,1
good product played iti prefer buy onlyread,1
usefulread,1
niceread,1
awesomeread,1
goodread,1
totally disappointed local plasticplease dont buyread,0
nice original productread,1
product goodread,0
quality goodread,1
superread,1
goodread,1
gdread,1
good productread,1
good may god bless childread,1
really goodread,1
supermavisthankyouflipcartread,1
nice productsread,1
goodread,1
nice comfortable playing compare bestread,1
long lasting good qualityread,1
goodread,1
poor qualityread,1
good productread,1
absolutely genuine shuttle last long strong loved worthy moneyread,1
nicely sealed box look genuineread,1
real mevis read,0
low quality product one shuttle start tearing gamesread,0
goodread,1
okread,1
nice n original productread,1
super go itread,1
awesome read,1
worast qualityvery badread,0
quality product value moneyread,1
good productread,1
gud onethxx flipkartread,1
good performanceread,1
bestread,1
goodread,1
best shuttle read,1
niceread,1
goodread,1
good shuttleread,1
ok original productread,1
worth moneyread,1
goodread,1
superread,1
usualread,1
perfect qualityread,1
thanks seller got replace orignal product requiredread,1
best productread,1
good qualitydurability also moreread,1
liked itread,1
shuttle slowread,0
goodread,1
worth money spend buy good quality read,1
good product read,1
expensiveread,1
niceread,1
love itread,1
goodread,1
price high low durability got damaged dayread,0
nice product good playing survive day normal playing conditionread,1
low quality product send shatels broken played game onlyread,1
good productread,1
expected okread,1
goodread,1
brilliantread,1
awesome product delivery superbread,1
even green cap shuttle toooooooo slowread,0
goodread,1
goodread,1
good qualityread,1
quality concernvery poor poor quality recommend buyread,0
niceread,1
expected mavis liked oneread,1
thank muchread,1
good durable yonex mavis rounder price yonex mavis v get yonex mavis plus durable disadvantage wont matter u played yet prise get low suggest value money momentread,1
average praductread,1
shuttle fast drift worst purchaseread,0
goodread,1
really surprised speed deliverygot product less hoursfull starsread,1
averageread,1
super thanks flipkartread,1
cork worthy quality poorread,0
badread,1
original ptoducti happy thatty flipcarttoday received item seems superbafter playing shuttle post review whether genuine notread,1
superread,1
good job reached purchase delivery date keep upread,0
shuttle speedread,1
goodread,1
damage product givenread,0
good qualityread,1
goodread,1
price highread,0
niceread,1
badread,1
good shuttleread,1
good quality productread,1
goodread,1
item upto markshuttle demaged day think stock new manufactured yearsbackread,0
smart buy read,1
mavis slow feather rough shettle fly outside court easily cant play proper gameread,0
thank flipkart arranging replacement upgrading star please ensure incident doesnt happen againread,1
good qualityread,1
go fast product gudrate high iam satisfiedread,1
always better shuttleread,1
good shuttle outdoorwe always playing mavis great shuttle white better green read,1
genuine yonex shuttle verified code sunrise websiteread,1
goodread,1
super quality good durabilityread,1
excellentread,1
itna kash nai nimit okayread,1
good thanksread,1
goodread,1
excellentread,1
goodread,1
shuttle speed lower anticipates compared normal one brought store complete waste moneyread,0
perfectread,1
excellentread,1
good qualityread,1
damaged productsread,0
poor quality dont buy thisread,0
nice product timely deliveryread,1
damaged quicklyplayed hardly match per shuttleread,0
product goodread,1
orginal productread,1
value moneyread,1
go itread,1
goodread,1
goodread,0
read,1
favorite everread,1
niceread,1
goodread,1
good durable smashingread,1
awesome productread,1
waste moneyread,0
nyc productsread,1
goodread,1
price highread,1
good productread,1
okread,0
best qualityread,1
niceread,1
tooo bad quality running day onlyread,0
yar suttle good price high normal studentread,1
markread,1
good excellentread,1
okread,1
mmmokread,1
good productread,1
got genuine product even import stamp say december even there shortage shuttle importread,1
good quality delivered within hread,1
nice n genuine productread,1
nyc productread,1
good compared shuttleread,1
waste moneyread,0
excellent flight carry good practiceread,1
goodread,1
good morningread,1
good product old product faced lot problemsnot expected type problemsread,0
one shuttle goodread,1
good quality productread,1
good quality read,1
problem looking like goodread,1
gud product shuttle brand newread,1
greatread,1
expected productread,1
definitely original product got fooled localsread,1
one brokenread,0
good costlyread,1
originalread,1
goodread,1
goodread,1
always best usualread,1
niceread,1
bad product got two day durabilityread,0
perfect shuttle beginner intermediate playersread,1
stick day shuttleread,0
slow speed niceread,1
okbut little bit slowread,1
good quality read,1
always awesome product read,1
awesome productread,1
durableread,0
great value moneyread,1
nice product superrrrrrrread,1
badread,1
quality goodread,1
old product bad quality broken one match one bought market good brought flipkart badnever ever buy shuttle flipkartread,0
osamaread,1
wow super super superread,1
delivered timevalue moneygo itread,1
sprread,1
goodread,1
supremeread,1
one costly gameread,1
damaged itemread,0
goodread,1
good itemread,1
good qualityread,1
goodno choiceread,1
good one orginal productread,1
wonderfulread,1
good quality productread,1
greatread,1
goodread,1
superread,1
quality shuttlecock good game skirt damage become unbalanced unplayableread,0
k betterread,1
good shuttlesread,1
item note qualityread,0
superread,1
good expectedread,1
badproductsread,0
shuttle failed miserablyone miss hit shuttle skirt broke bottom coreread,0
badread,0
one small small hole shuttleread,0
goodread,0
goodread,1
acceptedread,1
goodread,1
niceread,1
original good qualityread,1
good productread,1
atom missingread,0
good productread,1
nothing better thisread,1
quality going day dayread,1
goodread,1
loved itread,1
nice productread,1
greatread,1
costlyread,1
nice productread,1
goodread,1
original product got fully packed yonex hologram quality product relly niceread,1
good bit costly yearread,1
goodread,1
goodread,1
awesomeread,1
great purchaseread,1
roll game tear way pls provided original qualityread,0
best productread,1
badread,0
goodread,1
nice shuttle base goodread,1
good qualityread,1
excellent shuttle outdoor playread,1
fine qualityread,1
good productread,1
goodread,1
poor qualityread,0
genuine product receivedread,1
according price quality goodread,1
original quick deliver satisfactory buyread,1
good productread,1
good productread,1
goodread,1
super read,1
really good durability good compared buy amazon really dont know differencebut good thank flipkartread,1
quality goodread,0
nice productread,1
delivery quick absolutely packing nice quality excellentread,1
quality poor duplicate productread,0
gud productread,1
bad there hole wooden part course fast damag wooden part damaged fastread,1
six shuttle goodread,0
worrest productread,0
goodread,1
upon time unbreakable month usage new one last week top moderate heavy use p talking shuttlecock whole packread,1
superb productread,1
best badminton preparationread,1
goodread,1
overall goodread,1
goodread,1
goodread,1
goodread,1
good productread,1
niceread,1
nice read,1
awesomeread,1
best quality original awesome read,1
felt total shuttle genuine read,1
niceread,1
nice product originalread,1
seems like shuttle store quite long time cork became hard shuttle survived game totally dissatisfiedread,0
goodread,1
goodread,1
worst shuttle receivedpls check received whether new stock oldread,0
good product time deliveryread,1
nice productread,1
poor quality shuttleread,0
good quality shuttle last upto day play hour dailyread,1
super qualityread,1
mom liked much read,1
cork goodread,1
perfectread,1
goodread,1
niceread,1
quality goodread,0
good outdoor gameread,1
product good return replacement policy badread,0
speed fast waste cashread,0
nice one time delivery happy read,1
niceread,1
nice productread,1
good productread,1
worst shuttleread,0
coke never use long runread,0
feather quickly damage maximum day read,0
good productread,1
better professionalsread,1
received original shuttle corkthanksread,1
badread,0
bad experience mentioned slow shuttle actually fast good gameread,0
goodread,1
real worth goodread,1
yr durability bad disappointedread,0
goodread,1
using cheaper shuttle barely lasted week thought enough ill make investment time around buy good one almost play every evening brother less min first one lasted month still holding well go iam vouching longevity qualityread,1
bad qualityread,1
nice productread,1
super productread,1
good quality expectedread,1
goodread,0
good quality thanksread,1
superread,1
worst product base every shuttle came within game playingread,0
goodread,1
niceread,1
best productsread,1
v goodread,1
bad low quality productread,0
superread,1
used break feather shuttle everyday shuttle took one week used play rsl dint find much difference shuttle playingwed also played mavis green cap shuttle used feel little bit heavy felt jerk playing shotsread,1
time favoriteread,1
good product supperread,1
cost increasing day day like gold rateread,1
niceread,1
quality shuttle good durableread,1
shuttle delivered decent qualityread,1
goodread,1
satisfied like originalread,0
product excellent read,1
goodread,1
life time shuttle less u play good gameread,1
goodread,1
goodread,1
worstread,0
good productread,1
flight good doesnt last longdurability poorread,1
great productread,1
quality product bad nt yonex mavis guy cheating u plsss dont buy product read,0
superb product received expected timeread,1
dont buy shuttle slownot worth moneyread,0
durable economic goodread,1
awesomeread,1
goodread,1
best ballread,1
goodread,1
goodread,1
awesomeread,1
goodread,1
excellent product better im accepted read,1
awesome productread,1
original productread,1
goodread,1
niceread,1
good productread,1
delivery fast awesomeread,1
good quality valuable priceread,1
super productread,1
great product beginnersintermediate player good quality really satisfiedread,1
good quality durabilityis last upto game playing doublesread,1
niceread,1
niceread,1
nicely packed welly delivered loved itall shuttle good conditionsread,1
shuttle much bad much good ok okread,1
goodread,1
good qualityread,1
good original productread,1
satisfyread,1
goodread,1
bad qualityread,0
poor even set play shuttle much worse productread,0
shuttle damage time playread,0
good qualityread,1
goodread,1
amazingread,1
good product quality alsoread,1
really disappointing shuttle last hard practice match instead practice match poorread,0
good product durability goodread,1
nice productread,1
slow good playing outside open courtread,1
betterread,1
goodread,1
goodread,1
superbread,1
nice productread,1
good qualityread,1
super producyread,1
goodread,1
superbread,1
niceread,1
awesome product yonexread,1
awesome productgenuineread,1
bad fast poorread,0
nice light playread,1
bad product shuttle low qualityread,0
good interest playersread,1
niceread,1
super product bought use product green slow good product door playingread,1
good quality pruduct good playread,1
good productread,1
super productread,1
good product thanks flipkartread,1
must buyread,1
good product good platform shopping good quality thank muchread,1
niceread,1
best qualityread,1
shuttle already damaged even playing bottom side shuttle crackedso buy shop check shuttle purchasingread,0
dont buy got used shuttlesread,0
goodread,1
love youread,1
gdread,1
go itread,1
nice productread,1
genuine product verified positively sunrise tnt best shuttle regular play cost effective due durabilityalso life shuttle depends less mishit shot better shuttle last longerread,1
great product usualread,1
long lasting best shuttlesmuch better expectedthanks flipkartread,1
best dealread,1
good healthtry itread,1
waste product fast shuttle vendor cheatedread,0
average read,1
superbread,1
niceread,1
quality good product expected play properly shuttle come week depends play duration may changeread,1
perfect read,1
good one timely deliveredread,1
good productread,1
excellent qualread,1
nice one must buydont play wet placesread,1
nice product great playread,1
great original product fastest delivery within daysread,1
goodread,1
product old one back side get corknot goodread,1
good productsread,1
cost increasing bad productread,1
good product quality perfectread,1
perfect plzz buy product read,1
goodread,1
expensiveread,0
good qualityread,1
poor qualityread,0
niceread,1
genuine productread,1
superread,1
goodread,1
poor qualityread,0
goodread,1
always goodread,1
broken quickly sometimesread,1
niceread,1
total disappointment match came tearread,0
good qualityread,1
quality cheap value money productread,0
wonderfulread,1
awesome purchase mind blowingread,1
super quality goodread,1
good productread,1
good productread,1
durable hate productread,0
goodread,1
goodread,1
niceread,1
good one used outside playing meet priceread,1
goodread,1
bad qualityread,0
nice productread,1
first shuttle didnt even last min one defective corkread,1
fast delivery within daysread,1
old stock delivered read,0
feel cheated time shuttle doesnt seem rotate easilyread,0
nice product dilevery slowread,1
quality good got broked day opinion worth itread,0
good productread,1
good productread,1
really goodread,1
good productread,1
perfect shuttleread,1
shuttle low quality getting good shuttleread,0
good oneread,1
goodread,1
bad productread,0
usefulread,1
little heavyor fastread,1
received product per descriptiongood sellerread,1
okread,1
excellent productread,1
dont hesitate superb quality junior professional starread,1
good qualityread,1
good oneread,1
super good oneread,1
thanksread,1
wellread,1
niceread,1
bad productread,0
awesome productread,1
light weight durableread,0
niceread,1
choiceif want best shuttle go itlong lasting nd professional smashersread,1
shuttle goodread,1
niceread,1
goodread,1
product cheap copy productread,0
bad qualityread,0
nice productread,1
bad quality poorread,0
original product verified siteread,1
product quality markread,1
shuttle brokenread,1
expected yonex mavis thanx flipkartread,1
great outdoor alsoread,1
excellentread,1
original productread,1
superbread,1
nic shuttle corkread,1
superread,1
local totally burstread,0
good quality productread,1
got seemed fake product shuttle sturdy compared people using mavis green cap disappointed purchaseread,0
badread,0
good productread,1
goodread,1
travel perfect height distance issue long lasting like one buy open store kind last matchesread,1
good qualityread,1
flight good using regularly perfect indoorno issuebest marketread,1
goodread,1
v goodread,1
thanks flipcart got original productread,1
usual nothing say quality product buy one pack every month highly recommended intermediate playersread,1
cant play daysread,1
nice shuttle read,1
greatread,1
good productread,1
supperread,1
nyc product thank much flipkartread,1
good quality productread,1
goodread,1
good quality product must tryread,1
normal coolread,0
one best shuttle bad properly attachedread,1
niceread,1
shuttle good price good compare marketread,1
nice productread,1
flipkart proudak good quality like itread,1
goodread,1
good qualityread,1
good product read,1
bad shuttleread,0
day mavis low qualitybrocken crok two matchesmost cork box useless bad product please improve quality oldread,0
niceread,1
goodflight low suitable beginnersread,1
nice product thanks flipkartread,1
nice productread,1
excellent product recived seller gret dilivery flipkartread,1
nycread,1
superb productread,1
good product correct speedread,1
superread,1
professional shuttleread,1
coke per originalcannt play day quality good read,0
goodread,1
got describedread,1
value moneyread,1
good enough nothing nothing lessread,1
super productread,1
niceread,1
best quality productsread,1
supr qualityread,1
goodread,1
good product read,1
goodread,1
good qualityread,1
good oneread,0
quality goodread,0
good productread,1
blindly go indoor outdoorread,1
really nice product meread,1
awesomeread,1
goodread,1
superb qualityread,1
bottom sole hardread,1
dont get perfectread,1
badread,0
better yonex mavis iread,1
good productread,1
bestread,1
good shuttle foreverread,1
good got market priceread,1
excellent qualityread,1
original productread,1
yonex yonex comparison good service timely deliveredread,1
good quality productread,1
okread,1
gap fork featherread,0
one six shuttle damagedbottom part shuttle got separatedread,0
superread,1
ordered two box one good box shuttle didnt spin well go good experience purchase box onlineread,0
good qulit better emporve qulatieyread,1
delivery good product excellentread,1
nice productread,1
goodread,1
great perfect defectread,1
niceeeread,1
okread,1
good productread,1
shuttle ordered tag fine weight quality worse wasted two week using thoseread,0
original product received timeread,1
fabulous go itread,1
always great fun play sread,1
perfect orginal product deliveryread,1
unexpected price thanks flipkartread,1
recommendedread,1
weight little light expectedread,0
goodread,1
niceread,1
goodread,1
bestttread,1
niceread,1
simply superread,1
best priceread,1
good productread,1
good productread,1
bad producti think local madequality wood poorread,0
worthread,1
pretty good using month really durableread,1
nice long lastingread,1
super productread,1
goodread,1
give three star product damage carefulread,1
awesomeread,1
bought flipkart totally bought priceread,1
goodread,1
niceread,1
great need long durableread,1
thank youread,1
nice productread,1
good qualityread,1
per expectationsread,1
excellentread,1
nice productread,1
markread,1
excellent got bbdread,1
original productthanks flipkart read,1
goodread,1
good qualityread,1
niceread,1
bad shuttle damaged gameread,0
awesome productread,1
excellent packing time deliveeyread,1
nice productread,1
amazingread,1
runable lastingread,1
good oneread,1
slightly seepread,1
niceread,1
nicewith better strengthu pay practice ever u wantread,1
nice oneread,1
niceread,1
mast qualityread,1
bad productread,1
awesomeread,1
nice packaging quality productread,1
bottom bud plastic better buy another modelread,1
light weightread,1
verynice productread,1
super product read,1
always damagedread,0
good productread,1
shuttle really good intermediate player good durability strengthread,1
worst never used waste mavis cork rotating trust please sell decent one read,0
nice qualityread,1
mavis shuttle pricing best packaging minimal first time many order damaged one end one side open lid smashed dont know authenticity durability time know using shuttlesread,1
good qualityread,1
superread,1
excellent productread,1
goodoriginal genuine yonex mavis slow productread,1
dadly bad productread,0
happyread,1
good qualityread,1
already used itread,1
rd class quality shuttlenot upto expectationsshuttle break less daysread,0
much satisfied good qualityread,1
goodread,1
original qualityread,1
playing outdoor six ball original less weight game ball fully damageread,0
upto mark capable playing indoorread,1
goodread,1
nice oneread,1
superread,1
valuable product worth money good quality shuttle personal opinion go iteach penny valuableread,1
okread,0
superread,1
bad qualityread,1
expected durable gamesread,1
excellent product good qualityread,1
yeah genuine product sureread,1
perfect highly recommendread,1
good productread,1
good bugsread,1
good shuttleread,1
really durable tried lot shuttle li ning cosco even yonex one durable little costly go budgeti forgot add got around nice priceread,1
goodread,1
superread,1
yonex always great one heartsread,1
worst packing shuttle damagedread,1
good please limit price read,1
niceread,1
waste moneyread,0
goodread,1
goodread,1
product okread,1
product good genuineread,1
superread,1
goodread,1
goodread,1
price goodread,1
nicrread,1
good product recommended purchaseread,1
good value moneyread,1
best paisa wasulread,1
goodread,1
goodread,1
much costly looking alternativeread,1
okread,1
good quality shuttle unable verify product given websiteread,1
goodread,1
bedread,0
good productread,1
nice productread,1
superread,1
niceread,1
niceread,1
supperread,1
wont last outdoor courti prefer mavis read,0
best preference original yonex best qualityread,1
bad product waste moneyread,0
loveditread,1
goodread,1
nice worth moneyread,1
good productread,1
okread,1
value money shuttleread,1
rally goodread,1
good market price got nice buyread,1
nice productread,1
medium qualityread,0
got used product purchaseread,0
okread,0
product good delivery time take daysread,1
awesome productsread,1
goodread,1
product original recieved one day estimmelivery time delivery boy behaviour good purchased read,1
first look first taken corck good balance shuttle way better shuttleread,1
well packed quickly delivered quality product good expectedread,1
cork r slightly damaged others r okayworth buyread,1
good oneread,1
delivery fast goodprice muchread,1
perfect originalread,1
great product deliveryread,1
seems ok look would rewrite using whole tube shuttleread,1
niceread,1
first use cork become loose skirtread,0
well shuttleread,1
good quality satisfied productread,1
nice product original productread,1
excellentread,1
mavis indoor purpose good outdoor player also us air playing time ok good product read,1
supebread,1
green capread,1
niceread,1
nice productread,1
goodread,1
good quality product shuttle looking perfect without defect using past day still even many smash many hour play shuttle holding shape properlyread,1
good indoor outdoor wellread,1
good price much highread,1
love itread,1
tragectory flying ultra smooth comprising little durability cork survive hr daily play dayread,1
genuine productread,1
good productread,1
superread,1
niceread,1
goodread,1
niceread,1
dont buy local shattle second qualityflipkart cheat meread,0
good original productat low price thank youread,1
thank much timely deliveredread,1
amazingread,1
superbread,1
product good im disappointed flipcart delivery man taking extra charge cash deliveryread,1
niceread,1
product good practice dont compare feather corkread,1
quality goodread,1
product good lite requaredread,1
superread,1
nice product good serviceread,1
good qualityread,1
good qualityread,1
goodread,1
superread,1
superread,1
badread,1
god quality good responseread,1
best priseread,1
betterread,1
super producedread,1
taken week time deliver product product upto mark dont buyread,0
best balanced shuttleread,1
good read,1
bestread,1
goodread,1
good productread,1
nice shuttleread,1
betterread,1
goodread,1
nice oneread,1
excellent product fast deliveryread,1
niceread,1
nice read,1
goodread,1
superbread,1
go itread,1
better quality otherread,1
good lightread,1
good qualityread,1
nice productread,1
shuttle really slow better playing indoorsread,1
product originalread,1
nice productread,1
good productread,1
goodread,1
goodread,1
goodread,1
goodread,1
good quality product worth moneyread,1
humbly thanks cool productread,1
best rangeread,1
shuttle break fast better mavis iread,0
tnq fast delivery exact productread,1
excellentread,1
ordered slow shuttle fast disappointed time moving forward see alternativeread,0
good durability fast recoveryread,1
goodread,1
shuttle inside barrel goodthey like try play rotatingread,1
worst qualityread,0
good product quality practice shuttle work min day playing intensivelyread,1
good shuttlesread,1
super qualityread,1
goodread,1
nice productread,1
good productread,1
good prodactread,1
good enoughread,1
good itemread,1
niceread,1
pooor quality already finished box daysread,0
nice shettlesmaintained quality till matchesi think maintain quality contineoustotally good productthanks flipkart sellerread,1
nice shuttleread,1
good productread,1
original itemsread,1
per expectation lil hesitant buying online great experiance genuine productread,1
number productread,1
yonex always first choiceread,1
good qualityread,1
best quality product yonexread,1
bad qualityread,0
bad productgot damaged within return periodand also played heavily worst flipkartread,0
worst productread,1
bad quality playing day damagedread,0
average quality palay game roughlyread,1
good oneread,1
niceread,1
good choiceread,1
worth amount invested great quality productread,1
superb collectionread,1
good playread,1
good shaperead,1
good productread,1
good qualityread,1
great productread,1
superread,1
niceread,1
original product graet felling happyread,1
awesomeread,1
good product yonexread,1
goodread,1
excellent product worth priceread,1
amazing outdoor gameread,1
yellow nylon shuttle much reliable whiteread,1
genuine product subsidised price thank flipkartread,1
goodread,1
goodread,1
good qualityread,1
superread,1
really nice shuttle almost one half month passed still playing first shuttle took box light hitting around hour dailyread,1
niceread,1
good productread,1
need slowread,0
nice one read,1
good productread,1
goodread,1
v goodread,1
good quality shuttle good priceread,1
niceread,1
go highly durable quality good read,1
nice productread,1
best available marketread,1
slowread,0
nice one good packagingread,1
superread,1
excellentread,1
good quality productsread,1
last long kid college student finished shuttle within monthread,1
goodread,1
go awayread,0
best business one shuttle last least hard smashing match even shuttle remains one piece actually change rectifying balancing issuesread,1
niceread,1
really amazingread,1
super nice read,1
fabulous slow shuttle best categoryread,1
excellentread,1
superhit product superfast delivery flipkart nice experienceread,1
superread,1
goodread,1
quality good recommend itread,1
goodread,1
got within day order quality nice blindly buy itread,1
superread,1
super goodread,1
product good shuttle mavis green color awesome product loved much one negative sometimes get disappear white led light playing kind green oneread,1
niceread,1
goodread,1
superread,1
excellentread,1
nice product n delivery fastread,1
good productread,1
good shuttle excellent indoor windfree outdoor badminton gamesread,1
awesomeread,1
shuttle genuine follow step check whether genuine notread,1
good qualityread,1
good product read,1
good quality thanks flipkartread,1
superbread,1
niceread,1
niceread,1
gr productread,1
good product better quality read,1
hyper delivery good quality packaging quality nylon shatilaread,1
good one u play outdoor everyday constant play hour shuttle lasted three week dont play professional play hard u really good hit shuttle rod well still shuttle good one point removed plastic start get ruptured price within middle class range little higherread,1
goodread,1
look nicenew packingvery fast delivery daysread,1
fantasticread,1
awsome precision read,1
badread,1
goodread,1
wen purchase rd time quality bad even stand gameread,0
goodread,1
good quality delivered day less shop priceread,1
product delivered expected delivery within hour received genuine product expectedthanks flipkartread,1
good qualityread,1
wonderfulread,1
superb product good quality reasonable priceread,1
goodread,1
good productread,1
ball r good qualityread,0
awesomeread,1
suitable indoor highly recommendedread,1
original product thanks sending original productsread,1
bestread,1
good productread,1
goodread,1
great product reasonable price cheaper offline purchase good delivery service wellgo grab itits great deay read,1
badread,1
nice read,1
fineread,1
okread,0
goodread,1
goodread,0
goodread,1
ist time purchased got original product month nd time purchased got duplicate productread,1
nice shuttle buyread,1
excellentread,1
goodproduct genuineread,1
superread,1
excellent shuttle using since year best qualityread,1
satisfactionread,1
nice shuttle reasonable price excellent qualityread,1
box piece lightly damagedread,1
goodread,1
damagesread,0
super cockes white ni projectread,1
awesome shuttleread,1
niceread,1
worth moneyread,1
goodread,1
day duplicate comingafter one game become rocketread,1
pro levelread,1
genuine quality super fast deliveryread,1
good use nice productread,1
goodread,1
superread,1
superb high quality productsread,1
niceread,1
goodread,1
clean neat received exact advertisedread,1
super best qualityread,1
best productread,1
good qualityread,1
orginal oneread,1
nice productread,1
goodread,1
good qualityread,1
goodread,1
goodread,1
awesomeread,1
nice product must buyread,1
quality productread,1
perfectread,1
goodread,1
thank vishnu nice delivered productread,1
goodread,1
superb qualityread,1
tx product price costlyread,0
nice productread,1
goodread,1
durable quality satisfyingread,1
excellent workread,1
satisfied productread,1
nice product price quite high marketread,1
shuttle genuinepls go head one want buyread,1
goodread,1
must buyread,1
good qualityread,1
good qualityread,1
every time r fecing problem order teking ru like ur bussiness r order perfect payment dont u take ordersread,1
greatread,1
good read,1
superread,1
niceread,1
beautiful productread,1
overall product good price bit highread,1
betterread,1
old stock medium speed practically fastread,0
goodread,1
good qualityread,1
good playvery durable long lastingread,1
goodread,1
cheap best product ever find rate shopping site thank flipkartread,1
goodread,1
really good product read,1
niceread,1
nice oneread,1
good original productread,1
nicread,1
yonexxx yonexxx dont compare othersread,1
yonox yonox great qualityread,1
value money nice cork worth itread,1
long lastingread,1
niceread,1
good quality lasted match single cork read,1
medium speed eventhough green capno consistencyread,1
super originalread,1
good one feel speed different green v whiteread,1
best quality superread,1
goodread,1
love product read,1
best buyread,1
goodread,1
good expected read,1
quality cheating worst moneyread,0
quality good delivery quickread,1
good product delivery due date planning purchase mavis movie please dont waste go read,1
slow shuttle feel dulicateread,0
nice productread,1
shuttle nice well packed thanks flipkartread,1
good go itread,0
best choiceread,1
super slowread,1
awesomeread,1
suitable open ground practice feel heavy weightread,0
nicread,1
original productread,1
good product affordable price rupeesread,1
goodread,1
good qualityread,1
best open groundread,1
excellentread,1
good quality play hour vigoursly daily shuttle last day played vigourslysmashes otherwise day shuttle th shuttle box ordered retailnet lot price updowns think due huge demandread,1
good genuine shuttleread,1
original onefailed sunrise test unable scratch hologram get coderead,0
gud qualityread,1
betterread,1
superread,1
excellentread,1
goodread,1
product reseaved badread,0
niceread,1
goodread,1
perfect originalfast deliveryread,1
nice shuttleread,1
green b slow fastread,1
good qualityread,1
nice productread,1
niceread,1
niceread,1
niceread,1
good qualityread,1
niceread,1
badread,0
bad every day one get damagedread,0
good long liferead,1
good oneread,1
good oneread,1
original price muchread,1
goodread,1
good productread,1
niceread,1
good productread,1
absence mavis best productread,1
first shuttle use bit fast nd third good play appropriate speed good use go u r national player read,1
shuttle partially manufacturing defected product looking original seller pay attention customer paying amount shuttleread,1
good turst itread,1
worst product think mavis durable average shuttle thought mine clear blunder doesnt last least day cork broken set play play indoor go otherwise donated money flipkartread,0
okread,1
genuine productread,1
goodread,1
suitable play reasonable priceread,1
purchasing shuttle flipkart long time quality shuttle lacking recently may buy anymore due lack qualityread,0
fast delivery thank flipkartread,1
good productread,1
goodread,1
nice oneread,1
fineread,1
goodread,1
worthread,1
important month delivery month totally newread,1
product good like much flipkart brand app think think always good perfect keep upread,1
good qualityread,1
doesnt felt good one cork speed different corkread,0
check original fakemine originalread,1
superread,1
white one bad worthless better go yellowread,0
good product good price quality also good perfect playingread,1
goodread,1
nice productread,1
outdoor coat shettel badread,0
good qualiytread,1
goodread,1
goodread,1
good productread,1
shuttle vey durables even u play rigorouslyit last daysso light n good playread,1
genuine good go long wayread,1
playing good short life may old stock use long time last day easily time shuttle stand hardly day shuttle go way cork breaksread,1
niceread,1
quality productread,1
okread,1
good package good productread,1
thanks yonex best indoor outdoor one go product blindlyread,1
niceread,1
goodread,1
good one delivery tooo lateread,1
nyc productread,1
good oneread,1
niceread,1
superrrrbread,1
goodread,1
excellentread,1
good productread,1
good qualityread,1
goodread,1
nice product read,1
gud read,1
goodread,1
recommendedread,1
value moneyread,1
nice good shuttlecock fast delivery love thank u flipkart deliveryread,1
superread,1
good value money speed deliveryread,1
best qualityread,1
flexibleread,1
superb read,1
good oneread,1
nice qualityread,1
simply perfect read,1
nice durable specifically effective beginnersread,1
fantasticread,1
get damaged fastread,1
rubber qualifyread,1
superread,1
good quality faster deliveryread,1
wastewastewasteloss moneydont buy guysread,0
always best buy flipkart right place thisread,1
excellent productread,1
gud read,1
shuttle good qualityand rubber part also smooth palyread,1
awesome must buyread,1
worstread,0
great priceread,1
loved itread,1
package good sent latest mfg partread,1
supperread,1
goodread,1
packing worstread,0
nice shuttleread,1
super dealread,1
goodread,1
excellent productread,1
highly durable buy moreread,1
feel better playingread,1
good productoriginal good price marketread,1
order delivery completed hour great flipkartread,1
best qualityread,1
still goodread,1
nice fast delivery flipkart delivered next day small city banswararajasthan superb star deliveryread,1
good qualityread,1
best product flipkart player continues play per day hour day one corkread,1
good oneread,1
goodread,1
osm productread,1
good jobread,1
good oneread,0
value moneyread,1
good productread,1
good productread,1
good slow ill pref fast one overall goodread,1
best one read,1
good productread,1
quality productwonderful deliverydelivered timegood packagingread,1
gdread,1
niceread,1
goodread,1
product perfect regular badminton player indoor atmosphereread,1
simply awesomeread,1
product received goodread,0
mainde blowingread,1
gud productread,1
niceread,1
excellent productread,1
genuine product yonex durable shuttlesread,1
bottom part use come white smashread,1
nice specifyread,1
highly durable great qualityi loved read,1
bestread,1
poor qualityread,1
using week far performance okayhave good shot strength easily recommendable durability checkedread,1
strictly made meet indoor condition dont buy u playing outdoor conditionsread,1
goodread,1
niceread,1
delivery service simply superbread,1
delivery boy helpfulread,1
bad product quality good thats itread,1
nice oneread,1
looking cute also playing greatread,1
good product read,1
goodread,1
good one damaged shuttle goodread,1
really good recommended bought againread,1
good jobread,1
super must buy thanks flipcart good service super fast service never beforeread,1
evergreenread,1
excellentread,1
box shuttlecock changeread,1
mavis massive shuttleread,1
nice productread,1
excellent slow moving durable productread,1
niceread,1
quality vevy badwhyread,0
good product must buyread,1
good productread,1
goodread,1
good quality durable productread,1
economic higher cost cause less people attract bedmintonread,1
awesome product read,1
best qualityread,1
good productread,1
good product thank flipkart sellerread,1
superread,1
wellread,1
slow shuttle nice productread,1
powerful shuttleread,1
goodread,1
timely delivery satisfactory paying conditionsread,1
received sealed packthanks flippcart sellerread,1
got product day heavenly awesomeread,1
nice productread,1
satisfiedread,1
rightly priced good qualityworth buydaily usage durable tooread,1
superb durableread,1
nice productread,1
absolutely fantasticread,1
fantastic product plastic light weightread,1
goodread,1
goodread,1
much exepensiveread,1
good one best choice super qualityread,1
nice product tq flipkartread,1
best shuttlesread,1
wonder fullread,1
good expectedread,1
gud oneread,1
one time booked item rallinet cheat send dummy product box yonexread,1
good purchaseread,1
good qualityread,1
niceread,1
excellent producti love delivery flipkartread,1
poorread,1
superread,1
ok ok yellow colour best compared thisread,1
good productread,1
niceread,1
good product worth buyingread,0
good productread,1
good product good priceread,1
best buy original productread,1
good expectedread,1
super long liferead,1
good lastingread,0
goodread,1
awesome experienceread,1
badread,0
good qualityread,1
goodread,1
mind blowing super fantasticread,1
goodread,1
good productgood coveringread,1
good productread,1
best qualityread,1
best qualityread,1
thanks flipkart fast delivery one day thanks ekart corrier alsoread,1
goodread,1
nice qualityawesome yonex yonex baap baap read,1
goodread,1
excellentread,1
good productread,1
slowread,0
good product packing little damaged internal product found saferead,1
badread,0
gud need liitle bit imporovementread,1
nice productread,1
goodread,1
good quality stuffread,1
good shuttle intermediate user read,1
gudread,1
niceand yonex better first confused muchat last frnds ordered product nice doubtread,1
brand wordsread,1
must buyread,1
good bit expensiveread,1
value moneyread,1
excellent buying product ordered another packread,1
good qualityread,1
genuine productread,1
second time deliverd orginal product thanks flipkartread,0
good qualityread,1
goodread,1
one day late delivery okread,1
niceread,1
got original product checked sunrisecomgo itread,1
good quality productread,1
goodread,1
dont buy item product missingread,0
right product send sellerread,1
excellentread,1
goodread,1
goodread,1
superb shuttlesread,1
niceread,1
niceread,1
good enough playread,1
okread,1
nice productsread,1
nyc oneread,1
goodread,1
yonex r using since yr good quality better price open market shopsbetter select slow playing outdoor shuttleread,1
niceread,1
super cheap rateread,1
know durabilityno need mention go itread,1
happy got reasonable price hope get product priceread,1
niceread,1
good timely delivered thanks flipkartread,1
awesomeread,1
superread,1
goodread,1
goidread,1
genuine product thank flipkartread,1
niceread,1
nycread,1
best quality high priceread,1
goodread,1
goodread,1
superread,1
best shuttle toread,1
good productread,1
maximum daysread,1
niceread,1
nice product using yearsread,1
best qualityread,1
great product durable light weightread,1
quality shuttle speedy delivery flipkartread,1
delivery done super fast price keep increasing regularly worrisomeread,1
nice product feather top mostly damagedread,1
good beginner time pas player fly slow want play fast game pick faster one quality really good come hour play bought bit high slow versionread,1
niceread,1
niceread,1
vniceread,1
niceread,1
superread,1
really fantastic read,1
every purchase rate increased product quqlity goodread,0
product quality goodread,1
goodread,1
waste shuttle old wet shuttle dont sell type old useless product sorry say next time sell good productsread,0
good product costlyread,1
shuttlecock faster indoor courtread,1
premium shuttle longlastingread,1
goodread,1
quality goodread,1
good qualityread,1
goodread,1
product goodread,0
superread,1
goodread,1
best shuttle market one near yonexread,1
rate costly compare regular priceit helpful u reduce priceread,1
awesome productread,1
good productread,1
fabulous work flipkartgreat product great packinglot appreciation flipkartread,1
superread,1
niceread,1
thank flipkart saler super quality low priceread,1
wonderfulread,1
superread,1
excellent purchaseread,1
niceread,1
good quality shuttle best indoor nylon shuttlesread,1
niceread,1
goodread,1
greatread,1
good one outdoor play also indoor play good shuttle play confused differenceread,1
good qualityread,1
goodread,1
best shuttle used liferead,1
superread,1
goodread,1
good qualityread,1
ty flipkart got genuine productread,1
badread,1
originaldummy item dont purchaseread,0
bestfor begginer middle class playerpacking goodi shocked aboutdelieveryflipkart deleiver within hoursamazing quick service flipkartfor delievery read,1
goodread,1
niceread,1
superread,1
goodread,1
delivery time quality match yonex trustworthy originalread,1
best price excellent qualityread,1
nice one buy thinking even twiceread,1
indoorread,0
long lasting good trajectory well balanced shuttle must buy productread,1
niceread,1
super qualityread,1
value money starsread,1
good productread,1
niceread,1
goodread,0
good product reasonable pricedread,1
superbread,1
nice productread,1
good productread,1
best qualityread,1
great outdoor playingread,1
goodread,1
perfectread,1
perfect allread,1
best budgetread,1
nice product happy product read,1
good qualityread,1
goodread,1
superread,1
bad paking badread,0
good shuttle time upper lower part get differread,1
quality issueread,0
best money weight like holding pen delivery fastread,1
goodread,1
awesomeread,1
good productread,1
goodread,1
value moneyread,1
old stokeread,0
goodread,1
okread,1
goodread,1
superread,1
awesome productas expectedgreat shuttle speed durabilitymust buyread,1
best level playersread,1
goodread,1
good productread,1
great like itread,1
nic productread,1
good oneread,1
xcellent productread,1
beginner intermediate player use effectively good play conditionsread,1
best product h maja aa gyaread,1
good qualityread,1
best marketread,1
happyread,1
nice oneread,1
worst item old stockread,0
goodread,1
nice productread,1
niceread,1
cork waste dont buy thisi bought time cork worstbroked matchesread,1
nice oneread,1
excellentread,1
avgread,1
nice shuttleread,1
bestread,1
good quality shuttleread,1
poor qualityread,0
satisfied qualityread,1
nice productread,1
difficult find genuine shuttle day ordering shuttle seller past year almost shuttle received till date good speed badminton lover may feel annoying shuttle box different speedshappy smashingread,1
super read,1
goodread,1
niceread,1
good beginner although play feather good fast enoughread,1
old stock shuttle got damaged easilyread,0
super qualityread,1
bestread,1
awesome guinine productread,1
goodread,1
word sayalways bestread,1
quality mediumread,0
niceread,1
excellantread,1
useful practiceread,1
fabulous product read,1
much long lastinga must buy productfull paisa vasool productread,1
awesome usualread,1
best yonexread,1
good product genuineread,1
quality goodread,0
niceread,1
something wrong shuttle shape change one two set play dont buy itread,0
best classread,1
original productread,1
good productread,1
superread,1
delivered time nice productread,1
goodusing one weekread,1
genuine product verified using scratch code show original quality also expectedread,1
delivery quickagent behaviour good wellread,1
superbread,1
cheaper market originalread,1
nice productread,1
vvvvvv goodread,1
goodread,1
good productread,1
excellent purchaseread,1
goodread,1
nice qualityread,1
nice durable must go itread,1
good qualitysuperv liferead,1
good product worth itread,1
perfectread,1
varry goodread,1
goodread,1
goodread,1
awesomeread,1
fineread,1
good productread,1
goodread,1
good productread,1
good durable productread,1
good productread,1
goodread,1
best outdoor playing good read,1
goodread,1
osm productread,1
nice product well experience flipkart thank flipkartread,1
goodread,1
good delivery serviceread,1
nice product loved itread,1
good timeread,1
nice according price moneyread,1
goodread,1
good durableread,1
excellent productread,1
niceread,1
delivered time happy delivery serviceread,1
good product time stability increased becomes perfect productread,1
authenticread,1
value moneyread,1
goodread,1
good productread,1
fineread,1
awesomeread,1
niceread,1
great product durable quality also good compared local marketsread,1
quality uptoread,1
badread,0
awesomeread,1
goodread,1
best productread,1
last got although late due lock delivery man mr jp good soft behave person thanks jpread,1
better shuttle another shuttlesread,1
superread,1
greatread,1
awesome product trust worth every penny spend durable heavy enough retains form even long day playread,1
good productread,1
good product good price outside marketmainly lockdownread,1
niceread,1
okread,1
good productread,1
originalnd qualityread,0
ya goodread,1
okayread,0
worstread,0
exceptional shuttle good outdoor performance ie natural wind outside good aerodynamics anfd flighttrust yonex rough toughread,1
awesome shuttle durable tooread,1
niceread,1
goodread,1
goodread,1
quick delivery good delivery person nice quality go read,1
usualread,1
goodread,1
felt like originalread,0
best shuttle good product best quality fastest delivery day delivered next dayread,1
good quality shuttle one shuttle go weekread,1
good produvtread,1
good online product picture clarification must necessaryread,1
genuine productread,1
fabulous go thisread,1
awesomeread,1
nice productread,1
perfect indoorsread,1
owsome product best rangeread,1
excellent productread,1
better life using perfect playread,1
awesomeread,1
one shuttle medium quality four shuttle great searched scratch code sunrisetnt website found genuineneread,1
niceread,1
delivery fast original productread,1
niceread,1
superb original ordering doubt whether would get right product opening understood original playing highly satisfied thank youread,1
goodread,1
good productread,1
original productread,1
niceread,1
goodread,1
nice read,1
niceread,1
superb original qualityread,1
worth moneyread,1
worth price lessread,1
niceread,1
excellentread,1
excellentread,1
nice productread,1
best experienceread,1
bad repeated order send cheap quality shattelsread,1
excellentread,1
goodread,1
good qualityread,1
badread,0
cheapest rate ever best outdoor corkread,1
nice product specially good choice smashesread,1
superread,1
quality ok cost product highread,0
best shuttle playing outside read,1
niceread,1
badread,1
good productread,1
niceread,1
good qualityread,0
goodread,1
regularly playing mavis durable good cost effective last gamesread,1
weight quite hightthough written slowits quite fast goodread,1
perfect thank productread,1
goodread,1
best smashread,1
superread,1
nice product read,1
niceread,1
quality good like original oneread,1
nice product bigginerread,1
good poductread,1
goodread,1
awesomeread,1
goodread,1
original nice productread,1
good productread,1
niceread,1
little slow overall goodread,1
niceread,1
good product delivery lateread,1
shuttle goodread,1
original product thanks flip cardsread,1
excellent work flipkartread,1
goodread,1
moving quick better experience mavis iread,0
okread,1
fineread,1
good product flipkart thanks faster deliveryread,1
nice qualityread,1
goodread,1
goodread,1
good productread,1
goodread,1
nice read,1
excellentread,1
awesome product highly durableread,1
nice product better priceread,1
nice product good performanceread,1
goodread,1
good oneread,1
good productread,1
goodread,1
niceeeread,1
good shuttleread,1
good oneread,1
niceread,1
beginning like shuttlesi happy buy againread,1
superread,1
think people know product play badminton need tell productread,1
goodread,1
good quality reasonable priceread,1
great oneread,1
goodread,1
good quality original shuttleread,1
great productread,1
niceread,1
original brandread,1
awesomeread,1
nice oneread,1
best playing experience shuttle corkits amazing productread,1
need moreread,1
soo nice l like play indoorread,1
goodread,1
okread,1
delivery time safety precaution followed delivery manread,1
excellentread,1
couldve bit heavierread,1
excellent product flipkartread,1
nice shuttle must buy better brandsread,1
niceread,1
nic productread,1
goodread,1
superread,1
goodread,1
goodread,1
nice productread,1
nice productread,1
valuable price lockdown timeread,1
averageread,1
one shuttle day onlyread,1
superb productread,1
goodread,1
avgread,1
niceread,1
goodread,1
goodread,1
must buyyyread,1
good productread,1
good productread,1
nice productread,1
super fast delivery thanku pruthvi delivery boyread,1
good hardread,0
super really amazingread,1
good product play daily hr shuttle come week atleastread,1
nice used mavis another level u feel difference using itread,1
best businessread,1
good shuttle felt like bit expensive sport shopread,1
nice perfect shot quality productread,1
goodread,1
long lasting im playing day product damaged im disappointed productread,0
value moneyread,1
averageread,0
awsomeread,1
markread,1
goodread,1
goodread,1
product quality goodread,0
break setsread,1
best outderread,1
badread,0
nic productread,1
good product service goodread,1
good productread,1
bad quality doesnt last game base shuttle separated automatically playing hear fully disappointed quality productread,0
nice oneread,1
niceread,1
fast deliverysuperbread,1
better mavis read,1
good product excellentread,1
good qualityread,1
quality better yellowread,1
finally got original productread,1
excellentread,1
goodread,1
good shuttleread,1
orginal shuttle best buy comparing product shop shop one dont last go like bullet one really fun play feel excellentread,1
good productread,1
poor quality old stock providedread,0
good shuttle superp durability compared otheroriginal reliablein budget itemread,1
super product last yearsread,1
good qualityread,1
happy quality deliveryread,1
good productread,1
good quality productread,1
best shuttle less price nice read,1
good productread,1
superbread,1
bestread,1
bad quality packread,0
good product fast delivery flipkartread,1
goodread,1
well fine good got product timeread,1
good beginnersread,1
experience quite good product till dateread,1
niceread,1
goodread,1
goodread,1
genuine productread,1
shuttle bestread,1
okread,1
goodread,1
good qualityread,1
good cap game betterread,1
good bestread,1
goodread,1
product nice delivered timeread,1
goodread,1
excellentread,1
original shuttle fine play outside tooread,1
nice productread,1
good shuttleread,1
awesome productread,1
impressedread,1
niceread,1
good productread,1
long lastingread,1
product good shuttle got broken match advice dont buy itread,0
good productthnx flipcartread,1
yonex mavis nice qualityand delivery also time thank u flipkartread,1
nice qualityread,1
good productread,1
niceread,1
value moneyread,1
word awesome productread,1
felling good playread,1
nice productread,1
greatread,1
playing one match cap rotating poor quality second quality time got second qualityyonex cheating usread,0
super durable shuttelsread,1
poor qualityread,0
niceread,1
superread,1
nice productsread,1
good product good delivery serviceread,1
quality shuttle bad product received defective cork getting damaged one gameread,0
awesome purchaseread,1
good serveceread,1
nice best priceread,1
goodread,1
life time lessread,1
good productread,1
disappointed one bought january bad last even month even worse ordered slow god alone know shuttle mostly super fast sound heavy moment touch racket stringsread,0
recomended medium range playersread,1
yellow part getting dammage quickly okread,1
average read,1
best marketread,1
good shuttleread,1
good product delivery thanks flipcartread,1
best class followed durabilityread,1
superread,1
badread,1
good productread,1
product genuineu identify seeing plastic cap boxread,0
good productread,1
super perfect flyread,1
poor qualityread,0
good shuttleread,1
price goodquality goodand also fast deliveryread,1
shuttle like yonex branding best shuttle everread,1
better indoor outdoorread,1
niceread,1
goodread,1
best quality read,1
good stuffread,1
goodread,1
good productread,1
nice shuttleread,1
bice productread,1
bestread,1
good qualityread,1
good one timely deliveredread,1
aswm product happy itread,1
superread,0
nice one durableread,1
quality similar wantedi satisfiedread,1
good product excellent serviceread,1
good qualityread,1
superbread,1
shuttle flight problemread,1
good qualityread,1
awsmread,1
got original one read,1
goodread,1
good choiceread,1
good service good productread,1
thankuread,1
badread,1
poor qualityread,0
bestread,1
goodread,1
goodread,1
goodread,1
reliableread,1
niceread,1
niceread,1
niceread,1
good buyread,1
good product timely deliveredread,1
goodread,1
gudread,1
bestread,1
damage productread,1
goodread,1
bad qualtyread,0
great lovebitread,1
regular read,1
okread,1
pro player wl hardly last daysfeather like quality bt low temperread,0
good lasting normal think bestread,1
nice landing safely nice shuttlesssssread,1
goodread,1
good quality productread,1
good quality shuttlesread,1
goodread,1
got proper yonex authenticationread,1
thank youread,1
excellent conditionperformanceread,1
goodread,1
excellentread,1
goodread,1
goodread,1
awesome look materialread,1
love productread,1
item quality badread,0
miceread,1
okread,1
game bad qualitynot original productread,0
niceread,1
quality slightly decrease compared oldread,1
bestread,1
goodread,1
good shuttleread,1
kk good badread,1
wast money cheap qualityread,0
awsomeread,1
good productread,1
superread,1
good gualityread,1
genuine product low costread,1
good product speed shuttle air goodread,1
goodread,1
good qualityread,1
kwality best read,1
bad quality dont waste money read,0
goodread,1
wonderful product delivered timely flipkart thank filipkartread,1
quality excellentread,1
niceread,1
best choice indian condition last longer beginner intermediate player always receiving original product flipkartread,1
nice product durable alsoread,1
likedread,0
lastingread,1
goodread,1
goodread,1
niceread,1
shuttle original shuttlesread,0
super qualityread,1
good like feather shuttleread,1
quality good cheaper shopsspeed okread,1
okread,1
best value used itread,1
original productread,1
good qualityread,1
bit costlyread,1
excellent service got one day even remote location like gangtokread,1
best product lowest price read,1
bestread,1
nice shuttle order itread,1
good correct flight reliableread,1
useless productread,0
good product fast deliveryread,1
original item much lower price local marketread,1
money worthyread,1
good thanks fkartread,1
good quality plesae dont purchaseread,0
nice shuttleread,1
got product expectedread,1
good light wet heread,1
goodread,1
good itemread,0
good oneread,1
shuttle long lastingread,1
goodread,0
thanks flipcartread,1
superread,1
goodread,1
im regular buyer time got bad quality shuttlesread,0
bad product given fault shuttlesread,0
shuttle lasted day onlyread,1
orginal productread,1
badread,1
osom productread,1
great playread,1
good productread,1
goodread,1
good product shuttle loversread,1
goodread,1
superread,1
still goodread,1
superb shuttlesread,1
original yonex shuttlecocksread,1
strong n durableread,1
niceread,1
original shuttle fulll money wasteread,0
goodread,1
nice productread,1
goodread,1
good purchaseread,1
one day one shuttle worst quality flipkartread,0
niceread,1
niceread,1
goodread,1
goodread,1
nice productread,1
good oneread,1
good productread,1
good productsread,1
good productread,1
shuttle max played time considering hr hard play time good thing seller sends genuine product sunrise authentication passed ordered second oneread,1
niceread,1
always bestsatisfaction guaranteednever disappoints issue bottom cork might crack get hard hit metal frame racquet easily last week per shuttle even harsh gameplayalways best mavis read,1
nice shuttle fall love shuttle got cheap flipkart thanks flipkart saving moneyread,1
time quality good please care brotherread,1
original yes best shuttle market ryt nowread,1
excellent product good quality loved last longread,1
bad qualityread,0
great seems fast naturalread,1
low quality shuttle sustain even hour game please buy hereread,0
awesome read,1
goodread,1
niceread,1
nice productread,1
goodread,1
good product fullfill expectation thank flipkartread,1
bestread,1
goodread,0
worst productread,0
original one nice play bought read,1
goodread,1
goodread,1
good oneread,1
happy productread,1
niceread,1
bestread,1
original yonex great value moneyread,1
lasting gamesread,0
good productread,1
goodread,1
goodread,1
good qualityread,1
badread,0
worstread,0
superb productread,1
good productread,1
good product long time certificationread,1
bad qualityread,0
niceread,1
goodread,1
niceread,1
satisfiedread,1
niceread,1
goodread,1
nice delivery product punctual according timingread,1
get damaged soonread,0
original productread,1
best purchaseread,1
great productthanks flipkartread,1
quality poorread,0
nice productread,1
worth moneyread,1
osm niceread,1
worst two piece damaged tooread,0
shuttle good muchread,1
good productread,1
nyc productread,1
quality good giving damage good read,0
product damagedread,0
superread,1
wasteread,0
nice productread,1
meterial low qualityread,0
nice productread,1
nice shuttleread,1
attractive smartread,1
good wintersread,1
nice shuttleread,1
thanks flipkart delivering hrsread,0
satisfied productread,1
good product shuttle damage matchesread,1
excellentread,1
work goodread,1
super productread,1
good perfomingread,1
good quality genuine productread,1
badread,0
normal qualityread,1
wasteread,0
badd quality lastread,0
best quality productread,1
like itread,1
look hard playing original qualityread,0
goodread,0
goodread,1
simply superbread,1
goodread,1
damaged earlyread,0
nice productread,1
goodread,1
satisfied quality productread,1
genuine productread,1
good product reasonable priceread,1
goodread,1
good usualread,1
good genuineread,1
niceread,1
shuttle poor qualityread,1
excellentread,1
shuttle durableread,0
patheticread,0
good service nice productread,0
good product hv playing product two yearsread,1
ready play best priceread,1
niceread,1
product goodbut take day deliverread,1
great quality product deserve price read,1
goodread,1
slow shuttleread,1
varry good productread,1
nice productread,1
first shuttle authentic rest shuttle compete spacex rocket term speed highly disappointedread,0
superread,1
superbread,1
packing bad shuttle damagedread,0
good onewe playing outdoor indoorread,1
shuttle genuineread,0
goodread,1
expected recommendread,1
nice shuttle qualityread,1
niceread,1
awesomeread,1
nice seems originalread,1
nice shuttle full control palyread,1
okread,1
good qualityread,1
awesomeread,1
excellentread,1
bad productsread,0
ok okread,1
satisfiedread,1
worthread,1
aswamread,1
goodread,1
goodread,1
powerfulread,1
niceread,1
goodread,1
suprrbbread,1
shuttle durable becomes fast shot prefer mavis read,1
goodread,1
long lastingread,1
good product value moneyread,1
good productread,1
good productread,1
genuine productsread,1
always goodread,1
superbread,1
goodread,1
niceread,1
good quality nowread,1
goodread,1
good shuttleread,1
superread,1
goodread,1
original productread,1
bad productread,0
good quality itemsread,1
old stockread,0
shuttle faster usualwasted moneyread,0
okread,0
shuttle goodread,1
east west flipkart best became flipkart fan delivering within day read,1
poor quality item got timeread,0
seems like original product disappointed shuttle wobbling remaining last matchesread,0
quality soo good delivery date soo late show dec received dec dont waste ur time order another appread,1
goodread,1
old stock sold single peace goodread,0
dont buy anyone shuttle flipkart site worst quality productread,0
excellent productread,1
nice productread,1
good facilityread,1
exlent productread,1
good one read lot negative review mavis purchase online time say better product good qualityread,1
loved original product delivered timeread,1
goodread,1
goodread,1
delevired less day oh godthanks flipkartread,1
received genuine productvery good original qualityread,1
amazing productread,1
value moneyread,1
good light weightread,1
light weight long liferead,1
awesome goodread,1
nice product satisfiedread,1
nice best qualityread,1
old stock gotread,1
st cork got damaged fast rest goodread,1
good product priceread,1
goodread,1
goodread,1
nice item u must buyread,1
niceread,1
happy flipkartread,1
bad productsread,1
nice productread,1
bad qualityread,0
yonex mavis pure shuttle dummy genuine bad quality old pak date box jan read,0
good price little bit highread,1
best classread,1
cork quality issue cracking soonread,0
superread,1
goodread,1
goodread,1
good price rangethanq flipkartread,1
orginal productread,1
genuine productgo itread,1
niceread,1
superrread,1
goodread,0
slow barely last day disappointingread,0
worth productread,1
somthing best youread,1
nice premium productread,1
niceread,1
goodread,1
worst quality fraud materialsread,0
good shuttle day playread,0
goodread,1
nice productread,1
niceread,1
difference orginal productread,1
nice productread,1
product badread,0
good worth priceread,1
durability cork bad enough even one dayread,0
shuttle cork look like may break within minute play otherwise okayread,1
valuableread,1
nice shuttlesread,1
old stock manufactured year back monthsread,0
bad product wast moneyread,0
tqread,1
niceread,1
good productread,1
plz go really worth every cork friend really happy reliability packread,1
goodread,1
nice best outdoor game read,1
nice product love itread,1
nice productread,1
goodread,1
good qualityread,1
goodread,1
always best fineread,1
nice product best outdoorread,1
niceread,1
goodread,1
niceread,0
nice productread,1
good productread,1
good crockread,1
awesome product mavis superread,1
good qualityread,1
nice prudectread,1
great productread,1
goodread,1
one shuttle six box wabbling first moment useread,1
okread,1
worst productdont even last matchesread,0
worst qualityread,0
good productread,1
goodread,1
good quality genuine productread,1
goodread,1
niceread,1
lovely productread,1
must buy exlent productread,1
reasonable costread,1
goodread,1
goodread,1
greatread,1
good productread,1
excellent product thanks flipkartread,1
nice oneread,1
goodread,0
good shuttle good flyread,1
niceread,1
best price hight flipkartread,1
niceread,1
really goodread,1
nice product cheap costread,1
good productread,1
absolute treasureread,1
goodread,1
quality feel upto mark shredded play shuttle weekread,1
real feelread,1
good productread,1
nice good practice session good qualityread,1
worth moneyread,1
nice compared priceread,1
goodread,1
good shuttleread,1
nice shuttleread,1
goodread,1
excellent love thanks flipkartread,1
goodread,1
superbread,1
goodread,1
super productread,1
good productread,1
bestread,1
excellentread,1
goodread,1
bought fast delivered quality goodread,1
nycread,1
superread,1
product good delivery fast thanks sharing best product priceread,1
superread,1
goodread,1
nice productread,1
good productread,1
value moneyread,1
good improve qualityread,1
super shuttle niceeread,1
one shuttle good condition due lack packingread,1
superread,1
goodread,1
good packing think seller bad becase got bad product time less quality broken fast pure china local productread,0
marvelousread,1
original quality product good packing swift delivery make happy customerread,1
original shuttleread,1
expectedread,1
damaged rapidlyread,1
niceread,1
original qualityread,1
goodread,1
niceread,1
good grip sideread,1
item look duplicate doesnt look original shuttle player one yr shuttle becomes useless earlier use play hr one shuttleread,1
goodread,1
best shuttle outdoorread,1
lovelyread,1
original product played yesterday wellread,1
goodread,1
good playread,1
superread,1
goodread,1
shuttle good box seems good qualityread,1
guy lot shuttle inside box damaged doesnt correct weight indoor playthe shuttle inside box wobbling plz dont buy flipkart site u find genuine sellersplz beware productread,0
good productread,1
goodread,1
goodread,1
good product long lasting indoor gameread,1
nice qualityread,1
poor qualityread,0
good product suggest buyread,1
goodread,1
thanks flipcartvery niceread,1
goodread,1
bad product poor quality really disappointedread,0
goodread,1
behtareen keep ordering monthly good intermediate player like meread,1
superread,1
slow slow lining wastage moneyread,0
goodread,1
niceread,1
high rate quality poor early brokenread,0
expectingread,1
product good manufacturer date augustread,1
great product reasonable priceread,1
good qualityread,1
good qualityread,1
goodread,1
nice productread,1
fast slow returning sends packing fresh yonexread,1
awesomeread,1
original productread,1
evergreenread,1
nicc niceread,1
good delivery n originalread,1
nice oneread,1
ok bettarread,1
good beginnersread,1
good outdoorsread,1
nice oneread,1
first time received bad quality product shuttle bad quality slow really disappointedread,0
shuttle always good timely delivered read,1
fine qualityread,1
good product fkipkart quickly devilry item thanks fkipkartread,0
nice productread,1
good regular practice nice qualityread,1
delivery time given day also took day extra meet promised delivery dateproduct goodread,1
superread,1
worthy product durable outdoor practice nice productread,1
goodread,1
bad slowread,0
good indoor grab like super slow shuttlesread,1
niceread,1
greatread,1
goodread,1
goodread,1
goodread,1
goodread,1
wonderfulread,1
product delivered time checked shuttle fine wobbling damage piece geniuneread,1
goodread,1
original productsread,1
niceread,1
good quality shuttleread,1
good love itread,0
original product delivered lightening speedread,1
good productread,1
good oneread,1
good practiceread,1
goodread,1
goodread,1
goodread,1
worst shuttle looking like r per pieceread,0
good productread,1
good product best shuttlecockread,1
perfectread,1
excellent item delivery service provided flipkartread,1
okread,1
niceread,1
go oldread,1
good poductread,1
goodread,1
naisread,1
goodread,1
niceread,1
nice productread,1
original product received thank speedy deliveryread,1
good nice read,1
goodread,1
nice shuttleread,1
got original product thanks flipkart vendor supplierread,1
awesomeread,1
always awesome read,1
nice product read,1
superread,1
shuttle good durable lasted rapid gamesread,1
badminton shuttle goodread,1
badread,0
superb productread,1
goodread,1
yesterday received product damagedi disappointed lost moneyread,0
good quality shuttlecocksread,1
goodread,1
love productread,0
goodread,1
good productread,1
goodread,1
goodread,1
quality packing super awesomeread,1
good quality shuttlesread,1
aswmread,1
thanks itread,1
go perfect match intermediate professional levelread,1
best qualityread,1
super expectedread,1
best playread,1
nice productgood qualityread,1
received original sealed product better price local sport storesread,1
goodread,1
evonomicalread,0
got used shuttleread,1
good product profit useable thanks flipkartread,1
best shuttle long liferead,1
good qualityread,1
original product know best segmentread,1
completion one game shuttle fastread,1
superbread,1
original light weighted ok ok play durability another issue shuttle long lastingread,0
got product timeproduct genuineread,1
good qualityread,0
excellentread,1
good nice speed shuttlesread,1
goodread,1
goodread,1
good product happy shuttle read,1
okread,1
gudread,1
shuttle goodand comparatively lastedread,1
finest shuttle practice durability shuttle awesomei bet wont regret playingread,1
nice quality shuttlesread,1
best delivery manread,1
fine good dilevaryread,1
goodread,1
good quality good costread,1
quality goodread,1
nice qualityread,1
good qualityread,1
good productread,1
good intermediate player best better otherread,1
strong build rough game nice movement speedread,1
niceread,1
goodread,1
best plastic shuttleread,1
nice productread,1
excellentread,1
awesome got read,1
goodread,1
awesome nice productread,1
goodread,1
satisfactory shuttle little fast quality seem degradedread,0
first attempt flipkart send local product replace order received yonex mavis thanks flipkartread,1
niceread,1
working well door gameread,1
marvellous product good beginnerread,1
greatread,1
old stockread,0
product seemed original fine quality although break like ice cream cone explodes even little moistureread,1
waste slow one want purchase go retail storesread,0
okayread,1
asked slow shuttle provided medium fast checked return period overread,0
goodread,1
niceread,1
genuine productread,1
goodread,1
goodread,1
good one expectedread,1
go amazingread,1
original product intact form delivered nothing comment branded product like yonex thanks read,1
superread,1
goodread,1
niceread,1
good quality probably best nylon shuttle go itread,1
superread,1
goodread,1
shuttle fastnot goodwont buy againread,1
superbread,1
best shuttlecocksread,1
goodread,1
nice flight good control perfect bat writing playing timesread,1
niceread,1
good performance goodread,1
flipkart best online siteread,1
havebeen ordering shuttle year orignal product incase time shuttle damaged flipkart quick n hastle free replace thankyou fair price n great servicesread,1
good shuttle playersread,1
okread,1
goodread,1
shuttle good average beginnersread,1
nice one good quality priceread,1
best among nylon shuttlesread,1
goodread,1
brought yonex green cap slow shuttle box fast think mix original duplicate making u foolread,1
excellent product genuine oneread,1
good qualityread,1
bad productread,0
got time old stock need check flight condition playingread,1
best qualityread,1
excellentread,1
worth moneyread,1
okread,1
received original productread,1
go good quality genuine shuttlesread,1
goodread,1
originalread,1
goodread,1
nice product indoors suitable outdoorsread,1
mark quality goodread,0
good niceread,1
good suttalread,1
nice productread,1
goodread,1
product delivered original packet flattened due shuttle lost shapedefective shuttle receivedread,0
grt product grt priceread,1
fairread,1
much satisfiedgood qualityquick deliveryread,1
awesome read,1
ordering since long time shuttle used good long lasting rigorous game used last min leastbut time really disappointed quality shuttle starting rotate couple set never expected quality bulk order tubesread,0
genuine product shuttle shaped dont buy product onlineread,0
nceread,1
nice productread,1
originalread,1
good oneread,1
ozm product delivered selected place read,1
niceread,1
good daily practiceread,1
v good coart good homeread,1
excellent authentic productexcellent packagingfaster deliveryread,1
great product perfect delivery timeread,1
super productread,1
okay okay shuttlesread,1
excellentread,1
fantasticread,1
original product correct delveryread,0
okread,1
nice productread,1
awesome product original durabilityread,1
poor quality shuttle sent may old stock one shuttle broke within day game played shuttleread,0
super rate highread,1
nice oneread,1
goodread,1
nice oneread,1
value moneyread,1
nice original product love playing badminton nowread,1
doubt may genuine productread,0
superread,1
goodread,1
goodread,1
original yonex product visit yonex sunrise website originality scratch code led type code websiteread,1
badread,1
goodread,1
expected excellent oneread,1
good packingread,1
goodread,1
look okread,1
good osm price really impressed productread,1
good one doubt go itread,1
amazing read,1
classyread,1
superbread,1
niceread,1
nice shuttlebalance goodread,1
best best got must buyread,1
niceread,1
quality good expectedproduct life time daysread,1
good productread,1
super productsread,1
look good rest comment day play minimumread,1
okread,1
goodread,1
awesomeread,1
worth moneyread,1
awesomeread,1
like shuttle qualitiesread,1
good jobread,1
excellent qualityread,1
awesome best comment say fake also fakeread,1
niceread,1
goodread,1
got latest one old stockpackaging goodread,1
bestread,1
favourite shuttle fast delivery flipkartread,1
packing product poor always receive press positionread,1
goodread,1
worthyread,1
shuttle fastread,1
excellent appread,1
best quality shuttle read,1
superb qualityread,1
niceread,1
nice productread,1
nothing recetread,0
multiple small small hole cork doesnt look like last longread,1
good productread,1
goodread,1
goodread,1
super qualityread,1
good qualityread,1
goodread,1
good materialread,1
excellent deal value worthread,1
happy order alwaysread,1
good shuttle decent priceread,1
god product attractive priceread,1
great shuttle flight shuttle good regret rate market costing around rupee flipkart got inrread,1
original qualityread,1
worthyread,1
fastest deliverynd product quality adorableread,1
good productread,1
good one perfect read,1
superbread,1
better thank local marketread,1
shuttle cork good genuinei verified yonex website read,1
suparread,1
looking gud lasting read,1
packing good plastic cover damagedread,0
goodread,1
goodread,1
goodread,1
would give full star product great quality unfortunately next box bought one shuttle damagedread,1
good product nice build qualityread,1
niceread,1
good productread,0
quality goodread,1
goodread,1
nice productread,1
goodread,1
goodread,1
good nice quality read,1
got damage shuttle pack rest goodread,1
quality seems good break one day playread,0
superbread,1
nice itemget item exceptedread,1
best green cupread,1
goodread,1
slow shuttle good per marketread,1
good boyread,1
thanks flipkart poor shuttle pack replacedread,1
rotine gameread,1
goodread,1
goodread,1
good productread,1
good productread,1
amazing qualityworth every penny read,1
excellent flight slow mentioned recommended beginnersread,1
superb qualityread,1
long lastingread,1
superbread,1
good productread,1
good productread,1
good productread,1
nice productread,1
nice usualread,1
niceread,1
really good last longer expectedread,1
worst product got squeezed box shuttle replacement got damaged productread,0
niceread,1
quality shuttle seems bad didnt even last game change two shuttle hour playread,0
good price muchread,1
good quality nice productread,1
satisfied product qualityread,1
poor qualityread,0
best intermediate playersread,1
niceread,1
superread,1
overall niceread,1
shuttle old damaged one day bad quality shuttleread,1
shuttle damagedec new pack shuttle damagedread,1
good productread,1
goodread,1
slowlyread,1
goodread,1
good quality shuttleread,1
best packingread,1
awesomeread,1
retailer shop need go shop buy itread,1
best daily playread,1
good productread,1
excellent design lifespanread,1
goodread,1
goodread,1
good alwaysread,1
goodread,1
u buy good productread,1
excellent productread,1
quality itemvery good packingread,1
good qualityread,1
nice productquick deliveryread,1
average quality shuttle goodread,1
shuttle good pricing made exorbitant per pack per pack increase within one year already trying alternativesread,1
niceread,1
niceread,1
pathetic qualityread,0
original product yonex im able authenticate sunrise portalbest shuttle indian conditionstreamed travel correct balance durablefor beginner intermediate level start oneread,1
goodread,1
good delivery boyread,1
excellentread,1
excellent first ordered one box tried whether fake genuine product selected slow found genuine product long lasting playing shuttle till suggested court town playing shuttle buying flipkart go without hesitationread,1
packing goodread,1
yonex greatread,1
packing product done properly mark request team take care future avoid damaging productread,1
giving review week use dont buy product seems selling second grade defective product shuttle start rotate time difficult play patethic productread,0
excellentread,1
worst read,0
good product read,1
niceread,1
niceread,1
ecobomicalread,1
damaged packread,1
awesomeread,1
good qualityread,1
goodread,1
original product happyread,1
niceread,1
shuttle better quality bought local shop much difference priceread,1
minread,1
okread,1
good product quick delivery impressive serviceread,0
badread,1
shuttle goodread,1
goodread,1
good quality original productread,1
good product read,1
excellentread,1
poor qualityread,0
price highcompare local shopquality goodread,1
expected good quality good one shuttle spinning issueread,1
look good use update qualityread,1
shuttle damagedread,0
best shuttlecockread,1
nice shulterread,1
goodread,1
nice productread,1
goodread,1
gud qualityread,1
greatread,1
superread,1
goodread,1
nice rate reasonableread,1
superbread,1
product per expectationread,1
goodread,1
quality poorread,0
goodread,1
good productread,1
thanksread,1
good productread,1
really niceread,1
good productread,1
packing damaged shuttle also damaged poor quality packingread,1
good qualityread,1
received genuine shuttle box flight pace level shuttlecock good little disappointed packaging seller flipkart side boxex little damaged although grateful shuttlecock damaged purchase seller thanks read,1
genuine productread,1
using mavis past year best shuttlecock marketnew stock delivered seller play double daily setsdurability awesome dayssmash drop toss everything perfectsome team member complaint shuttle heavy go away toss think shuttlecock problemgood job yonexread,1
niceread,1
niceread,1
niceread,1
flipkart cheating customer sending old shuttle boxesbooked box shuttle th december received manufactured shuttle bad condition going forward decides buy shuttle flipkart read,0
good productread,1
cost little lessread,1
much goodread,0
worth moneyread,1
value moneyread,1
ferfect deliveredgood productsread,1
good shuttle outdoor court shuttle last week even play smash daily good one purchaseread,1
superread,1
good oneread,1
niceread,1
durableread,1
good product bought barrel every month one trustworthy online shopping flifkartread,1
good packing delivery flight speed shuttle much faster usual mavis doubt genuinitythis time also packing perfect first shuttle taken wobbling good play disappointingread,1
goodread,1
superread,1
goodits original productread,1
goodread,1
middleread,1
ok beginnersread,1
niceread,1
gud product price rangegud indoor gameread,1
fast delivery good quality productread,1
good oneread,1
niceread,1
good shuttle stage simply go itread,1
nice product look genuineread,1
fast sarvisread,1
nice shuttle durable still working properlyread,1
niceread,1
good productread,1
better productread,1
superb guaranteed read,1
badread,1
two shuttle damagedread,0
goodread,1
goodread,1
best outdoor practice timeread,1
excellent qualityread,1
plz buy shuttleread,0
fantasticread,1
goodread,1
good shuttleread,1
nice product delivered timeread,1
best productread,1
excellentread,1
goodread,1
good product read,1
always best budget shuttlecock mrp r got r read,1
good productread,1
original productthanks flipkartread,1
superread,1
perfect producta great shuttle practice badminton regular basisread,1
nice productread,1
okread,1
nice productread,1
better price outlet good productread,1
goodread,1
good genuine productread,1
good costyread,1
good svuttlesread,1
best shuttle one playread,1
quality product go itread,1
superb qualityread,1
best oneread,1
value money read,1
good qualityread,1
badread,0
nice shuttle seller prompt delivery flipkartread,1
shuttle good quality durableread,1
good productread,1
awesome original producthowever box got low quality hope get complaint againread,1
value moneyread,1
useful beneficial alsoread,1
best product everread,1
good product delivered flipcartread,1
super excellent deliveryread,1
good practiceread,1
goodread,1
goodread,1
receiving used defective product shuttle shakingread,0
original reliableread,1
shullte worst qualityall shuttle spin accuracy badread,0
niceread,1
good qualityread,1
genuine productread,1
last order great shuttle speed varies temperature move fast hot summer day otherwise speed goodread,1
pathetic packing box crushedshuttles playing conditionread,0
goodread,1
great product great service flipkartread,1
one word osmread,1
long durableread,1
goodread,1
ok comfortread,1
delivery date long rest okread,1
yonex brandread,1
good productread,1
goodread,1
durable regular practiceread,1
absolutely original productread,1
good qualityread,1
valuable priceniceread,1
price valueread,1
niceread,1
goodread,1
worth product priceread,1
bad qualityread,0
goodread,1
nice shuttle night gameread,1
good meread,1
okayread,1
good product flipkartread,1
good lastingread,1
best u cant getread,1
awesome shuttle love itread,1
time delivery nice product national level player used shuttle practice found quality nice really original yonex mavis thinking buy wait go itread,1
good productread,1
original commentsread,1
excellentread,1
nice product worth moneyread,1
think original flight cork seen beforeread,1
good shuttleread,1
goodread,1
originalread,1
go itread,1
original product fast deliveryread,1
goodread,1
fast delivery flipkartnice productread,1
goodread,1
good product time deliveryread,1
goodread,1
mark durableread,1
good long lastingread,1
worstread,0
nice citalread,1
nicely packedread,1
good productread,1
goodread,1
cork perfect yes go price plastic quality improve lot mean plasticity plasticread,1
fineread,1
awsome productread,1
original product best price get must buyread,1
niceread,1
nice oneread,1
wel finishedread,1
nice productsread,1
excellentread,1
goodread,1
superb quality product received thanks flipkartread,1
best oneread,1
played two day shuttle started brokingread,0
genuine shuttle bought rsread,1
great qualityread,1
niceread,1
genuine affordable productread,1
best shuttle practiceread,1
fast delivery flipkart thank uread,1
good productread,1
good qualityread,1
worstread,0
good practiceread,1
goodread,1
sure whether product original counterfeit look like original quality good purchased similar box offline shop best quality first time received product flipkartdelivery packaging alwaysbest flipkartthanksread,1
niceread,1
good productread,1
cheap qualityread,0
nice productread,1
good product delivered fast goodread,1
genuine product good priceread,1
niceread,1
goodread,1
durableread,1
good durabilityread,1
asked green capbut came blue capread,0
genuine orginal productread,1
quality shuttle lowread,1
original product great pricethanks flipkartread,1
good productread,1
product good quality shuttle goodread,1
nice productread,1
good productread,1
good productread,1
worst qualityread,0
nice productsread,1
nice shuttleread,1
good productread,1
goodread,1
dont worry good productread,1
order got delivered within hr amazing delivery loved itread,1
niceread,1
nice quality originalread,1
teriffic productread,1
quality goodread,0
gudread,1
niceread,1
niceread,1
badread,1
awesome product price goodread,1
goodread,1
good originalread,1
goodread,1
fantasti shuttleread,1
good productread,1
super goodread,1
goodread,1
niceread,1
quality shuttle goodread,0
good better bestread,1
badread,0
nice product go itread,1
good quality productread,1
good quality shuttleread,1
niceread,1
good nowread,1
greatread,1
orginal productread,1
goodread,1
good product durable mavis price could little lower rangeread,1
nice oneread,1
goodread,1
feel like feather shuttle durable alsoread,1
good qualityread,1
genuine productvery satisfied performancevery slow last long indoor courtread,1
awesomeread,1
goodread,1
goodread,1
good productread,1
good product satisfied shuttle defectiveread,1
enjoyed playing received latest designread,1
superiorread,1
thanksread,1
good productread,1
bestread,1
good qualityread,1
goodread,1
nice shuttlesread,1
nice qualityread,1
worth buying thanks flipkartread,1
heavy useread,0
niceread,1
wortaverage qualitythe bottom part doesnt meet expectation yonexread,1
item fantasticread,1
perfect shuttle play fantastic game superread,1
good qualityread,1
good qualityread,1
nice productlong lastingread,1
bad qualityread,1
goodread,1
nice productread,1
original expectedread,1
goodread,1
good qualityread,1
slow shuttle feel like cheated qualityread,0
nice productread,1
goodread,1
normalread,1
regularread,1
best oneswith right amount bounce weightread,1
thank good shuttlesread,1
thanks replacementread,1
poor quality originalread,0
goodread,1
niceread,1
awsomemust buyread,1
niceread,1
evarageread,1
superread,1
niceread,1
goodread,1
good packingnot yet usedread,1
unbelievable price read,1
bestread,1
niceread,1
nice productread,1
superread,1
quick delivery genuine product best priceread,1
good quality genuine productread,1
perfect cost effectiveread,1
good flip kart best online shoppingread,1
goodread,1
quality expected wht u would buy sport shopread,1
good product like itread,1
nice n goodread,1
niceread,1
recommendedread,1
original productread,1
genuineread,1
niceread,1
sach nice productread,1
good one recommend shuttlecock beginnerread,1
superread,1
good product speed deliveryread,1
excellentread,1
perfectread,1
original productpacking also goodread,1
excellentread,1
worst product ever shuttle waste boxread,0
product really good cheap ratedelivery good tooread,1
badread,1
nice product read,1
quality earlier one please ensure quality markread,0
original productread,1
best gamrread,1
super shuttle like much thnx flipkartread,1
think buyread,0
good oneread,1
excelent qualityread,1
goodread,1
awesomeread,1
nice shuttleread,1
badread,1
expectationread,1
badread,0
last time bought piece defectiveit damaged playing minread,1
niceread,1
original yonexread,1
niceread,1
awesomeread,1
awsome qualityread,1
superread,1
genuine productnice clean play experience like featherread,1
happyread,1
thanksread,1
average couple shuttle box goodread,1
goodread,1
good last daymatches play outdoor read,0
nice productread,1
packing damaged resulting damage shuttleread,1
original cheaperread,1
berry nice picread,1
good look originalread,1
okay okay qualityread,1
amazing delivery timeread,1
superread,1
genuine product cheap priceand best thing one day delivery thanks flipkart teamread,1
good qualityread,1
goodread,1
using revert thanksread,1
nice shuttlesread,1
shuttle goodread,1
topbottom cab light weightwhyits originalread,1
good delivery delivery timebut delivery date longread,1
coming longread,1
goodread,1
shuttle much better series additional weight keep shot courtread,1
quality quite ok even though date manufacture month back suggestion date manufacture also included product detailsread,1
niceread,1
excellent qualityread,1
much appreciated read,1
good one reasonable priceread,1
goodread,1
okread,0
goodread,1
low qualityread,0
original product thats important thing know regular player knew original qualitygo get enjoy itread,1
everything goodread,1
packing parcel good six shuttle broken damage inside pack time feel like cheatedread,0
okread,1
super better iread,1
good quality shuttle broke within day regular usage usually mavis last around week regular usageread,0
happy day deliveryread,1
good worthyread,1
nice productread,1
worst product delivered please check product thoroughly got yonex cork cover like original yonex cork completely forged product inside cheap cork brand know rockersread,0
goodread,1
six shuttle good look like brokenread,1
always get best deal flipkart brilliant quality product serviceread,1
nice g dread,1
simply amazingread,1
good productread,1
superbread,1
niceread,1
awesomeread,1
yoread,1
original product think older stockread,1
satisfied shuttels moving expectation go team flip read,1
quality productread,1
osmread,1
nice productread,1
best cork ever usedread,1
original material tq flipkartread,1
shuttle defaultread,1
good excellentread,1
genuine product received daysread,1
smart boy delivered item time proper intimationread,1
super qualityread,1
good qualityread,1
nice productread,1
chauchak shuttle read,1
good quality received boxthanksread,1
rubber top plastic oneits goodbut play hardly could break week lessdepends upon play read,1
bad slow speedread,1
yes originalread,1
goodread,1
goodafter playing gameshuttle getting speedmay good qualityread,0
one day delivery flipkart without issuesread,1
good qualityread,1
niceread,1
time good quality like itread,1
low quality birdie birdie gone day wobbling first hit bought pack need see whether second one also like whether one defective pack dont want return already used day didnt seem good returnread,0
flipkart customer centricread,1
nice play cookcolor yellowspeed slow yonex mavis cap green colorpack quality best choice play everyoneread,1
good oneread,1
bad quality productand dont try purchaseread,0
nice oneread,1
doesnt last gamesread,1
quality shuttle good beforeread,0
nice quality fast shipment shuttle last least match great dealread,1
goodread,1
nice shuttleread,1
suprrbread,1
goodread,1
amazingly fast deliveryi ordered day yesterday evening got yesterday morningwould recommend sellerand also shuttle expected much satisfiedread,1
poor quality shuttleread,0
nice shuttlesworth itread,1
excellentread,1
good itemread,1
superread,1
goodread,0
goodread,1
goodlooks genuineread,1
nice oneread,1
good read,1
niceread,1
worthread,1
niceread,1
good deliveryread,1
nice productread,1
niceread,1
good productread,1
seems original one use n found perfect one got delivered one dayread,1
really horribleall hv received used onesplease dont buy productread,0
good product great pricei suggest itgo ita good choice badminton practiceread,1
goodread,1
perfect shuttle outdoor playread,1
superread,1
time lasting last time dont happen something wrong sure bit dissatisfiedread,1
okread,1
yonex always provide good qualityread,1
good quality n good service flipcartread,1
original shuttle yonexread,1
good product best delivery flipkartread,1
good cheapest priceread,1
good productread,1
shuttle durable dugread,1
long lastingread,0
product poor quality shuttle damage game earlier goodread,0
betterread,1
excellent shuttleread,1
playable indoor heavy weightread,0
good oneread,1
goodread,1
quality goodread,1
goodread,1
best availableread,1
using since longvery nice productread,1
okread,1
good qualityread,1
good oneread,1
genuine good productread,1
got genuine product scratched hologram code checked online sunrise site genuinethanks great price productread,1
goodread,1
delivered timegenuine productread,1
goodread,1
best product best pricethanks flipkartread,1
goodread,1
nothing say absolutely fantastic productbest deliveryread,1
good behavior prompt deliveryread,1
goodread,1
worth moneyread,1
bestread,1
good qualityread,1
nice productread,1
cost much less local msrketread,1
niceread,1
goodread,1
damaged product sendread,0
useful productread,1
good product priceread,1
goodread,1
must itemread,1
good qualityread,1
good productread,1
product goodbut got price near sport item soap read,1
waste money first pack got poor quality requested replacement replacement received quality local market bought product good qualityread,0
goodread,1
bad quality shuttle breaking shot shuttle pls dont buyread,0
product v niceread,1
good qualityread,1
wellread,1
got expectedvery nice product go itthan flipcartread,1
good qualityread,1
rough suttlesread,0
goodread,1
goodread,1
vry niceread,1
goodread,0
nice productread,1
time got substandard onesread,0
goodread,1
product look old poorread,0
good product outdoor playerread,1
shuttle faulty cant go straight dislodge position fliesread,0
goodread,1
genuine productread,1
goodread,1
fabulousread,1
original shuttle last one hour playthe area cork get cut hence changing flight n speednot happyread,0
bad qualityread,1
good productread,1
good qualityread,1
good beginnersread,1
excellent product niceread,1
good f quality mixed green black cork foundread,1
nice oneread,1
took lot time deliveryread,1
old stockread,0
good service flipcardread,1
quality per expectationsread,0
goodread,1
soft hardly go matchread,1
fast deliveryread,1
good productread,1
genuine productread,0
great product good service flipkartread,1
excellent service flipkartdiscount price lessread,1
recommendedread,1
poor product old product deliveredread,0
bestread,1
goodread,1
genuine productread,1
niceread,1
product quality bad last one dayread,1
goodread,1
good productread,1
cheapest market quality assuranceread,1
goodread,1
second purchase oddly enough shuttle jumping lot issue entire lot box wondering original yonex read,1
good productread,1
nice productread,1
good lasting day u improve qualityread,1
genuine product highly recommendableread,0
good qualityread,1
price reasonable compare market shuttle speed compare slow shuttleread,1
goodread,1
goodread,0
goodread,1
niceread,1
goodread,0
okread,1
goodread,1
nice productread,1
online purchase better offline purchaseread,1
goodread,1
good productread,1
original shuttle wobbling st game itselfread,0
excellent qualityread,1
plastic quality goodread,1
niceread,1
made japan wowread,1
gooooodread,1
good productread,1
niceread,1
good productread,1
superread,1
awsomeread,1
flip cart service cell ultimateread,1
one shuttle last daysgood mavis better last day half price mavisread,1
flipkart sell old productread,0
original product received time packed wellread,1
goodread,1
gd quality nycread,1
goodread,1
goodread,1
original productread,1
nice productread,1
nice productsread,1
superbread,1
good productread,1
good qualityread,1
bad quality got broken day dont buy allread,0
nice qualityread,1
satisfiedread,1
guinine productread,1
best shuttle play withread,1
niceread,1
best shuttlemavis like thatread,1
goodread,1
averageread,1
using shuttle everyday practicethis shuttle better quality comparison mavis cost less thiseach shuttle last day daily practice consists game along smash shotsso shuttle suit requirement everyday practicethe yellow shuttle better visibility white onethe colour band base shuttle represents speed shuttle ie green band slow speedblue band medium speed anread,1
okread,1
best price shopread,1
niceread,1
goodread,1
one among shuttle found used cheat expected flipkartread,0
go itread,1
goodread,1
original yonex mavis got product manufactured august read,1
okread,1
badread,1
good productread,1
durability expected game later worn outread,1
broke shuttle min playing think got duplicate one website yonex show product genuineread,0
good product lightread,1
bedread,0
slow shuttlesread,0
awesomeread,1
good qualityand nycread,1
goodread,1
good qualityread,1
shuttle broke short usageread,0
nice productread,1
badshuttle doesnt last hourread,1
goodread,1
super productread,1
good productread,1
goodread,1
item good condition delivery faster toldread,1
quality badread,1
goodread,1
good product itread,0
best product delivery time also less consumedread,1
goodread,1
reasonable price good qualityread,1
good outdoor playingnot indoor courtsread,1
nceread,1
adorble shuttleread,1
good usualread,1
ramread,1
opened box deliveredread,0
always bought product good wastage packread,1
bad product cash returnread,0
nice product superread,1
niceread,1
good qualityread,1
recommendedread,1
niceread,1
authentic long lasting shuttlesread,1
good quality shuttle recommended thisread,1
genuine productread,1
timely delivered good serviceread,1
greatread,1
good qualityread,1
genuine productread,1
good playing indoor stadiumsread,1
niceread,1
beautifulread,1
could slightly better value moneyread,1
goodread,1
good pin hole observed whole shuttlesread,1
satisfiedread,1
time delivered product poor condition one suttelcock match maximumread,1
goodread,1
durable well balanced good indor game thanks yonex flipkart timebeing delivaryread,1
bad material shuttle dont last long certainly fake yonex mavis flipkart selling suggest buy specially sellerread,0
good acceptable product dilivery also goodread,1
superread,1
awesomeread,1
nice shuttle good flightread,1
best shuttle cork yonex genuine productread,1
nice productread,1
goodread,1
shuttle lasted day playing hour day durable better mavis lasted day read,1
goodread,1
excellent qualityread,1
worst shuttlesthe shuttle doesnt last longread,0
best qualityread,1
niceread,1
nice quantityread,1
less rating delivery box crushed deliveryluckily none shuttle damagedshuttles good decent performance usually play hr shuttle tend wear tearwould rate read,1
important thing packing good nd cork good conditionread,1
best dealread,1
shuttle rotating goodmight received faulty boxread,0
varry good productread,1
good qualityread,1
damm goodread,1
great deal got thanks flipkartread,1
good qualityread,1
good product mavis ossm yonex mavisread,1
product goodread,1
super qualityread,1
shuttle original old break easilyread,0
genuineread,1
nice productread,1
goodread,1
good productread,1
goodlong lastingjust love read,1
best everread,1
delivery time good quality shuttleread,1
goodread,1
worth buyread,1
quality bad got damaged playing matchesread,0
good itemread,1
niceread,1
goodread,1
gud oneread,1
good productread,1
original best read,1
yes good shuttle lowest priceread,1
reasonable price best performance please reduce price possibleread,1
superread,1
parcel good quick time givenread,1
niceread,1
good n genuine productread,1
goodread,1
nice product thankyouread,1
niceread,1
superread,1
really good productread,1
genuine productsrest yonexdoesnt need reviewread,1
little bit lasting expectedread,1
good quality green one slow one single u wanted medium fast shuttle go blue tappedread,1
excellentread,1
nice muchread,1
worst product shuttle doesnt work even matchesread,0
poor qualityread,0
awesome productread,1
goodread,1
goodread,1
bad corckread,0
genuine productread,1
badread,0
good expecting low priceread,1
goodread,1
goodread,1
goodread,1
excellentread,1
good qualityread,1
excellent serviceread,1
nice shuttleread,1
great product love itread,1
much qualityread,1
superread,1
goodread,1
good productread,1
best shuttle beginer well expertread,1
fast delivery niceread,1
superb qualityread,1
nice product brought good one prizeread,1
stop scrolling buy product quality good remember international player look resultsread,1
nice brandread,1
nice productread,1
bad productread,1
worst item doublecat send pls avoid thisread,0
best alwaysread,1
product genuineits slow compare mavis read,0
delivery much fast lke itread,1
paid full deserve get time sound condition nothing appreciate however thanksread,1
nice productread,1
product properly packed deliveredread,1
quality shuttle goodread,0
received genuine product made japanread,1
one shuttle used last hour regular double match would suggest could little cheaperread,1
waste buyread,0
original genuine product thanks flipkartread,1
niceread,1
goodread,1
shuttle damagedread,0
workableread,0
good priceread,1
worst shuttle z better dn diz iread,0
played yet seems goodread,1
good oneread,1
quality item compare website costread,0
bastread,1
dont thing shuttle genuine shuttle last single game thats unlikely genuine yonex shuttle dissatisfiedread,0
good oneread,1
yonex original product compare original one weight little bit highread,1
value money nice productread,1
niceread,1
goodread,1
good shuttlesread,1
vry goodread,1
good productread,1
good acceptedread,1
given month back manufacturing date product experienced flipkart service goodread,0
poor qualityread,0
noread,0
awesome thanks quick deliveryread,1
good qualityread,1
superread,1
good original productread,0
bestread,1
genuine product nice quality good intermediatesread,1
seemed old stock shuttle wooden base damaged presence piercing many hole shuttle base advised check shuttle physically nearest shop purchase although may cost buck u b satiesfied gud purchaseread,0
fastest dievery hoursread,1
good packaging super fast delivery thanksread,1
perfect oneread,1
nice oneread,1
nice corkread,1
good niceread,1
goodread,1
goodread,0
goodread,1
badread,1
product uselessread,1
goodread,1
nice productread,1
awesome delivered early thanks ya product bought market per shuttle high product must say go itread,1
good qualityread,1
goodread,1
good shuttleread,1
one one shuttle ok others new playable viberent airread,0
happyread,1
superread,1
bad product light weight play think actual yonex read,0
good oneread,1
good quality productread,1
time delivery fast alsoread,1
sorry negetv revw genuine oneread,1
nice oneread,1
shuttle good professional intermediate playersread,0
saved minimum rupee compared least available price product original thank flipkartread,1
goodread,1
super good gualityread,1
nice shuttle long lastread,1
wonderfulread,1
bad shuttle think given local product buy product flipkart happyread,0
time better last time satisfiedread,1
quality upto markread,1
nice productread,1
nice product beautifulread,1
box almost lost shape got delivered meread,1
goodread,1
barrel one shuttle defect oneread,1
goodread,1
shuttle awesomeread,1
goodread,1
reasonable priceread,1
original product quality exalentread,1
good good priceread,1
much durableread,1
nice productread,1
fast deliverythanksread,1
orignal good qualityread,1
cork container good shaperead,1
service goodread,1
nice productread,1
good product box quality good packing quality must need improvedread,1
good original product price doesnt dip even salesread,1
goodread,1
high quality stuffread,1
excellentread,1
superread,1
aswome performanceread,1
super fast delivery course good packingread,1
good product thanks flipkartread,1
product excellentread,1
overall bestread,1
shuttle box came perfect condition shuttle good wellread,1
qwality poorread,0
super goodread,1
goodread,1
niceread,1
worth moneyread,1
goodread,1
good productread,1
packaging poor box one side crushed shuttle good shape qualityread,1
nice product timely delivery good jobread,1
poor quality deliveresread,0
worst shuttle ever receivedread,0
good prodectread,1
superread,1
good productread,1
good productread,1
awesomeread,1
original productread,1
good qualityread,1
shuttle good balance costlyread,1
nice damaged shuttle happyread,1
every time packing good time poorexcept everything fineread,1
perfect shuttle great flightread,1
good costlyread,1
genuine yonex productread,1
value moneyread,0
goodread,1
slowread,1
good responce fast deliveryread,1
old stockread,0
goodread,1
good productread,1
niceread,1
shuttle long lasting one authentic productread,1
worst productdont waste moneyread,0
lasted daywaste productthey changed manufacturing sticker sold itreviewing weekthe worstread,0
goodread,1
best class indoor bestread,1
value moneyread,1
good expectedread,1
nice productread,1
good oneread,1
good previous damaged gotread,1
v goodread,0
niceread,1
niceread,1
writing review using couple shuttlesthese original yes repeat original starting box cheap replica tell looking plastic lid shuttle wont last game flipkartvendor cheating customersread,0
im satisfied product second quality product slowly flipkart lossing assuranceread,0
nice productread,1
goodread,1
perfect go got time thanks flipkartread,1
good productread,1
poor qualityread,0
goodread,1
best read,1
one beat shuttle yonex outdorread,1
pack quality well maintained shuttlesread,1
well productno doubtread,1
quality goodread,0
durable long lastingread,1
good product great price purchased r two boxread,1
superread,1
product genuine good packaging inadequate shuttle bent due outer protection soft cardboard boxread,1
poor qualityread,0
bestread,1
marginal priceread,1
goodread,1
goodread,1
perfectread,1
quality shuttle goodread,1
duplicate flipkart product heard couple day back facing issue used shuttle first time flipkart actually tear within shot used shuttle span min game suggest kindly purchase somewhere elseread,0
low price good articleread,1
bad shuttle hiii dammage one gameread,0
goodread,1
worth money product r sale really loved awesomeread,1
wonderful productread,1
excellent productread,1
found originalread,1
good one indore gamesread,1
good qualityread,1
good packaging good productread,1
waste prouctread,0
good shuttlesread,1
good shuttle outdoor advance playerafter day slightly heavierread,1
good service thankread,1
super im happyread,1
nice good quality productread,1
quality low okeyread,1
niceread,1
product good worst packing flipkart product got damage packing read,0
great shuttle wised durableread,1
quality good expectedread,0
goodread,1
awsmread,1
delivery tym satisfy productsread,1
niceread,1
dont buy product totally duplicateread,0
awesome usualread,1
original shuttle carkread,1
serve purposeread,1
goodread,1
received packed crushed flat cap due one shuttle pressed uselessread,0
beat shuttleread,1
good product lost shuttle day professionalsread,1
best suitable indoor practice durable value moneyread,1
goodread,1
delivered time good product giving review completely usedread,1
bad productread,1
good oneread,1
nice product tiemly providedread,1
niceread,1
good product valuableread,1
originalread,1
good one cheaper pricrread,1
defective productread,0
good quality shuttlebad packing deliverytin twisted due tight packinghope better delivery next timeread,1
super productread,1
good quality suggest youread,1
goodread,1
flipkart assured always bestread,1
dpubt mavis one best shuttlecock price range always purchase playing match friendsi happy flipkartread,1
better previous one purchased also via flipkart worst like go read,1
gud productread,1
felt pretty slowread,0
product good delaye deliveredread,1
good quality product per yonex standerafter game product get damagedread,0
best bestread,1
heavy racquet string gone due heavy weight shuttlecorkread,0
nice product must buyread,1
day single shettle usedread,1
niceread,1
niceread,1
product good packaging wasnt taken care properly box received bit squeezed two side damaging one shuttle inside boxread,1
niceread,1
buyed timeread,1
worest product dont take anyoneread,0
day mavis shuttlebox containing duplicate shuttle got shuttle lite weight suitable play shuttle good purchased shuttleboxes sure problem flipkart seller manufacturing problemread,0
goodread,1
quality goodread,1
quality expected good made japan chinese product got r enquired everywhere less rupeesi would say go itread,1
shuttle damaging gamesread,1
goodread,1
goodread,1
niceread,1
niceread,1
okread,1
go forit original product read,1
supar productread,1
quality shuttle good playing min got breakage middle shuttle breakage cork made u dissatisfied productread,0
good one received original product thanks flipkartread,1
good qualityread,1
greatread,1
goodread,1
worest product dont itread,0
maximum shuttle shape outread,1
qualitywise goodread,0
goodread,1
good alwayread,1
goodread,0
awesome original fresh productread,1
superread,1
nice thnks flipkartread,1
delivery done timeread,1
best value price better shutttleread,1
niceread,1
cheapest compared market priceread,1
packing badread,1
goodread,1
nice shuttleread,1
niceread,1
good productread,1
goodread,1
satisfied productread,1
good shuttle found mavis durableread,1
box shuttle dented seems like delivery boy kept lot item box shape distorted shuttle fineread,1
best qualityread,1
goodread,0
excellentread,1
niceread,1
nceee one useful intermediate pplsread,1
competitive price fast deliveryread,1
good shuttleread,1
excellentread,1
best shuttle ever basmintonread,1
used good ok cork got deformed gameread,1
goodread,1
superb quality satisfied thanks flip kartread,1
wonderful shuttlesread,1
tnx teamread,1
okread,1
good qualitynew stockread,1
online purchased yonex mavis good quality dont purchase read,0
nice qualotyread,0
authentic product new stock great price bought read,1
niceread,1
item goodbut ekart service badread,0
poor quality materialread,0
excellant iobread,1
packing pathetic completely damagedbox broken slightly damaged cork never expected flipkartread,1
dont know even writing review everyone probably know bestread,1
good productread,1
replacement came bit late perfect shuttle perfect priceread,1
prompt delivery product expectedread,1
excellent badminton court especially beginnersread,1
good productread,1
goodread,1
superb niceread,1
niceread,1
delivery bad product goodread,1
niceread,1
goodread,1
originalread,1
low qualityread,0
greatread,1
shuttle look genuine suuuperrrrr slow cant play really disappointedread,0
bad quality shuttleand pathetic packingread,1
delivery superproduct goodread,1
amazingread,1
one tow damageread,1
thanksread,1
best buy good quality shuttle consread,1
bad qualityread,0
good qualityread,1
much delayed delivery product genuineread,1
nice shuttleread,1
perfectread,1
shuttle good conditionread,1
goodread,1
nice product speedy deliveryread,1
niceread,1
box got crushed cardboard box please dont pack thin cardboard box instead pack plastic cover along bubble sheet wrapped around box way shuttle wont get damaged slightly shapethe shuttlles perform next time order shuttle expect proper delivery without damage else returnread,0
shuttle good badread,1
nice productsread,1
good qualityread,1
nice product flipkartread,1
goodread,0
original check yonex website definitely lower price nearby shopsread,1
superb product delivered expected dateread,1
regular user product happy bought dealread,1
good slow shuttle speed like pro shuttle balanced durablego itread,1
goodread,1
quality goodread,1
bad qualityread,0
genuine correct flight outdoor conditionread,1
nice shuttleread,1
awesome productread,1
good productread,1
genuine productread,1
quality good enoughread,0
best shuttle every talent groupread,1
always preffered mavis slow indoor court best one read,1
goodread,1
expected nice quality quantityread,1
useablegoodread,1
product good condition received timely also behaviour sale politeread,1
good fast shuttlelasts longread,1
goodread,1
nice shuttle although get bit fast shotsread,1
ontime deliveryread,1
niceread,1
daily practice best shuttle satisfiedread,1
nice shuttle compared shuttle goodread,1
great price good qualityread,1
good used one lasted long little experienced find slowing cork little awkwardread,1
flirty quality corckread,0
worst quality playing game cork hoveringread,0
product good worst customer service took week deliver itread,0
counterfeit productread,0
poor qualityread,0
long lastingnice onegood smashegood qualityread,1
long durable superb shuttleread,1
badread,1
slow betterread,1
quality goodread,1
shuttle box tampered shuttled tooread,0
happyread,1
oldread,0
worth buy lasting two day two hour playread,1
good value moneyread,1
good product long lastingread,1
good nice quality useful priceread,1
super excellent product best price also original verifiedread,1
available cheaper local sport shopread,1
superread,1
niceread,1
nice productread,1
worth moneyread,1
goodread,1
goodread,0
product awesome got delivery daysread,1
good cualityread,1
goodread,1
yonex upto markread,1
best shuttleread,1
excellent productread,1
quality goodread,1
goodread,1
good proddectread,1
really nicevery durable nice quality al well perfect practicing professional regular use tooread,1
goodread,1
gooodread,1
amazingread,1
badread,1
quality product poor green cap recommended slow fast playingread,1
superread,1
nice oneread,1
slow shuttle good flight superb accuracyread,1
goodread,1
goodread,1
goodread,1
many time buy shuttlecock elsewhere start wobbling match shuttle great single shuttle easily last around match reliable would say time delivery flipkartread,1
nice quality especially indoor colored one help better visibilityread,1
nice productread,1
couple shuttle speed expected overall good productread,1
niceread,1
amazingread,1
good productread,1
always preferred choice onei like itread,1
good quality slower side even outdoorread,1
excellent product thanksread,1
nycread,1
product expected one satisfied delivery ordered night received product hand next day seller quick deliveryread,1
niceread,1
goodread,0
excellent product fast delivery wonderful service flip kartread,1
excellentread,1
goodread,1
supperread,1
highly durableread,1
superbread,1
better read,1
product good quality proper attention given delicate item transportationread,1
good qualityread,1
good productworth priceread,1
wonderfulread,1
fineread,1
good productread,1
awesomeread,1
original yonex good shuttle last long flight path excellent outdoorsread,1
nice productread,1
fast delivery thanks fksuper original productsread,1
nice productread,1
goodread,1
packing box good one shuttle got tear due worst packingread,0
nice productread,1
good productread,1
word simply superbread,1
goodread,1
fast shuttlesread,1
goodread,1
best shuttle thanku flippant read,1
product goodread,0
honestly bad experience shuttle looked fine game would say intermediate level started tearing offread,0
happy productread,1
exlent superread,1
goodread,1
recommendread,1
goodread,1
best product using one month still goodread,1
shuttle quality markread,1
playing yr got best shuttleread,1
fast shuttle playing day okread,1
overall good time shuttle way fast play ie used order pack month every month pack shuttle issue may duplicateread,1
nice corkread,1
good oneread,1
nicee product use fulread,1
good shuttle indoor use bunch intermediate advance shuttlers flight greencap shuttle good variation though one box another speedthe shuttle last long time problem flight pattern change say game may want toss shuttle reach stageoverall good value money plastic shuttle play somewhat similar feather last lot lonread,1
supperread,1
found genuine delivered well timeread,1
niceread,0
ball shakesvery badread,0
shuttle good slow broke day one shuttle purchased offline going daysread,0
goodread,1
original one good qualityread,1
long lasting good quality shuttle good begineersread,1
good productread,1
superread,1
shuttlecock speed fast compared friend bought doubt quality packread,1
product good delivery delay bangalore city inside itselfhmmread,1
genuine product packaging wrostread,1
product much good packaging good please improve packaging sirmamthankuread,1
bad cheap quality high cost watage moneyread,0
good originalread,1
durability mavis shuttle cork expected level quality decreased please check revert backread,1
buying yonex online always benefit cost wise complaint box bit squashed due transportationread,1
much durable r awesome durable read,1
love itread,1
best shuttle price range one bad whole box lasted day regular buyer box last minimum daysbut maybe old stock given time although best product price tangeread,0
good stuffread,1
awesomeread,1
goodread,1
good productread,1
packing well packing protect productread,1
good oneread,1
shipping handled well shuttle overturned thatread,1
plastic cover torn slightly product goodread,1
good productread,1
yoogot orignal productread,1
nice shuttlesread,1
cant rate high price offlineread,0
product good service worstread,1
good shuttle close feather speedread,1
genuine product great delivery time totally satisfiedread,1
super qualityread,1
recive original product thanksread,1
packing parsal good qualityread,1
niceread,1
good qualityread,1
greatread,1
orginal mavis gd productread,1
goodread,1
good productread,1
good look like old stockread,0
received product saferead,1
good oneread,1
genuine product deliveredread,1
bird head stained little mud worried whether used one good flight qualityread,1
original verified scratch coderead,1
good qualityread,1
nice app reliable genuine product delivered thanksread,1
shuttle slow get offline marketread,1
goodread,1
great product charge high online purchase near sport shopread,1
fantasticread,1
impressiveread,1
good productread,1
good qualityread,1
good productread,1
good fast deliveryread,1
good price read,1
goodread,1
fantastic qualityread,1
dont buy product flipkart shuttle box wobblingread,0
total barrel badread,0
great cheap per marketread,1
always good pickread,1
nice productu go itread,1
goodread,1
good productread,1
best ever recieved everread,1
gud shuttle worth pennyread,1
good lessread,1
happyread,1
excellent quality strong shuttle practice much durableread,1
worst shuttle comeread,1
good product genuine delivery timeread,1
excellentread,1
nice oneread,1
greatread,1
worst standard packing product box already crushed one side filler protect box shuttle container lid cheap thin almost see type lid flipkart yonex check authenticity product sellerread,0
good productread,1
poor quality shuttle withstanding even one hour single gameread,0
damaged shuttle satisfiedread,1
goodread,1
niceread,1
awesome productread,1
badread,0
price high local market r lessread,1
ok seems okread,1
genuine productread,1
good qualityread,1
shuttle different compared buy showroom dont know exact reason shuttle look like cheaper quality thats three starread,1
good conditionread,1
goodread,1
okread,1
okread,1
shuttle defectiveread,0
niceread,1
thank youread,1
quite wellread,1
suttles good packing poorread,1
niceread,1
really nice shuttle good price rangeread,1
good qualityread,1
nice oneread,1
good productread,1
nice durableslow speedread,1
bad qualityread,0
playing badminton last month quality good far believe make better shuttle coming soonread,1
niceread,1
good qualityread,1
good product niceread,1
good qualityread,1
nice product reached earlier expectedread,1
good oneread,1
good qualityread,1
goodread,1
good productread,1
goodread,1
good product thanks fast deliveryread,1
superread,1
okread,1
goodread,1
good replacement service first get defective productread,1
nice good priceread,1
goodread,1
competitive price fast deliveryread,1
originalread,1
nice productread,1
niceread,1
good shuttle thanks flipkart speedy delivery product authentic n originalread,1
hope price remains samemavis oginal product read,1
trustableread,1
bad qualityread,1
ok niceread,1
goodread,1
great productread,1
bestread,1
recommended friend genuine productread,1
best qualityread,1
best intermediate playerread,1
good dealread,1
niceread,1
good productread,1
nice product yonexread,1
nice product thanks flipcart deliveryread,1
prompt delivery good packaging last time wrong damaged shipment made time took corrective actionthank youread,1
superread,1
super shuttleread,1
happy product read,1
goodread,1
awesome nice productread,1
fast servicei received one dayread,1
delivery done give ratingread,1
nice productread,1
nice oneread,1
genuine productread,1
good nice productread,1
good qualityread,1
product nicepacking worst shuttle broken inside datdelivered assured daystill need work packaging aread,1
quality goodread,1
fast delivery nice productread,1
supetread,1
ideal good bestread,1
goodread,1
perfect oneread,1
good productread,1
good u say best also fell water many time still working bestread,1
got original product flip cartread,1
thanks speed dileviredread,1
niceread,1
goodread,1
goodread,1
excellentread,1
goodread,1
got best pricethanks fkread,1
product describedread,1
niceread,1
superread,1
excellent delivered productread,1
originalread,1
thank flip card best product though first shopping still awesomeread,1
best shuttle everread,1
fantastic original product doubt dont worry go read,1
greatread,1
nice product delivered time thank flipkartread,1
good practiceread,1
doubt universally bestread,1
nice original one go itread,1
product amazing love itread,1
good product read,1
good one nice durabilityread,1
good faster delivery thanks flipkartread,1
worth moneyread,1
received packing looseread,0
goodread,1
genuine good quality go itread,1
many shuttle started wobbly flight second day platingread,0
goodread,0
good product time delivery loved itread,1
ordered pillar one damaged shuttle goodread,1
goodread,1
niceread,1
nice productread,1
awesome product loved itread,1
waste product ball worst pls next time good quality pls change next time seller lread,0
great shuttleseven better one available shop right nowread,1
good quality shuttle delivered happy purchaseread,1
read,1
goodread,1
value moneyread,1
shipped within hour thanks quick deliveryread,1
really worth payingbest suited outdoor indoor wellread,1
best one budget even though badminton novice still could feel difference shuttle productsthis similar characteristic feather shuttle last much longerread,1
goodread,1
superread,1
goodread,1
nice shuttleread,1
good productread,1
good user friendlyread,1
satisfiedread,1
durable happy productread,1
good qualityread,1
nice productread,1
good qualityread,1
goodread,1
goodread,1
nice shuttleread,1
goodread,1
good shuttlecock play regerous gamesread,1
v goodread,1
good oneread,1
value moneyread,1
nice cpcks working goodread,1
thats goodread,1
wanted prompt deliveryread,1
outstandingread,1
good product low cost comparision marketread,1
goodread,1
genuine good product serviceread,1
niceread,1
good professional training alsoread,1
thank nice priceread,1
good product low priceread,1
excellent productsimply get cheaper marketread,1
good rate relatively lessread,1
thanks flipkartread,1
good productread,1
good productread,1
wowread,1
superread,1
goodread,1
gud nice product better play training purposesread,1
good intermediate player shuttle last gamesread,1
received original productread,1
gugread,1
good shuttle beginnersread,1
verygood productread,1
best productread,1
good productread,1
perfect meread,1
found decent price flipkart manufacturing date three month old satisfied dealread,1
goodread,1
superread,1
prfect product perfect deliveryread,1
shuttle goodread,1
superb product love fast serive flipkartread,1
get best priceread,1
got delivered next daygood quality shuttle priceread,1
timely complete serviceread,1
nice productread,1
niceread,1
best shuttleread,1
good daily practiceread,1
excellent productread,1
niceread,1
goodread,1
good productread,1
got expectedread,1
nice productread,1
quality productread,1
time delivery good priceread,1
received product excellent condition good packing quick delivery keep flipkartread,1
goodread,1
delivery fast expected tq ekart logisticsread,1
goodread,1
great product best price r flipkart new stock well shuttle slow good also advantage using shuttle tournament hosted india intermediate plus level use yonex mavis read,1
perfectly suitable outdoor much diff local storesread,1
awesome product price amazing service love flipkartread,1
bad productread,0
niceread,1
excellentread,1
marvelous goodread,1
product ok nicely packedread,1
duplicate product shuttle fast like red cappls dont buyread,0
packing awesomeno destruction shuttlegreat serviceread,1
superread,1
nycread,1
playing mavis last year buying mavis flipkart since last year late quality shuttle degraded shuttle bought flipkart slow expected quite fast make useless hardly game two bought store problem make doubt quality shuttlesread,1
good oneread,1
good qualityread,1
goodread,1
exellent productread,1
simply best oneread,1
nice one long lastingread,1
nice wobbling fly perfect orginal one box quality badread,0
quality productread,1
time delivery product original genuineread,1
seller mixing good one duplicate shuttle fluctuation speed mean flight ok almost bought bundle kerala official rate give read,0
product quality goodread,0
first classread,1
nyc original shuttleread,1
condition good available market priceread,1
goodread,1
badread,1
ratewise excellentread,1
disappointed shuttle quality shuttle wobble air zero starsread,0
bought flipkart used shuttle shuttle bad remaining also lasted half time original shuttle use goread,0
good quality durable lastingread,1
goodread,1
good productread,1
excellentread,1
goodread,1
excellent price little bit lessread,1
good n genuine productread,1
fast delivery thanks flipcartread,1
goodread,1
third class product sent flipkart time shuttle continue daysread,0
goodread,0
niceread,1
goodread,1
goodread,1
good one pack one two correct flightread,1
good one neat packaingfast deliveryread,1
magnificent productsread,1
buying multiple buyer time found genuine shuttle thanks lot flipkartread,1
gd product value moneyread,1
price less delerread,1
good regular usage indoorread,1
goodread,1
nice oneread,1
good productread,1
superread,1
product goodread,0
quality good professional still last long timeread,1
best quality low priseread,1
thanks flipkartread,1
highly worthread,1
used shuttle felt goodread,1
vry gud product n delivery superbread,1
good productread,1
goodread,1
good shuttleread,1
niceread,1
bad productread,0
goodread,1
worst shuttle waste moneyread,0
excellentread,1
really goodread,1
okread,1
satisfiedread,1
poor qualityread,0
goodread,1
sorry returned product sent mewithout seeing insideyou already sent one boxplease send remaining boxesread,1
thanksread,1
good old stock productsread,1
goodread,1
goodread,1
good quality thank flipkartread,1
shuttle good feather shuttle flight life good wellread,1
good productread,1
express delivery good keep upread,1
good productlife better well balancedspeed also goodshuttle im aspectingread,1
good qualityread,1
nice people paly regularly massive shot last long goofread,1
good qualityread,1
goodread,1
genuine ok intermediate playersread,0
thanksread,1
product good quality good delivery lateread,1
good going try get thing cartread,1
good productread,1
goodqualityread,1
goodread,1
good product fast deliveryi like flipkartread,1
nice productread,1
good product haveread,1
goodread,1
bestread,1
dont buyread,0
original product delivered sallerread,1
nice goodread,1
yonex mavis goodread,1
goodread,1
good product nice sellerread,1
quality gudread,1
really good productbut shuttle qualityread,1
great shuttle durable perfect balancedread,1
yonex bestread,1
must buyread,1
good product goodread,1
gd productsread,1
original productsread,1
good one expectedread,1
niceread,1
usual great ontime deliveryread,1
goodread,1
thank nice productread,1
good qualityread,1
wonderful productread,1
sent broken seal box used shuttle disappointedread,0
orginal satisfiedread,1
nice original productread,1
gdread,1
nice read,1
good priceread,1
good quality reasonable priceread,1
received time doubtful original notread,1
best shuttle middle class people dread,1
goodread,1
good product value moneyread,1
awsm product shuttle strong love play itread,1
good product bought product many time sometimes clearly see product product variationread,1
good productread,1
goodread,1
good fresh stockread,1
genuine productread,1
good packing orginal yonex productread,1
good productread,1
perfect outdoor tooread,1
shuttle fastread,1
good product delay deliveryread,1
nice productread,1
better rate open marketread,1
outdoor best good playing match friendsread,1
goodread,1
nice productsread,1
superbread,1
awesomeread,1
quick delivery well doneread,1
good genuine productread,1
nice good fast delivery low priceread,1
niceread,1
goodread,1
excellent qualityas expectedread,1
markread,1
produt good delivery badshameread,1
nice productread,1
good oneread,1
good best priceread,1
goodread,1
well made shuttle may last month eachread,1
genuine product quality good thanks flipkartread,1
yonex mavish green cap nylon shuttle fit beginner also good player badminton go disappoint youread,1
goodread,1
best quality quality product quick delivery happyread,1
good oneread,1
price highread,1
package perfectly packed transition got slight damage outer box onlyread,1
superb qualitygot money worththank youread,1
totally satisfied productread,1
goodread,1
niceread,1
worriesgood packingdidnt face issue productread,1
bad shuttle heavy weightread,0
get open box shuttle uumm oki know mavis ausambut start game shuttle bubbling shuttle bubbling mean say directive pcsread,0
right choice outdoor gameread,1
nice packed fast delivery good filpkartread,1
niceread,1
good productread,1
excellentread,1
quality goodread,1
cheked sunrise genuine productread,1
delivered time good deal awaiting dealsread,1
oxread,1
r goodread,1
good qualityread,1
genuine productread,1
super fast delivery also best quality shuttlecocksread,1
midium qualityread,1
goodread,1
brilliant productread,1
shuttle good quality also goodread,1
good oneread,1
goodread,1
original qualityread,1
long lasting better performanceread,1
product breakableread,0
goodread,1
must say nicest shuttle price paid long lastingread,1
goodread,1
good productread,1
awesomeread,1
good cant afford feathersread,1
value moneyread,1
goodread,1
worst product ever purchased till nowhard lower part shutttles fixed properly ist shuttle box proper quality rest bad qualityread,0
genuine yonex confirmed website plastic quality soft base crock less poursread,1
great productread,1
excellent practiceread,1
nice product durabilityread,1
genuine product fine qualityread,1
good expectedread,1
value moneyread,1
awesome excellent packaging delicate item full mark flipkart read,1
cheap nd good shuttleread,1
good qualityread,1
nice productseems originalread,1
quality upto markread,0
good shuttleworth moneyread,1
superread,1
worst qualityread,0
love flipkart wonderful offer delivery great without damaging delicate itemread,1
goodread,1
good productread,1
good qualityread,1
thanks seller flipkart fast delivery behaviour delivery boy good thanksread,1
hoodread,1
good product superbread,1
good product timly deliverread,1
super fast delivery flipkart simply awesomeread,1
awesomeread,1
good productread,1
excellentread,1
goodread,1
quick delivery quality goodread,1
nice brake fastread,0
goodread,1
goodread,1
nice productread,1
niceread,1
awesomeread,1
good last couple matchesread,1
nice product best priceread,1
comment day shuttle quality less business purposesread,1
good price increasedread,1
useful product worth moneyread,1
good productthe issue shuttle cork shuttle go upper part remains ok moment used transparent tape around green strip new shuttle mitigate issuethanksread,1
niceread,1
good qualityread,1
awesome product discountread,1
shuttle fine like normal one delivered timeread,1
amazing cashback phoneperead,1
best qualityread,1
ordered next day available read,1
shuttle boxbut quality felt using itread,1
nice prodectread,1
good dry weatherread,1
product pirated day getting lot pirated product flipkart aware thisread,0
awesome flipkart give always value money oneread,1
best productread,1
good betterread,1
nice read,1
slow shuttle medium fast slow medium shuttle mixed badread,0
sublimate itemsread,1
awesomeread,1
goodread,1
nice dealread,1
good product nice qualityread,1
nicread,1
good product thanksread,1
niceread,1
uselessread,0
goodread,1
best productread,1
shuttle base poor recent shuttle come porous wood get withered away daysread,0
baddont buyread,0
quality goodread,0
qualityread,1
good one weight one get shopbut lastsmoreread,1
good lastingread,1
good product long lastingread,1
supper productread,1
awesome productread,1
goodread,1
good productread,1
quality shuttle really good one last week really happy got original yonex product fake shuttle become common todayread,1
gd productread,1
nice productread,1
superread,1
poor quality shuttle break single dayread,0
goodread,1
good qualityread,1
good qualityread,0
nice product speed deliveredread,1
goodread,1
niceread,1
nice oneread,1
good excellent performanceread,1
awesome productread,1
goodread,1
best shuttle intermediate levelread,1
nice productread,1
superb product price really shuttle good good priceread,1
great product good priceread,1
poorread,0
good productlasts two day powerful gamesread,1
good quality high rateread,0
great value money dealon time delivery cheapest marketread,1
niceread,1
good productread,0
fineread,1
checked product official site genuine pleased quick delivery within day excellent serviceread,1
look genuineread,0
good oneread,1
niceread,1
head shuttle usually break matchesread,0
worst shuttle flipkart servicesread,0
everythingread,1
goodread,1
thanksread,1
amazingly quick delivery didnt even take hoursread,1
good quality shuttle long lasting qualityread,1
excellent condition productread,1
original shuttlesread,1
excellent shuttleread,1
superb regular practice good accuracy appropriate weightread,1
quality acceptableread,0
super productread,1
excellent productread,1
nylon shuttle ok bestread,1
good qualityread,1
durable shettleread,1
superread,1
reason bought online beaucse price quality good mavis shuttle find within r go itread,1
good one lastingread,1
nice product marvis read,1
durableread,1
awesomeread,1
niceread,1
gud product thank flipkart read,1
use everyday hour last weekread,1
nyc productread,1
good prdtread,1
wrost itemread,1
okay product cork bottom wear soon top part get torn soon doubt whether originalread,1
percent original shuttle flipkart good priceread,1
fentasticread,1
ultimateread,1
fantasticread,1
good qualityread,1
good one originalread,1
good good playersread,0
good quality read,1
shuttle good overallread,1
hmmm goodread,1
goodread,0
great product im extremely happy product great buy indeedread,1
goodread,1
one best shuttle intermediate player slow steadyread,1
bought twice really cool worth buying online especially offerread,1
average quality shuttlesread,1
fineread,1
product delivered ontimeread,1
happyread,1
goodread,1
flipkart service good product quality good damaging bottomread,1
goodread,1
goodread,1
gud productfast deliverybest price read,1
good productread,1
good buyread,1
way buying shuttle seller way getting good product time got two defective shuttle base cracked delivery time also much take near one weekday deliver read,0
mavis best door playit durable play gamesread,1
goodread,1
coolread,1
excellentread,1
good shuttleread,1
niceread,1
bestread,1
nonsense product cheated meread,0
fastread,0
nice productread,1
superread,1
good qualityread,0
economic sir please good economic everybody go niceread,1
good productread,1
good oneread,1
good one buyread,1
badread,0
excellentread,1
nothing comment product package greatread,1
goodread,1
awesome item price play hard surface housing society hit lot smash play shuttlecock day maximumread,1
good onewe played continuously daysvalue moneysatisfied productread,1
suppar prodectread,1
goodread,1
one seems original flight speed variation compared original read,1
good quality good flight last game flight speedread,1
superrread,1
goodread,1
good quality shuttlecock got destroyed weekread,1
nice qualityread,1
goodread,1
suck ive got shuttle worthless piece junkread,0
nicei book anythingread,1
nice one wastage money right utilization moneyread,1
excellentread,1
packing good rate moderateread,1
goodread,1
originalread,1
ya goodread,1
gud qualityread,1
good playread,1
original product recommendread,1
betterread,1
good original productread,1
goodread,1
good productread,1
good productread,1
supper duperread,1
seem genuine onesread,1
good product serviceread,1
best deal proven productread,1
thanks flip cart expected deliveryread,1
best one worthy moneyread,1
good add given mavis doz isread,1
best productno need confusejust buy itread,1
fast deliveryoriginal productreasonable priceread,1
say first amount take read,1
nice productread,1
goodread,1
good produtread,0
good flipkart easy order thingread,1
worst product wrong item sendread,0
delivered time thanksread,1
good quality productsread,1
nice product really happy thanku flipkartread,1
nice productread,1
looking genuineread,1
nice productread,1
nice shuttleread,1
best quality ti rateread,1
best quality read,1
good productread,1
play badminton tar road shuttle durable last week road previously used use mavii used spoil daysread,1
superbread,1
good shuttle affordable priceread,1
super quality good productread,1
great qualityread,1
one best shuttlecock ever usedmust buy everyoneread,1
great experience buying yonex flipkart flipkart five awesome offersread,1
good productread,1
good productread,1
good product think original brandread,1
product good price lil high waiting sale seasonread,1
nice shuttle thanks flipkart good packing timely deliveryread,1
best qualityread,1
totally original mavish thanks lotread,1
good qualityread,1
good productread,1
goodread,1
best flipkartread,1
received completely different item cheap qualityread,0
averageread,1
best hai broread,1
best shuttle fr outdoor love itread,1
imitation original mavis playing mavis yr nowread,0
good indoorsread,1
product good dilevery boy also goodread,1
product expected displayed thankyouread,1
best qualityread,1
quality poor good beginningread,0
disgusting product read,0
goodread,1
poor qualityread,0
good productread,1
nicread,1
good productread,1
solidread,1
goodread,1
ee recived orginal one niceread,1
goodread,1
good product yonexread,1
badread,1
nice productread,1
good qualityread,1
nice productread,1
best shuttleread,0
nice priceread,1
great productread,1
nice genuine productread,1
good product rate highread,1
satisfiedread,1
default product delivered companyread,0
goodread,1
superread,1
greatread,1
ideal beginner intermediate level player last longerread,1
okread,1
bad qualityread,0
nice productread,1
good qualityread,1
goodread,1
gud productread,1
goodvery poor qualityread,0
good productbut doesnt life long time read,1
bad qualityread,1
gud playread,1
using st shuttle far goodread,1
good productread,1
shuttle goodread,0
came soon really appreciateread,1
bestread,1
nice durabilityread,1
best shuttle good priceread,1
product well packed n contained mavis shuttle n brand new delivered hour happy purchaseread,1
nice good productread,1
good packing delivery product original yonex always better buy senior playersread,1
fast delivery good packing originalread,1
badread,1
gvry gd productread,1
mavis good coriyar good every time ask moneyread,1
best badminton experience everread,1
proper professional shuttle doesnt deviate much open area wind pressureread,1
loved itread,1
nice productread,1
shuttlecock quality okay last game double point wobblesread,1
thanks ekart boy good serviceread,1
good product buy less read,1
good priceread,1
nice product shuttle superread,1
nice one go itread,1
goodread,1
superread,1
okread,1
delivered within one day goodread,1
product awesome delivery boy delivered product time nice personread,1
goodread,1
best price yonex suttleread,1
goodread,1
suit groupread,1
niceread,1
badread,1
felt difference shuttle quality comparing offline storei doubt product authenticityread,0
niceread,1
genuine good product best service flipkartread,1
mst awom productread,1
thanksread,1
nice one affordable priceread,1
good oneread,1
satisfied ur serviceread,1
best professionalsread,1
gudread,1
averageread,1
goodread,1
good qualityread,1
good qualityperformance goodbut life time shortread,1
great suttle yonexread,1
bad productread,0
good quality product thanks yonexread,1
good professional beginner less life u get running daysread,1
found expectedread,1
good productread,1
goodread,1
goodread,1
worth buying trust meread,1
goodread,1
durable productread,1
good delivered mentionedread,1
timely delivery product expectedread,1
price lower sellersbut slower mavis blue capread,1
goodread,1
good qualityread,1
nice productread,1
product original genuine simply super bthanks flip kartread,1
worst product delivery flipkart flipkart bothering customer simply delivering unsealed used productsread,0
goodread,1
nice product lowest priceread,1
super productread,1
good shuttlesread,1
excellent product low pricegenuine loved itread,1
gudread,1
fabulous productread,1
best shuttle used pro tournament shuttle used day rough use intermediate playread,1
niceread,1
satisfied quality good productread,1
nice gud product damage gudread,1
star flipkart delivery order placed pm shipped pm delivered next morning bangalore thumb logistics product originalread,1
good quality suppliedread,1
excellentread,1
nice one quality concern old dated manufacturingread,1
good quality shuttle originalread,1
original product good quality read,1
packaging pathetic box containing shuttle deformed proper packaging required guessread,0
gud productread,1
superbread,1
nice playread,1
good productread,1
good oneread,1
good productread,1
nice productread,1
seller good product new delivery also timeread,1
good productread,1
nothingread,0
goodread,1
goodread,1
good quality productread,1
wasteread,0
goodread,1
good productread,1
fineread,1
cork goodread,1
goodread,1
niceread,1
niceread,1
betterread,1
niceread,1
good qualityread,1
awesomeread,1
niceread,1
good productread,1
top classread,1
good loseread,0
good productread,1
good pankigread,1
goodread,1
product good improvement required delivery timeread,1
thank flipkart return great shuttle play outdoorread,1
niceread,1
shuttle speed proper quality great two hour play n shuttle totally devasted condition good great conclusion would buy question think aboutread,1
nice productread,1
good productread,1
goodread,1
original yonex shuttle flight good even using gamesread,1
bad dont buyread,0
nycread,1
good productread,1
good purchaseread,1
goodread,1
good enough priceread,1
goodread,1
nice qualityread,1
best playingslightly faster feather shuttlesbut gr nylon shuttle read,1
product markshuttlecocks get tarn day itselfread,1
awesomeread,1
product nice delivery badread,1
best everread,1
arrived time good productread,1
excellentread,1
think perfect shuttle beginner n regular practiceread,0
good productread,1
nice productread,1
poor qualityread,1
perfectread,1
original product great dealread,1
stay long read,1
fast delevery item quality goodread,1
niceread,1
badread,1
excellentread,1
got decent productread,1
good productread,1
worthread,1
nice productread,1
wastedread,1
love itread,1
good productread,1
okread,1
discounted item really worst shuttle got damaged cork match happened ordered similar time must priced around poor build quality must recycled cork day retailer shop also selling price better purchase thereread,0
super buy offer price good read,1
low quality productread,0
thanku flipkartread,1
mavis shuttle excellent come contact dewawater dont last much timeread,0
using last year regular playing best nylon shuttleread,1
great oneread,1
good productread,1
awesomeread,1
good qualitydelivered earlier expected dateread,1
good product late deliveryread,0
worst dont buy cork throttlingdelivering qa failed productsread,0
thise product oldread,0
though mentioned yonex quality poorread,1
horrible experience first seller sent pack white child playing shuttle may packed mavis cover contacted flipkart told dat idea seller despite fact dat flipkart assured anyway promised change changed relievedread,0
poor qualityread,0
good qualityread,1
good productread,1
goodread,1
greatread,1
poor qualityread,0
goodread,1
good product good door court must buyread,1
nice product worth money low priceread,1
awesome price gud package authentic productread,1
nice productread,1
good product read,1
superbread,1
super qualityread,1
product goodread,1
good productread,1
gud read,1
delivered right timeread,1
excellent priceread,1
shuttle almost going double hard gamesbut little bit fast compared similar model vendorsread,1
product goodservice fast within day got item thanks flipkartread,1
low quality product one original mavis cork lasted even single match seller blacklisted flipkartread,0
good delivered time shuttle doesnt last even day sticker inside got first dayread,1
poor qualityread,0
awesomeread,1
getting ordered read,1
niceread,1
goodread,1
goodread,1
fineread,1
product goodread,1
niceread,0
best shuttle beginner good practicing badminton always suggest mavis outdoor indoor wellread,1
okayread,1
igood productread,1
genuine mavis shuttle thanks flipkart amazing priceread,1
nice productread,1
good productread,1
good productread,1
nice product read,1
v goodread,1
goodread,1
excellentread,1
good badread,1
niceread,1
send product extra packing used pressed transportationread,1
satisfactoryread,1
soo nice correct price buyread,1
nice productread,1
goodread,1
goodread,1
good product reasonable priceread,1
less price frm mrkt nice prdct delay delivery thts nt gdread,1
pure product receivedread,1
superbread,1
goodread,1
product goodread,0
best yonex mavis value price super fast delivery dayread,1
excellent product thanks flipkart fast deliveryread,1
goodread,1
bad really good qualityread,1
fully satisfied orderread,1
awesome quality best priceread,1
nice productgood qualityread,1
delivery boy nice behaviourread,1
nice productread,1
good product like normal sport store nice conditionread,1
good quality shuttlelasts upto one week per shuttle even rough useread,1
niceread,1
nice bt come delayread,1
goodread,1
niceread,1
good productread,1
good purchaseread,1
goodread,1
good productdurability wellread,1
niceread,1
good servieceread,1
excellentread,1
product goodread,1
amazing hello flipkart wany tell somthing badminton tournament coming please please give free delivery yonex voltric ld please please ok read,1
nice productread,1
happy service keep upread,1
goodread,1
good superbread,1
likeread,1
satisfying product one easily rely flipkartread,1
original good productread,1
cool product less price thanks flipkartread,1
good productread,1
superb shippingfast deliverygood item shownthanx flipcartread,1
good oneread,1
nice recommend use made japanvery good qualityread,1
good shuttle costlyread,1
goodread,1
perfect flipkstrread,1
nice shuttle read,1
wowread,1
usually buy market last day easily time bought online didnt even last one day also shuttle much slower bought market feel fake product exact copied packagingread,0
good productread,1
goodread,1
awasomeread,1
really good productthnks flipkartread,1
nice productread,1
best deal read,1
goodread,1
nice product starsread,1
goodread,1
goodread,1
smartread,1
within hr delivered good productread,1
reasonable price comparativelyread,1
okread,1
fast delivery nice shuttle beginnersread,1
cheap product described expectedread,1
well timeread,1
goodread,1
superbread,1
good quality low pricesread,1
got genuine productread,1
good productread,1
good productread,1
perfect pack completely packed sealed box niceread,1
yoread,1
good productread,1
averageread,1
poor quality time totally wrong producti really unhappy sellerread,0
normal play onlyread,0
good buyread,1
quality good okread,1
topread,1
excellentproductread,1
genuine quality checked official sunrise website shuttle brand new top notch box little squeezed shuttle intactread,1
goodread,1
superread,1
goodread,1
goodread,1
greatread,1
good productread,1
best shuttle less amount offerread,1
goodread,1
medium speed bought flipkart want speed go mavis iread,1
nice productread,1
good shuttlesread,1
nice original productread,1
shuttle nice delivery also goodread,1
good product worst delivery serviceread,0
good oneread,1
awesomeread,1
okread,0
dear allthe reason gave product single star due following reason product authenticity question box ordered lasted lessmax set started disintegrating cork came comparison box shuttle purchased sport shop gguy lasted game disintegrating colour shuttle comparison box flipkart darker green yellowish tinread,1
costly quality okayread,1
goodread,1
avarageread,1
worst productdont buy flifkartread,0
best option purchase least priceread,1
goodread,1
much good kamchalao read,1
goodread,1
goodread,1
worst product dont buyread,0
nice bt deadly slowread,1
goodread,1
except packing flipkart everything goodread,1
full bawkbass waste money cant use playing hoursread,1
much time taken delivery otherwise product excellentread,1
good quality productthanks ekartcourier boy flipkart giving timeread,1
goodread,1
good qualityread,1
glamorous shuttle thanxx flipkartread,1
awesome qualityread,1
goodread,1
goodread,1
happy shuttle look duplicte shuttleread,0
happy shuttlesread,1
delivered promptly good qualityread,1
orginal productread,1
awesome product right time deliveryread,1
product expectedread,1
old itemread,0
original yonex shuttle excellent flightread,1
superread,1
got product time best quality read,1
excellentread,1
thanksread,1
goodread,1
good genuine read,1
amazing rupeeread,1
nice productread,1
excellentread,1
good quality productthe shuttle doesnt give howsomuch beat itsturdy enoughread,1
quality goodread,0
goodread,1
must say delivery time perfect every aspectu delivered two product different statesu really deserve starsread,1
niceread,1
sure original shuttle green sticker hold cork skin getting cut never seen farread,0
goodread,1
goodread,1
original poor qualityread,0
goodread,1
good quality appreciated thnksread,1
excellentread,1
poor quality use intermediate n advance playersread,1
good productread,1
great product less price thank flipkart read,1
price highread,0
fineread,1
packing goodread,0
please rate mach product goodread,1
balancedread,0
bestread,1
good productread,1
goodread,1
best priceread,1
good quality good delivery service keep upread,1
best shuttleread,1
authenticgo got thanks flipkartread,1
good shuttlesread,1
good productread,1
good prodict bt price retailshops alsoread,1
gpod shuttleread,1
niceread,1
good quality original yonex worried come white hopefully sent nylon yellow thanks purchase rsread,1
niceread,1
genuine product delivery fast thnx f cart read,1
quality good expensiveread,1
good experienceread,1
product original delivered fastly promised date paking good condition happyread,1
perfect professional playersread,1
shuttle quality goodread,0
goodread,1
delivered mavis green cap product page said medium speed shuttle would recommend beginner intermediatesread,1
good qualityread,1
nice productread,1
worthy excellent piece cockspurthank flipkartread,1
stable shuttleread,1
superread,1
durabilityvery goodread,1
awesome always yonex rock read,1
nice one getread,1
niceread,1
best qualitygood air time light weightalso lasting wellloved itread,1
nice productread,1
nice shuttlespeed also fine also go fr getting read,1
good every packet always defective piece perhaps company policyread,1
nice quality came timeread,1
one best shuttleread,1
good oneread,1
goodread,1
dont buy product flipkart gave update regarding product informationread,0
good productread,1
nice shuttle gud packingread,1
best product time delivery original productread,1
fineread,0
nice box nice priceread,1
nice productread,1
shuttle nice thump upread,1
best one class lucky get itread,1
nice flight shuttleread,1
goodread,1
good productread,1
long time period delivery otherwise perfect itemread,1
best shuttleread,1
awesome seems shuttle last everread,1
greatread,1
goodread,1
come good prize super qualityread,1
quality good product genuineread,1
awesomeread,1
good product fast service flipkartread,1
good better qualityread,1
good indoor gameread,1
recived product mavis shuttels early prduct damagedread,1
excellentread,1
good buy star tip shuttle doesnt last long otherwise greatread,1
good expectationsread,1
amazingread,1
reasonable priceread,1
good productread,1
good play worthy productread,1
bad qualityread,1
good qualityread,1
good oneread,1
good quality nice weight buy without worryread,1
good product better mavis read,1
yonex mavisgood product badmintonread,1
goodread,1
packing markread,1
nice product flight really nice delivery time also good came day dayread,1
awesome product delivery service also goodread,1
gud product got low price rsread,1
nice productread,1
met expectation read,1
good quality shuttlesread,1
goodread,1
nice productread,1
great stuff read,1
nice qualityread,1
shuttle broken within day usageread,1
okread,1
nice productread,1
bestread,1
good oneread,1
good quality productread,1
well packed received good conditionread,1
superread,1
ok productread,0
niceread,1
good n betterread,1
original product best priceread,1
good n genuine productread,1
vry gud productread,1
awesome productand time delivery add valueread,1
received mentioned good conditionread,1
original good product priceread,1
greatread,1
good shuttlesread,1
product pretty good reasonable priceread,1
niceread,1
genuine nothing need sayread,1
niceread,1
nycread,1
nice productread,1
good productread,1
best qualityread,1
good productread,1
shuttle goodread,1
nice productread,1
nice productread,1
goodread,1
im happy got yonex mavis shuttle today ordered today got todayread,1
bad delivered timeread,1
good qualityread,1
goodread,1
nice productread,1
goodread,1
super quality durable shuttle yonex quick delivery flipkart else needread,1
nice productread,1
nice productread,1
nice productread,1
extremely durable good product nonethelessread,1
happy product look like genuine outside box low quality cheated delivered three box instead four box unhappy thidread,1
delivered time nice packaging happyread,1
gud shuttle read,1
good shuttle boxread,1
niceread,1
awesome productread,1
always goodread,1
good qualityread,1
nice productread,1
priced shuttle coz competition brand term shuttle flight quality read,1
pack little crushed product delivered otherwise product faring betterthe product delivered promised date happy regardread,1
good quality prompt deliveryread,1
great productread,1
nice product good qualityread,1
niceread,1
give quick delivery look like original sure quality use get think cheapread,1
good product expectedread,1
niceread,1
product delivered time original yonex happy quality shuttle got orderedread,1
super nice packread,1
best buyread,1
goodread,1
good oneread,1
good qualityread,1
product quality goodread,1
nice productread,1
best quatity yonex fast delivery ordered sunday got mondayread,1
best price quality productread,1
got genuine productread,1
good productread,1
excellent productread,1
nice go itread,1
nice productread,1
good value moneyread,1
good productread,1
thanks seller gave packed box shutte really genioun productread,1
original good playread,1
nice productread,1
superread,1
good onesread,1
goodread,1
nice productread,1
good quality got delayed shipping productread,1
value money better buy local sport storeread,1
bad quality read,0
flipkart always best nice geniune product flipkart thanksread,1
topnotchread,1
good product flipkartread,1
thisproduct veryhelpful servicesread,1
product good delivery good box completely flattenread,1
superbread,1
gudread,1
niceread,1
much durableread,1
thanks flipkart good quality productsread,1
nice buyread,1
doubt mavis good seller sent mavis instead return replace sure intentionalread,1
excellentread,1
good productread,1
good oneread,1
much goodread,1
good productread,1
quality good thanks seller timely deliveryread,1
worthy productsread,1
nice shuttle specially price ultimateread,0
delivered time product excpectedthanks fkartread,1
excellentread,1
superbread,1
goodread,1
super producti got r read,1
goodread,1
nice producti received sunday product best condition shuttlecock nice read,1
good product best price delivery flipkart also good shuttle best quality usual thanks flipkartread,1
goodread,1
nice product perfect intermediate playersread,1
bad avgread,1
nice shuttle cracked broked daysread,1
value money good delivery flipkartread,1
goodread,0
good productread,1
good qualityread,1
long time work ingread,1
niceread,1
nice product super fast deliveryread,1
awesome job flipcarti loving itread,1
got cheap shuttle lasting long green strip coming quickly causing cork base separate quicklyread,1
good product niceread,1
nice oneread,1
good productread,1
nice product go itread,1
good clubread,1
goodread,1
amazing deal thanks flipkart bought r read,1
good paking fast ilike muchread,1
ball worst conditionsread,0
superread,1
original lessprice happyread,1
one shuttle good others okayread,1
excellent againread,1
good intermediateread,1
mavis good last one usedread,1
goodread,1
seemed original rest r upto mark disappointedread,0
goodread,1
good quality shell liferead,1
goodread,0
goodread,1
good productread,1
baad qualityread,0
packing good product quality mediumread,1
niceread,1
received package appropriate time nice package original product best qualityread,1
goodread,1
mavis good indoor play better go itread,1
good qualityread,0
badminton shuttle good quality niceread,1
nice product fully satisfiedspeed shuttle goodread,1
bought inr big sale one best shuttle cork available one would normally last atleast day hour play dayread,1
good productread,1
good shattleread,1
goodread,1
shuttle light compare shop purchase may duplicate itread,0
good indoor gameread,1
good productread,1
quality goodread,0
good productread,1
really goodread,1
awesome trainingread,1
best product outdoor playread,1
brought product waste money given used product pl dont buy productread,0
packing betterread,1
light weight shuttle great professional playingread,1
gud oneread,1
poor qualityread,0
grtread,1
nice stuttlelove itread,0
nice delivered product high quality shown cortread,1
shuttle look genuine packing terrible box easily easily get damaged shuttle inside get spoilt opt better packingread,1
got original yonex malvis thanks flipkart delivery slowread,1
goodread,1
best quality best priceread,1
good qualityread,1
quality goodread,1
nice product reached timeread,1
original product receivedread,1
nice product good beginnersread,1
best one practice last long tooread,1
goodread,1
expectedread,1
top qualityfeel real playingread,1
good productread,1
cheap priceread,1
goodread,1
nice orignal productread,1
goodread,1
goodread,1
nice durability superior indoor courtread,1
durableread,1
good shuttle warm climatic conditionsread,1
goodread,1
good packing product liked itread,1
though got product around r good shuttle broke day play intermediate level play box lasted day soread,0
last long worth buyingread,1
best cheap compared online site quality markread,1
nice productread,0
originalread,1
go u r beginner badmintonread,1
good shuttle yonexread,1
shuttle v gud v nice price v durableread,1
good quality product liked itread,1
good productread,1
good oneread,1
good qualityread,1
good genuineread,1
nice oneadipolyyayin broread,1
goodread,1
superread,1
good oneread,1
goodread,1
good shuttlelong lasting balancingread,1
good balance shuttle less durable playing give great experienceread,1
good smash shotread,1
awsm delivery good productread,1
superbread,1
good quality shuttle enjoy playingread,1
goodbut price high bought shuttle dealer r price surgingread,1
good product indoorread,1
last long timeread,1
mavis much demand best shuttle intermediate semi pro playersread,1
best productread,1
perfect intermediate playersread,1
good qualityread,1
high quality product good amateur like meread,1
two shuttle defective star prompt deliveryread,1
gudread,1
packaging properly doneread,1
goodread,1
product goodread,1
received barrel seal happy productread,1
product good enoughread,0
goodread,1
worst product online purchase please consider reviewread,0
best indoor playingread,1
good one nd v r hppy product actly v r vry dbtfl online shoping nd allbt frnds r hpy tnk u filpkart read,1
hello friendsi would like tell play badminton regular basis friend shuttle first choice practised daily hour shuttle last day also time damage crown fur area rather cork good product beginnersread,1
good find issueread,1
small delay delivery however product goodread,1
goodread,1
fully satisfiedread,1
good product received mavis read,1
good product packing goodread,1
nice projectread,1
good productread,1
poor qualityread,0
best shuttle get playing outdoors indoorsread,1
nice shuttleread,1
good itemread,1
goodread,1
ya v gudread,1
superb quality aspected read,1
value moneyread,1
beginner excellent professional slow otherwise classy product beginner like meread,1
bestread,1
best product thanksread,1
nice oneread,1
good productread,1
good qualityread,1
excellent delivery flipkart authentic productsread,1
delivered day best price happy receiveread,1
good reasonable offersread,1
goodread,1
thanks team timely deliveryread,1
niceread,1
hi everyone using shuttle worth buy play indoor court buy itread,1
best buyread,1
nice experienceread,1
great product pricecan get offer againread,1
price offer goodread,1
get good cork usualthank u flipkartlov muchread,1
great productread,1
nice product worthble priceread,1
good productread,1
third qualityread,0
amazing outstanding offer dont miss itread,1
bad item weight unsutable outdooeread,0
niceread,1
really worth buying go ahead buy game onread,1
badread,0
gud oneread,1
shuttle r best among available outdoor indoordelivery fk time price highread,1
niceread,1
original product worth buyingread,1
good shape good qualityread,1
awsomeread,1
quality product supeer starread,1
got nice piecesread,1
goodread,1
best productread,1
excellentread,1
today totally hearted delivery boy rudely behaviourduring delivery timeread,0
average quality productread,0
item seal already openedread,0
goodread,1
nice product delivery service poorread,1
nice shuttle good outdoor gamesread,1
goodread,1
nice shuttleread,1
badread,1
awesome productread,1
good mread,1
excellentread,1
got product package perfectly seal broken played day best classread,1
thnxread,1
niceread,1
best product ever seenread,1
goodread,1
super prductread,1
good productread,1
shuttle slow mark waste money better try sellerread,0
goodread,1
location direct sport showroom bought r online business much trickyread,0
product okay cheaper buy offlineread,1
packing quality verypoorbut product genuineread,0
okay simply go itread,1
shuttle brand newthe packing gooddelhivery delivered timethe shuutle exelent indoorread,1
happy productsread,1
thanksread,0
superread,1
nice shuttle yonex got reasonable price thanks flipkartread,1
good durableread,1
product good playersread,1
niceread,1
good daily playerread,1
good oneread,1
gud quality productread,1
nice productread,1
paid worth paying money itread,1
niceread,1
good qualityread,1
purchased r expected discountbut quality goodoriginal product flipkartread,1
good productread,1
okread,1
genuine product perfect delivery timeread,1
supb really happy buy shuttle good quality product dont think go aheadread,1
nice excellentread,1
good product proffesional player long lasting shuttle good one flipkart thanks good product thinking purchasing bulkread,1
one shuttle properly read,1
received good set ideal flightread,1
overall quality product price justifiedread,1
goodread,1
yonex mavis strong excellent shuttlesread,1
goodread,1
product good got best price fkread,1
yonex mac best quality productsread,1
really fabread,1
great playing outside durable dont break easy good weight ameture playersread,1
best practice shuttlescork back ensures feel shuttle durablebest long matchesread,1
good product bad qualityread,0
nice shuttle quality medium pace shuttleread,1
good shuttleread,1
goodread,1
good productread,1
nice oneread,1
good productread,1
good shuttleread,1
shipping freeread,1
product good qualityread,1
awesome deal awesome pricelove itread,1
good product right appread,1
goodread,1
good original productread,1
nice product yonex never let best company according meread,1
good quality shuttlecocksquite impressiveread,1
good shuttle cocksread,1
good durable good play got damaged earlyread,1
shuttle wear didnt even play read,1
good oneread,1
genuine product reasonable price good see daysread,1
nice product liked lot price worthread,1
original quality shuttle playing match shuttle tearing offread,1
original sealed nice product go flipkart best reliable online shoppingread,1
price r high ontime delivery good play conditionsread,1
dont buy fraud seller mrp sold mrp discount made silver something read,0
rate high local market getting boxread,0
item gudbt priced retail price read,0
booked mavis qty sometime flipkart cancelled offer due high demand product money got deducted think flipkart thing often liquid cash deposit money earn interest overnight ond night deposit flipkart benefiting money cancelling product request everyone go codread,0
duplicate shuttlecock original container absolute cheating fake shuttlecock signsbottom line clearly square square original top line window originalrest check youtube vd google itread,0
thanks flipkartread,1
flipkart giving offer purchasing item get extra ordering order got cancelled stating reason item per userread,0
item originali one box purchased store thickness one bought online like mavis placed inside mavis boxread,1
mrp hai indiatum mrp rakh k less de rahe hoband karo ye loot milti hai aajao yaharead,0
nice service flipkart well dealerread,1
product doubt good star price mentioned really misleading say hereoriginal discount one buy amazon sometimes sport storesread,1
rate got box nothing diffrence customer like expects discount buying online rate higher price local also wondering product iam seeing different different rate understanding whyread,1
duplicate product pls dont buyread,0
quality poor seems product original better avoid sellersread,0
would given star rating service found shuttle box seem new oneread,1
spend someore buck buy good oneread,0
fake shuttle suppliedread,0
product quality good first delivered place return fast good serviceread,1
good serviceread,1
quick delivery loved much delivered one dayread,1
checked genunity product online show originalread,1
cancel orderread,1
returned productread,0
conditionread,1
thought pack never blow hole cork quality usual similar local pack even get low price local shopread,0
dilevary lateread,1
good quality genuine product sealed pack worriesread,1
dont go product definitely fake since missing hologram side pack dont ever go itread,0
smarterread,1
good qualityread,1
product original read,0
cheatingread,0
lovable productread,1
quick delivery proper packingread,1
product delivery fast hasslefreeread,1
promt deliveryread,1
timely deliveryread,1
shuttle awsm played also delivery super fastread,1
upto mark product good delivery timeread,1
order reached two day late delivery person cannot reached phone irresponsible behaviour customer care call holded minute cut box came pressed luckily damage insideread,1
flipkart best delivery system among e commerce company please maintain edge one beat read,1
fake product get orginal speedread,0
ordered fast yonex shuttle flipkart delivered slow yonex shuttlesread,0
thank flipcread,0
nice product getting best rate marketread,1
delivered less daysread,1
super fast deliveryread,1
got product damaged form packing damn bad receiving product already crushed also found shuttle six used oneread,0
cant order box together order order automatically cancelled please fix issueread,1
goodwill yonex company universal delivering good productnot detected flipkart appreciable flipkartread,1
shuttle perfect seems durable one thing disappointing called receiving orderit wasnt home deliveryread,1
received order fix timeread,1
good product excellent service flipkart delivery date product reached meread,1
fastest deliveryread,1
poor customer service delivery boy cant even minute time wait deliver product gone office collect really disappointingread,0
late dileveryread,0
box damagedread,0
please refund amount collecting return itemread,0
excellent quick deliveryread,1
thanks delivery boy service always awesomeread,1
priced even discount price much higher usual misleading description medium speed shuttlesread,0
much priced getting r home town advantage purchasing item flipkart want wait almost day get itread,0
priced flipkart please checkread,0
hii flipkart customer carewhy delivery boy bring swipe machine himplz tell delivery boy keep swipe machinethank youread,1
pricedread,1
haamaare yaha local market main yahi shuttle per set boxmein mil rha haintoh aapke yaha se kyun lunganahi saahiyeokitna mahanga shuttleread,0
get product around max retailerread,0
wrost duplicate productdont buy seller productflipkart ko seller ko block kr dena chahiyeread,0
received product intact sealedread,1
delivered time price high marketread,1
mark available market less priceread,1
nice delivery speedread,1
complaint item best one way priced easily available open market far less price around read,1
sure charged product mrp okay pay r product compared mrp rd time flipkart care customer feeling earlier product get delivered even multiple request team care sentiment customersread,0
