OrderID,CustomerID, ProductCategory, ProductPrice,Quantity,DiscountPercent,PaymentMethod,OrderStatus,City,OrderDate,TotalAmount,DiscountAmount,FinalAmount,Month,Year
100001,4174,Beauty,2036,3,5,Debit Card,Delivered,Pune,2023-01-01,6108,305.4,5802.6,1,2023
100002,4507,Sports,4456,3,20,Cash,Cancelled,Mumbai,2023-01-02,13368,2673.6,10694.4,1,2023
100003,1860,Beauty,2648,4,0,Debit Card,Delivered,Chennai,2023-01-03,10592,0.0,10592.0,1,2023
100004,2294,Sports,4493,2,0,Debit Card,Delivered,Mumbai,2023-01-04,8986,0.0,8986.0,1,2023
100005,2130,Sports,1483,9,10,Debit Card,Cancelled,Chennai,2023-01-05,13347,1334.7,12012.3,1,2023
100006,2095,Sports,859,7,5,UPI,Returned,Chennai,2023-01-06,6013,300.65,5712.35,1,2023
100007,4772,Beauty,2210,7,10,Credit Card,Cancelled,Bangalore,2023-01-07,15470,1547.0,13923.0,1,2023
100008,4092,Beauty,598,6,5,UPI,Delivered,Bangalore,2023-01-08,3588,179.4,3408.6,1,2023
100009,2638,Sports,1933,3,15,Credit Card,Cancelled,Delhi,2023-01-09,5799,869.85,4929.15,1,2023
100010,3169,Clothing,2325,6,10,UPI,Delivered,Delhi,2023-01-10,13950,1395.0,12555.0,1,2023
100011,1466,Home,2371,8,10,Cash,Delivered,Chennai,2023-01-11,18968,1896.8,17071.2,1,2023
100012,2238,Home,274,8,20,Cash,Cancelled,Mumbai,2023-01-12,2192,438.4,1753.6,1,2023
100013,1330,Home,4897,9,10,Debit Card,Delivered,Pune,2023-01-13,44073,4407.3,39665.7,1,2023
100014,2482,Beauty,3671,1,5,Cash,Returned,Pune,2023-01-14,3671,183.55,3487.45,1,2023
100015,3135,Beauty,1036,1,20,Debit Card,Delivered,Mumbai,2023-01-15,1036,207.2,828.8,1,2023
100016,4444,Clothing,699,3,10,Credit Card,Cancelled,Mumbai,2023-01-16,2097,209.7,1887.3,1,2023
100017,4171,Home,337,3,10,Cash,Returned,Bangalore,2023-01-17,1011,101.1,909.9,1,2023
100018,3919,Home,2297,8,15,Credit Card,Returned,Pune,2023-01-18,18376,2756.4,15619.6,1,2023
100019,4735,Sports,3896,1,10,UPI,Delivered,Chennai,2023-01-19,3896,389.6,3506.4,1,2023
100020,1130,Beauty,2085,2,0,Credit Card,Cancelled,Delhi,2023-01-20,4170,0.0,4170.0,1,2023
100021,2685,Home,2957,2,20,UPI,Delivered,Bangalore,2023-01-21,5914,1182.8,4731.2,1,2023
100022,4380,Clothing,4120,3,0,Credit Card,Delivered,Pune,2023-01-22,12360,0.0,12360.0,1,2023
100023,1769,Clothing,2100,6,20,Credit Card,Cancelled,Mumbai,2023-01-23,12600,2520.0,10080.0,1,2023
100024,3391,Home,2810,1,15,Cash,Cancelled,Pune,2023-01-24,2810,421.5,2388.5,1,2023
100025,2515,Beauty,4186,2,10,Credit Card,Delivered,Chennai,2023-01-25,8372,837.2,7534.8,1,2023
100026,4485,Clothing,1649,1,10,Cash,Returned,Bangalore,2023-01-26,1649,164.9,1484.1,1,2023
100027,3853,Sports,746,5,10,Cash,Delivered,Mumbai,2023-01-27,3730,373.0,3357.0,1,2023
100028,3433,Clothing,4876,7,20,Debit Card,Returned,Chennai,2023-01-28,34132,6826.4,27305.6,1,2023
100029,2215,Electronics,2203,8,10,Debit Card,Delivered,Delhi,2023-01-29,17624,1762.4,15861.6,1,2023
100030,1955,Electronics,2296,1,0,UPI,Cancelled,Bangalore,2023-01-30,2296,0.0,2296.0,1,2023
100031,3324,Beauty,903,7,10,Credit Card,Returned,Chennai,2023-01-31,6321,632.1,5688.9,1,2023
100032,2184,Home,2603,5,15,UPI,Cancelled,Chennai,2023-02-01,13015,1952.25,11062.75,2,2023
100033,1459,Beauty,1825,1,0,Credit Card,Cancelled,Mumbai,2023-02-02,1825,0.0,1825.0,2,2023
100034,4385,Beauty,3531,3,10,Debit Card,Cancelled,Delhi,2023-02-03,10593,1059.3,9533.7,2,2023
100035,1021,Beauty,4933,7,10,Debit Card,Cancelled,Chennai,2023-02-04,34531,3453.1,31077.9,2,2023
100036,3300,Beauty,3178,1,5,Credit Card,Cancelled,Bangalore,2023-02-05,3178,158.9,3019.1,2,2023
100037,1747,Sports,4936,7,20,Credit Card,Delivered,Chennai,2023-02-06,34552,6910.4,27641.6,2,2023
100038,3904,Sports,3039,5,0,Debit Card,Returned,Pune,2023-02-07,15195,0.0,15195.0,2,2023
100039,4632,Clothing,3584,1,5,Debit Card,Delivered,Bangalore,2023-02-08,3584,179.2,3404.8,2,2023
100040,1474,Electronics,2859,1,15,UPI,Delivered,Bangalore,2023-02-09,2859,428.85,2430.15,2,2023
100041,2082,Beauty,2061,1,20,Debit Card,Delivered,Chennai,2023-02-10,2061,412.2,1648.8,2,2023
100042,3558,Clothing,3056,9,0,Credit Card,Cancelled,Mumbai,2023-02-11,27504,0.0,27504.0,2,2023
100043,4753,Electronics,885,3,10,UPI,Delivered,Bangalore,2023-02-12,2655,265.5,2389.5,2,2023
100044,3047,Home,4483,5,0,Credit Card,Returned,Pune,2023-02-13,22415,0.0,22415.0,2,2023
100045,4547,Sports,1819,9,10,Cash,Delivered,Mumbai,2023-02-14,16371,1637.1,14733.9,2,2023
100046,3747,Electronics,4843,6,20,UPI,Cancelled,Mumbai,2023-02-15,29058,5811.6,23246.4,2,2023
100047,1975,Home,1631,9,10,Credit Card,Returned,Mumbai,2023-02-16,14679,1467.9,13211.1,2,2023
100048,2806,Electronics,1075,8,15,Debit Card,Returned,Bangalore,2023-02-17,8600,1290.0,7310.0,2,2023
100049,1189,Sports,4913,8,10,Cash,Returned,Mumbai,2023-02-18,39304,3930.4,35373.6,2,2023
100050,4005,Sports,2661,1,15,Credit Card,Returned,Chennai,2023-02-19,2661,399.15,2261.85,2,2023
100051,3734,Clothing,1565,9,20,UPI,Delivered,Mumbai,2023-02-20,14085,2817.0,11268.0,2,2023
100052,4005,Beauty,1443,6,20,Credit Card,Cancelled,Pune,2023-02-21,8658,1731.6,6926.4,2,2023
100053,1562,Electronics,362,9,0,Cash,Returned,Delhi,2023-02-22,3258,0.0,3258.0,2,2023
100054,2899,Electronics,2174,3,15,UPI,Returned,Pune,2023-02-23,6522,978.3,5543.7,2,2023
100055,4638,Home,3491,3,15,Cash,Cancelled,Bangalore,2023-02-24,10473,1570.95,8902.05,2,2023
100056,2267,Sports,469,6,5,Credit Card,Delivered,Mumbai,2023-02-25,2814,140.7,2673.3,2,2023
100057,3879,Electronics,831,9,5,Debit Card,Returned,Mumbai,2023-02-26,7479,373.95,7105.05,2,2023
100058,2528,Sports,1105,7,5,Debit Card,Delivered,Chennai,2023-02-27,7735,386.75,7348.25,2,2023
100059,4202,Electronics,3671,3,10,Credit Card,Delivered,Mumbai,2023-02-28,11013,1101.3,9911.7,2,2023
100060,4556,Clothing,3453,3,5,Credit Card,Delivered,Pune,2023-03-01,10359,517.95,9841.05,3,2023
100061,4890,Beauty,2214,2,15,Credit Card,Delivered,Bangalore,2023-03-02,4428,664.2,3763.8,3,2023
100062,1646,Electronics,1841,9,10,UPI,Returned,Delhi,2023-03-03,16569,1656.9,14912.1,3,2023
100063,3068,Sports,404,3,20,Cash,Returned,Mumbai,2023-03-04,1212,242.4,969.6,3,2023
100064,3888,Clothing,781,5,0,Cash,Delivered,Delhi,2023-03-05,3905,0.0,3905.0,3,2023
100065,3214,Electronics,1040,9,5,Cash,Delivered,Mumbai,2023-03-06,9360,468.0,8892.0,3,2023
100066,2297,Home,1919,8,20,Credit Card,Cancelled,Bangalore,2023-03-07,15352,3070.4,12281.6,3,2023
100067,3435,Beauty,2843,2,15,Cash,Cancelled,Pune,2023-03-08,5686,852.9,4833.1,3,2023
100068,1600,Electronics,2497,3,0,Credit Card,Cancelled,Bangalore,2023-03-09,7491,0.0,7491.0,3,2023
100069,3363,Clothing,1074,2,20,UPI,Returned,Delhi,2023-03-10,2148,429.6,1718.4,3,2023
100070,3061,Home,889,8,0,Debit Card,Cancelled,Mumbai,2023-03-11,7112,0.0,7112.0,3,2023
100071,1241,Clothing,4200,6,5,Credit Card,Returned,Delhi,2023-03-12,25200,1260.0,23940.0,3,2023
100072,3041,Clothing,3341,6,15,Credit Card,Returned,Pune,2023-03-13,20046,3006.9,17039.1,3,2023
100073,3824,Home,1622,9,0,Debit Card,Returned,Bangalore,2023-03-14,14598,0.0,14598.0,3,2023
100074,4417,Clothing,871,8,20,Debit Card,Returned,Delhi,2023-03-15,6968,1393.6,5574.4,3,2023
100075,3612,Home,1371,4,5,UPI,Cancelled,Delhi,2023-03-16,5484,274.2,5209.8,3,2023
100076,3945,Electronics,3926,4,5,Cash,Delivered,Pune,2023-03-17,15704,785.2,14918.8,3,2023
100077,2363,Home,1143,9,20,Credit Card,Delivered,Mumbai,2023-03-18,10287,2057.4,8229.6,3,2023
100078,3139,Home,1649,1,20,Cash,Delivered,Delhi,2023-03-19,1649,329.8,1319.2,3,2023
100079,2390,Beauty,3937,2,0,Credit Card,Cancelled,Pune,2023-03-20,7874,0.0,7874.0,3,2023
100080,4003,Home,2739,2,10,UPI,Delivered,Mumbai,2023-03-21,5478,547.8,4930.2,3,2023
100081,2478,Home,4159,6,5,Debit Card,Cancelled,Mumbai,2023-03-22,24954,1247.7,23706.3,3,2023
100082,4499,Electronics,4460,4,0,UPI,Cancelled,Bangalore,2023-03-23,17840,0.0,17840.0,3,2023
100083,3556,Beauty,2561,3,20,Debit Card,Cancelled,Pune,2023-03-24,7683,1536.6,6146.4,3,2023
100084,1775,Sports,3852,3,0,Cash,Delivered,Mumbai,2023-03-25,11556,0.0,11556.0,3,2023
100085,1034,Electronics,3870,3,20,Cash,Delivered,Bangalore,2023-03-26,11610,2322.0,9288.0,3,2023
100086,3253,Electronics,1953,6,15,UPI,Delivered,Chennai,2023-03-27,11718,1757.7,9960.3,3,2023
100087,4152,Sports,2552,8,20,Debit Card,Returned,Pune,2023-03-28,20416,4083.2,16332.8,3,2023
100088,2955,Home,2138,7,20,UPI,Cancelled,Chennai,2023-03-29,14966,2993.2,11972.8,3,2023
100089,2585,Clothing,570,4,20,Debit Card,Returned,Mumbai,2023-03-30,2280,456.0,1824.0,3,2023
100090,4943,Beauty,4679,4,10,Debit Card,Cancelled,Pune,2023-03-31,18716,1871.6,16844.4,3,2023
100091,4459,Clothing,2131,2,20,Cash,Delivered,Bangalore,2023-04-01,4262,852.4,3409.6,4,2023
100092,4073,Sports,624,1,5,Cash,Cancelled,Mumbai,2023-04-02,624,31.2,592.8,4,2023
100093,2021,Electronics,4924,9,5,Debit Card,Cancelled,Pune,2023-04-03,44316,2215.8,42100.2,4,2023
100094,4461,Electronics,1094,2,0,Debit Card,Returned,Pune,2023-04-04,2188,0.0,2188.0,4,2023
100095,3613,Beauty,797,8,10,Debit Card,Cancelled,Chennai,2023-04-05,6376,637.6,5738.4,4,2023
100096,2129,Electronics,3262,9,0,Cash,Delivered,Mumbai,2023-04-06,29358,0.0,29358.0,4,2023
100097,4843,Electronics,2536,4,5,Cash,Cancelled,Bangalore,2023-04-07,10144,507.2,9636.8,4,2023
100098,4893,Beauty,4888,8,5,Credit Card,Cancelled,Bangalore,2023-04-08,39104,1955.2,37148.8,4,2023
100099,2500,Beauty,1887,9,15,Debit Card,Cancelled,Mumbai,2023-04-09,16983,2547.45,14435.55,4,2023
100100,1702,Sports,772,5,20,Credit Card,Returned,Mumbai,2023-04-10,3860,772.0,3088.0,4,2023
100101,3449,Electronics,2290,7,5,Debit Card,Cancelled,Delhi,2023-04-11,16030,801.5,15228.5,4,2023
100102,3777,Electronics,3869,4,0,Cash,Cancelled,Chennai,2023-04-12,15476,0.0,15476.0,4,2023
100103,2579,Sports,4472,1,0,Credit Card,Returned,Mumbai,2023-04-13,4472,0.0,4472.0,4,2023
100104,1161,Home,4824,3,20,Credit Card,Returned,Mumbai,2023-04-14,14472,2894.4,11577.6,4,2023
100105,1201,Home,1833,5,20,UPI,Returned,Delhi,2023-04-15,9165,1833.0,7332.0,4,2023
100106,2981,Home,1717,3,15,Debit Card,Returned,Delhi,2023-04-16,5151,772.65,4378.35,4,2023
100107,1995,Sports,4493,7,10,Cash,Delivered,Pune,2023-04-17,31451,3145.1,28305.9,4,2023
100108,3317,Electronics,2857,9,0,UPI,Delivered,Bangalore,2023-04-18,25713,0.0,25713.0,4,2023
100109,4934,Sports,3848,6,20,UPI,Cancelled,Chennai,2023-04-19,23088,4617.6,18470.4,4,2023
100110,1815,Sports,3788,1,0,Debit Card,Delivered,Pune,2023-04-20,3788,0.0,3788.0,4,2023
100111,4342,Home,1737,7,20,UPI,Cancelled,Mumbai,2023-04-21,12159,2431.8,9727.2,4,2023
100112,1455,Clothing,3337,3,5,Debit Card,Delivered,Delhi,2023-04-22,10011,500.55,9510.45,4,2023
100113,4533,Electronics,297,5,0,UPI,Returned,Bangalore,2023-04-23,1485,0.0,1485.0,4,2023
100114,4798,Home,3415,4,5,Debit Card,Returned,Pune,2023-04-24,13660,683.0,12977.0,4,2023
100115,2275,Clothing,4730,5,0,Cash,Delivered,Bangalore,2023-04-25,23650,0.0,23650.0,4,2023
100116,2016,Clothing,4932,5,10,Debit Card,Delivered,Delhi,2023-04-26,24660,2466.0,22194.0,4,2023
100117,4773,Beauty,3950,6,15,Debit Card,Cancelled,Pune,2023-04-27,23700,3555.0,20145.0,4,2023
100118,3343,Electronics,3357,6,5,Credit Card,Cancelled,Pune,2023-04-28,20142,1007.1,19134.9,4,2023
100119,4796,Clothing,4883,8,20,Cash,Cancelled,Bangalore,2023-04-29,39064,7812.8,31251.2,4,2023
100120,3767,Home,543,8,10,Cash,Returned,Delhi,2023-04-30,4344,434.4,3909.6,4,2023
100121,4820,Beauty,4866,9,0,Cash,Returned,Mumbai,2023-05-01,43794,0.0,43794.0,5,2023
100122,1337,Electronics,810,8,5,UPI,Returned,Pune,2023-05-02,6480,324.0,6156.0,5,2023
100123,1878,Sports,1927,2,0,Credit Card,Returned,Mumbai,2023-05-03,3854,0.0,3854.0,5,2023
100124,2076,Home,2490,1,0,Cash,Cancelled,Delhi,2023-05-04,2490,0.0,2490.0,5,2023
100125,1791,Clothing,2054,2,0,UPI,Returned,Pune,2023-05-05,4108,0.0,4108.0,5,2023
100126,4993,Clothing,2808,2,15,UPI,Returned,Pune,2023-05-06,5616,842.4,4773.6,5,2023
100127,3264,Home,2279,3,15,UPI,Returned,Mumbai,2023-05-07,6837,1025.55,5811.45,5,2023
100128,1763,Clothing,2524,7,20,Credit Card,Returned,Chennai,2023-05-08,17668,3533.6,14134.4,5,2023
100129,3235,Beauty,4827,2,5,UPI,Delivered,Mumbai,2023-05-09,9654,482.7,9171.3,5,2023
100130,1379,Electronics,1377,1,10,Credit Card,Cancelled,Mumbai,2023-05-10,1377,137.7,1239.3,5,2023
100131,1492,Beauty,1291,6,10,Debit Card,Cancelled,Chennai,2023-05-11,7746,774.6,6971.4,5,2023
100132,4112,Clothing,2991,9,10,UPI,Returned,Delhi,2023-05-12,26919,2691.9,24227.1,5,2023
100133,2180,Sports,1949,3,0,Cash,Delivered,Delhi,2023-05-13,5847,0.0,5847.0,5,2023
100134,3062,Electronics,2875,6,15,UPI,Cancelled,Pune,2023-05-14,17250,2587.5,14662.5,5,2023
100135,4884,Electronics,981,3,5,Debit Card,Cancelled,Bangalore,2023-05-15,2943,147.15,2795.85,5,2023
100136,1064,Home,3248,1,0,Debit Card,Returned,Bangalore,2023-05-16,3248,0.0,3248.0,5,2023
100137,4928,Home,2305,5,15,UPI,Returned,Pune,2023-05-17,11525,1728.75,9796.25,5,2023
100138,4910,Sports,4067,4,15,Debit Card,Cancelled,Bangalore,2023-05-18,16268,2440.2,13827.8,5,2023
100139,3568,Electronics,4742,7,5,Credit Card,Cancelled,Mumbai,2023-05-19,33194,1659.7,31534.3,5,2023
100140,2367,Sports,2313,6,5,Credit Card,Delivered,Mumbai,2023-05-20,13878,693.9,13184.1,5,2023
100141,2152,Home,4170,7,5,UPI,Cancelled,Chennai,2023-05-21,29190,1459.5,27730.5,5,2023
100142,3027,Home,2191,5,0,Credit Card,Cancelled,Chennai,2023-05-22,10955,0.0,10955.0,5,2023
100143,3695,Electronics,1267,4,20,Credit Card,Returned,Pune,2023-05-23,5068,1013.6,4054.4,5,2023
100144,2495,Beauty,1777,7,5,Cash,Cancelled,Pune,2023-05-24,12439,621.95,11817.05,5,2023
100145,4134,Clothing,1211,7,20,UPI,Returned,Pune,2023-05-25,8477,1695.4,6781.6,5,2023
100146,2162,Home,2474,6,0,Debit Card,Cancelled,Mumbai,2023-05-26,14844,0.0,14844.0,5,2023
100147,2522,Home,2014,8,20,UPI,Cancelled,Bangalore,2023-05-27,16112,3222.4,12889.6,5,2023
100148,3640,Beauty,2626,4,10,Credit Card,Cancelled,Pune,2023-05-28,10504,1050.4,9453.6,5,2023
100149,1391,Beauty,4602,5,20,Cash,Delivered,Pune,2023-05-29,23010,4602.0,18408.0,5,2023
100150,2698,Sports,2751,4,5,UPI,Returned,Mumbai,2023-05-30,11004,550.2,10453.8,5,2023
100151,1418,Sports,3857,1,0,UPI,Delivered,Mumbai,2023-05-31,3857,0.0,3857.0,5,2023
100152,3336,Clothing,207,8,5,Credit Card,Cancelled,Mumbai,2023-06-01,1656,82.8,1573.2,6,2023
100153,1378,Clothing,2755,1,10,Credit Card,Delivered,Bangalore,2023-06-02,2755,275.5,2479.5,6,2023
100154,2796,Electronics,675,5,5,UPI,Returned,Pune,2023-06-03,3375,168.75,3206.25,6,2023
100155,4561,Sports,2411,6,5,Credit Card,Cancelled,Delhi,2023-06-04,14466,723.3,13742.7,6,2023
100156,3278,Home,684,6,5,Credit Card,Delivered,Delhi,2023-06-05,4104,205.2,3898.8,6,2023
100157,4065,Sports,4854,5,15,Credit Card,Delivered,Pune,2023-06-06,24270,3640.5,20629.5,6,2023
100158,3088,Home,2485,3,10,Credit Card,Returned,Pune,2023-06-07,7455,745.5,6709.5,6,2023
100159,4099,Beauty,4763,5,5,Credit Card,Delivered,Pune,2023-06-08,23815,1190.75,22624.25,6,2023
100160,3182,Sports,3725,8,5,Cash,Returned,Pune,2023-06-09,29800,1490.0,28310.0,6,2023
100161,1200,Beauty,3539,2,5,Credit Card,Cancelled,Bangalore,2023-06-10,7078,353.9,6724.1,6,2023
100162,2863,Clothing,3022,6,0,Debit Card,Cancelled,Delhi,2023-06-11,18132,0.0,18132.0,6,2023
100163,1779,Clothing,3124,9,15,UPI,Delivered,Chennai,2023-06-12,28116,4217.4,23898.6,6,2023
100164,3977,Electronics,458,8,0,Cash,Cancelled,Delhi,2023-06-13,3664,0.0,3664.0,6,2023
100165,4104,Sports,482,8,15,Cash,Cancelled,Delhi,2023-06-14,3856,578.4,3277.6,6,2023
100166,4119,Beauty,2098,8,5,Credit Card,Delivered,Mumbai,2023-06-15,16784,839.2,15944.8,6,2023
100167,1502,Home,4335,7,10,UPI,Cancelled,Pune,2023-06-16,30345,3034.5,27310.5,6,2023
100168,3454,Clothing,3176,8,20,Debit Card,Delivered,Pune,2023-06-17,25408,5081.6,20326.4,6,2023
100169,4645,Clothing,2467,6,20,Credit Card,Returned,Pune,2023-06-18,14802,2960.4,11841.6,6,2023
100170,2751,Home,3400,2,5,UPI,Returned,Mumbai,2023-06-19,6800,340.0,6460.0,6,2023
100171,1804,Beauty,812,2,0,Credit Card,Returned,Bangalore,2023-06-20,1624,0.0,1624.0,6,2023
100172,3146,Beauty,887,8,10,Credit Card,Delivered,Bangalore,2023-06-21,7096,709.6,6386.4,6,2023
100173,3731,Sports,3890,1,15,Credit Card,Delivered,Chennai,2023-06-22,3890,583.5,3306.5,6,2023
100174,2895,Sports,812,6,5,Credit Card,Cancelled,Bangalore,2023-06-23,4872,243.6,4628.4,6,2023
100175,3773,Electronics,2507,6,10,Credit Card,Cancelled,Bangalore,2023-06-24,15042,1504.2,13537.8,6,2023
100176,2570,Clothing,3213,4,10,Credit Card,Cancelled,Pune,2023-06-25,12852,1285.2,11566.8,6,2023
100177,1960,Sports,1981,3,15,Credit Card,Cancelled,Delhi,2023-06-26,5943,891.45,5051.55,6,2023
100178,4810,Beauty,2791,3,10,Debit Card,Cancelled,Bangalore,2023-06-27,8373,837.3,7535.7,6,2023
100179,3660,Home,2896,1,0,Cash,Delivered,Bangalore,2023-06-28,2896,0.0,2896.0,6,2023
100180,2485,Beauty,4158,3,0,Debit Card,Delivered,Mumbai,2023-06-29,12474,0.0,12474.0,6,2023
100181,3690,Clothing,774,4,0,Credit Card,Returned,Chennai,2023-06-30,3096,0.0,3096.0,6,2023
100182,4840,Beauty,2110,5,10,Credit Card,Returned,Mumbai,2023-07-01,10550,1055.0,9495.0,7,2023
100183,2028,Electronics,3804,3,0,Debit Card,Returned,Pune,2023-07-02,11412,0.0,11412.0,7,2023
100184,4289,Clothing,869,6,15,Debit Card,Returned,Delhi,2023-07-03,5214,782.1,4431.9,7,2023
100185,1502,Home,4564,5,10,Cash,Delivered,Chennai,2023-07-04,22820,2282.0,20538.0,7,2023
100186,3814,Electronics,1483,3,20,Debit Card,Delivered,Mumbai,2023-07-05,4449,889.8,3559.2,7,2023
100187,1397,Clothing,1123,6,10,Cash,Delivered,Bangalore,2023-07-06,6738,673.8,6064.2,7,2023
100188,1870,Home,1325,6,15,Credit Card,Cancelled,Bangalore,2023-07-07,7950,1192.5,6757.5,7,2023
100189,3842,Electronics,1729,8,20,UPI,Cancelled,Chennai,2023-07-08,13832,2766.4,11065.6,7,2023
100190,1392,Electronics,1794,2,10,UPI,Returned,Bangalore,2023-07-09,3588,358.8,3229.2,7,2023
100191,1206,Clothing,446,1,0,UPI,Cancelled,Mumbai,2023-07-10,446,0.0,446.0,7,2023
100192,2038,Sports,3911,4,5,UPI,Delivered,Mumbai,2023-07-11,15644,782.2,14861.8,7,2023
100193,2881,Electronics,1760,7,5,Credit Card,Returned,Bangalore,2023-07-12,12320,616.0,11704.0,7,2023
100194,4625,Electronics,2600,3,0,UPI,Returned,Bangalore,2023-07-13,7800,0.0,7800.0,7,2023
100195,3939,Home,2443,3,5,Debit Card,Cancelled,Pune,2023-07-14,7329,366.45,6962.55,7,2023
100196,2484,Beauty,4064,5,5,Debit Card,Returned,Delhi,2023-07-15,20320,1016.0,19304.0,7,2023
100197,4762,Clothing,2139,5,0,UPI,Cancelled,Chennai,2023-07-16,10695,0.0,10695.0,7,2023
100198,4646,Clothing,3269,3,0,Debit Card,Cancelled,Mumbai,2023-07-17,9807,0.0,9807.0,7,2023
100199,1863,Sports,426,9,10,Cash,Returned,Chennai,2023-07-18,3834,383.4,3450.6,7,2023
100200,3790,Sports,3747,4,10,Credit Card,Cancelled,Pune,2023-07-19,14988,1498.8,13489.2,7,2023
100201,4312,Clothing,464,3,0,UPI,Cancelled,Mumbai,2023-07-20,1392,0.0,1392.0,7,2023
100202,1563,Sports,1595,2,15,UPI,Cancelled,Pune,2023-07-21,3190,478.5,2711.5,7,2023
100203,2020,Home,3757,9,5,Credit Card,Cancelled,Pune,2023-07-22,33813,1690.65,32122.35,7,2023
100204,1095,Clothing,845,4,10,Debit Card,Returned,Bangalore,2023-07-23,3380,338.0,3042.0,7,2023
100205,2923,Sports,3190,3,5,Credit Card,Delivered,Chennai,2023-07-24,9570,478.5,9091.5,7,2023
100206,2757,Clothing,2099,7,20,Credit Card,Delivered,Chennai,2023-07-25,14693,2938.6,11754.4,7,2023
100207,3532,Beauty,2704,8,0,Debit Card,Cancelled,Bangalore,2023-07-26,21632,0.0,21632.0,7,2023
100208,4478,Electronics,2972,2,15,Credit Card,Cancelled,Chennai,2023-07-27,5944,891.6,5052.4,7,2023
100209,3278,Clothing,1354,7,20,Debit Card,Cancelled,Bangalore,2023-07-28,9478,1895.6,7582.4,7,2023
100210,3796,Electronics,787,5,20,Debit Card,Delivered,Mumbai,2023-07-29,3935,787.0,3148.0,7,2023
100211,2678,Sports,4771,5,20,Credit Card,Cancelled,Pune,2023-07-30,23855,4771.0,19084.0,7,2023
100212,4242,Electronics,2021,3,0,Cash,Returned,Pune,2023-07-31,6063,0.0,6063.0,7,2023
100213,1540,Clothing,1185,5,10,Debit Card,Returned,Chennai,2023-08-01,5925,592.5,5332.5,8,2023
100214,2059,Beauty,4279,2,0,Credit Card,Returned,Delhi,2023-08-02,8558,0.0,8558.0,8,2023
100215,3572,Sports,3548,4,10,Debit Card,Delivered,Pune,2023-08-03,14192,1419.2,12772.8,8,2023
100216,2183,Clothing,4031,6,20,Cash,Cancelled,Bangalore,2023-08-04,24186,4837.2,19348.8,8,2023
100217,4910,Sports,1441,1,20,Cash,Cancelled,Delhi,2023-08-05,1441,288.2,1152.8,8,2023
100218,2722,Home,389,4,15,UPI,Cancelled,Delhi,2023-08-06,1556,233.4,1322.6,8,2023
100219,4314,Electronics,1180,6,10,Debit Card,Delivered,Pune,2023-08-07,7080,708.0,6372.0,8,2023
100220,4157,Home,1898,9,20,Debit Card,Delivered,Pune,2023-08-08,17082,3416.4,13665.6,8,2023
100221,2819,Clothing,1915,2,5,Credit Card,Delivered,Pune,2023-08-09,3830,191.5,3638.5,8,2023
100222,3625,Beauty,2793,7,15,Debit Card,Delivered,Bangalore,2023-08-10,19551,2932.65,16618.35,8,2023
100223,3729,Sports,4336,6,0,UPI,Returned,Delhi,2023-08-11,26016,0.0,26016.0,8,2023
100224,3604,Electronics,4633,2,15,Cash,Delivered,Chennai,2023-08-12,9266,1389.9,7876.1,8,2023
100225,2597,Sports,1298,8,5,Cash,Delivered,Bangalore,2023-08-13,10384,519.2,9864.8,8,2023
100226,4060,Clothing,2526,7,10,UPI,Delivered,Mumbai,2023-08-14,17682,1768.2,15913.8,8,2023
100227,3693,Sports,3447,5,0,Debit Card,Cancelled,Pune,2023-08-15,17235,0.0,17235.0,8,2023
100228,1795,Electronics,1095,5,0,Debit Card,Cancelled,Delhi,2023-08-16,5475,0.0,5475.0,8,2023
100229,2051,Clothing,1874,7,10,UPI,Cancelled,Bangalore,2023-08-17,13118,1311.8,11806.2,8,2023
100230,2643,Sports,3109,9,15,Credit Card,Returned,Mumbai,2023-08-18,27981,4197.15,23783.85,8,2023
100231,4627,Beauty,1130,9,20,Cash,Returned,Bangalore,2023-08-19,10170,2034.0,8136.0,8,2023
100232,2363,Clothing,4584,9,15,UPI,Delivered,Bangalore,2023-08-20,41256,6188.4,35067.6,8,2023
100233,4869,Clothing,923,6,5,UPI,Cancelled,Chennai,2023-08-21,5538,276.9,5261.1,8,2023
100234,2981,Beauty,3140,6,20,Debit Card,Returned,Chennai,2023-08-22,18840,3768.0,15072.0,8,2023
100235,2354,Home,1289,3,15,Cash,Cancelled,Bangalore,2023-08-23,3867,580.05,3286.95,8,2023
100236,2663,Electronics,4778,1,10,Debit Card,Returned,Mumbai,2023-08-24,4778,477.8,4300.2,8,2023
100237,2529,Home,1135,7,5,UPI,Returned,Delhi,2023-08-25,7945,397.25,7547.75,8,2023
100238,3038,Sports,2495,4,5,Credit Card,Delivered,Delhi,2023-08-26,9980,499.0,9481.0,8,2023
100239,4419,Beauty,355,1,5,Cash,Delivered,Pune,2023-08-27,355,17.75,337.25,8,2023
100240,2496,Home,1270,8,20,UPI,Returned,Pune,2023-08-28,10160,2032.0,8128.0,8,2023
100241,4302,Clothing,2158,6,0,UPI,Delivered,Delhi,2023-08-29,12948,0.0,12948.0,8,2023
100242,3237,Sports,2701,6,20,Credit Card,Returned,Bangalore,2023-08-30,16206,3241.2,12964.8,8,2023
100243,4296,Sports,4419,2,15,UPI,Returned,Bangalore,2023-08-31,8838,1325.7,7512.3,8,2023
100244,2408,Home,4030,1,0,UPI,Cancelled,Chennai,2023-09-01,4030,0.0,4030.0,9,2023
100245,2400,Home,1054,2,15,Cash,Delivered,Chennai,2023-09-02,2108,316.2,1791.8,9,2023
100246,2306,Beauty,839,4,0,Cash,Delivered,Pune,2023-09-03,3356,0.0,3356.0,9,2023
100247,3680,Electronics,2438,2,20,Cash,Delivered,Delhi,2023-09-04,4876,975.2,3900.8,9,2023
100248,3675,Home,1802,1,5,Debit Card,Cancelled,Bangalore,2023-09-05,1802,90.1,1711.9,9,2023
100249,1972,Home,641,7,10,Credit Card,Cancelled,Delhi,2023-09-06,4487,448.7,4038.3,9,2023
100250,2768,Clothing,4828,8,5,Cash,Cancelled,Mumbai,2023-09-07,38624,1931.2,36692.8,9,2023
100251,2282,Sports,1536,6,20,Debit Card,Delivered,Delhi,2023-09-08,9216,1843.2,7372.8,9,2023
100252,4430,Electronics,3900,4,0,Debit Card,Delivered,Mumbai,2023-09-09,15600,0.0,15600.0,9,2023
100253,1709,Clothing,1148,6,5,Credit Card,Delivered,Chennai,2023-09-10,6888,344.4,6543.6,9,2023
100254,2479,Beauty,3573,3,20,Credit Card,Cancelled,Chennai,2023-09-11,10719,2143.8,8575.2,9,2023
100255,2434,Beauty,659,8,15,UPI,Cancelled,Pune,2023-09-12,5272,790.8,4481.2,9,2023
100256,1648,Home,4846,2,10,Debit Card,Returned,Delhi,2023-09-13,9692,969.2,8722.8,9,2023
100257,1317,Home,592,5,5,Cash,Cancelled,Delhi,2023-09-14,2960,148.0,2812.0,9,2023
100258,4748,Beauty,4138,1,0,Credit Card,Returned,Mumbai,2023-09-15,4138,0.0,4138.0,9,2023
100259,4296,Home,1987,6,15,Debit Card,Delivered,Chennai,2023-09-16,11922,1788.3,10133.7,9,2023
100260,4890,Electronics,2457,2,20,Cash,Cancelled,Mumbai,2023-09-17,4914,982.8,3931.2,9,2023
100261,2257,Home,1338,4,10,Debit Card,Delivered,Chennai,2023-09-18,5352,535.2,4816.8,9,2023
100262,1683,Sports,4008,6,0,Credit Card,Delivered,Mumbai,2023-09-19,24048,0.0,24048.0,9,2023
100263,1663,Home,4941,8,20,UPI,Delivered,Chennai,2023-09-20,39528,7905.6,31622.4,9,2023
100264,2998,Clothing,2654,8,20,Debit Card,Delivered,Mumbai,2023-09-21,21232,4246.4,16985.6,9,2023
100265,4898,Electronics,1666,6,5,Cash,Cancelled,Chennai,2023-09-22,9996,499.8,9496.2,9,2023
100266,4445,Clothing,3874,4,5,Credit Card,Delivered,Mumbai,2023-09-23,15496,774.8,14721.2,9,2023
100267,4743,Clothing,1577,8,0,UPI,Returned,Delhi,2023-09-24,12616,0.0,12616.0,9,2023
100268,2631,Sports,2797,8,20,Cash,Cancelled,Pune,2023-09-25,22376,4475.2,17900.8,9,2023
100269,2495,Electronics,341,1,5,Cash,Delivered,Mumbai,2023-09-26,341,17.05,323.95,9,2023
100270,4304,Electronics,2859,4,10,Cash,Cancelled,Pune,2023-09-27,11436,1143.6,10292.4,9,2023
100271,4763,Electronics,4796,4,10,Debit Card,Returned,Delhi,2023-09-28,19184,1918.4,17265.6,9,2023
100272,2136,Electronics,1039,7,20,Credit Card,Delivered,Delhi,2023-09-29,7273,1454.6,5818.4,9,2023
100273,2853,Electronics,3818,7,5,Cash,Returned,Chennai,2023-09-30,26726,1336.3,25389.7,9,2023
100274,2520,Sports,4117,8,0,Debit Card,Delivered,Pune,2023-10-01,32936,0.0,32936.0,10,2023
100275,3489,Home,795,5,0,Credit Card,Returned,Bangalore,2023-10-02,3975,0.0,3975.0,10,2023
100276,1563,Clothing,2104,7,0,Credit Card,Delivered,Chennai,2023-10-03,14728,0.0,14728.0,10,2023
100277,2291,Electronics,480,8,10,Debit Card,Cancelled,Pune,2023-10-04,3840,384.0,3456.0,10,2023
100278,4581,Home,623,9,5,Debit Card,Delivered,Mumbai,2023-10-05,5607,280.35,5326.65,10,2023
100279,4878,Home,4565,3,5,Cash,Cancelled,Mumbai,2023-10-06,13695,684.75,13010.25,10,2023
100280,4457,Clothing,4449,3,10,Credit Card,Delivered,Delhi,2023-10-07,13347,1334.7,12012.3,10,2023
100281,4458,Sports,1950,4,0,UPI,Delivered,Bangalore,2023-10-08,7800,0.0,7800.0,10,2023
100282,4184,Beauty,4957,5,0,Debit Card,Returned,Mumbai,2023-10-09,24785,0.0,24785.0,10,2023
100283,2636,Beauty,2167,1,20,Credit Card,Returned,Pune,2023-10-10,2167,433.4,1733.6,10,2023
100284,4696,Home,4288,7,15,Credit Card,Returned,Pune,2023-10-11,30016,4502.4,25513.6,10,2023
100285,3999,Clothing,4378,9,5,Cash,Delivered,Mumbai,2023-10-12,39402,1970.1,37431.9,10,2023
100286,4152,Beauty,3146,8,5,UPI,Delivered,Pune,2023-10-13,25168,1258.4,23909.6,10,2023
100287,1698,Home,1649,5,5,Cash,Delivered,Pune,2023-10-14,8245,412.25,7832.75,10,2023
100288,3160,Sports,2531,4,15,UPI,Cancelled,Delhi,2023-10-15,10124,1518.6,8605.4,10,2023
100289,1001,Beauty,2420,7,20,UPI,Cancelled,Bangalore,2023-10-16,16940,3388.0,13552.0,10,2023
100290,1641,Home,3989,5,15,Debit Card,Delivered,Delhi,2023-10-17,19945,2991.75,16953.25,10,2023
100291,3267,Home,3010,7,0,Credit Card,Returned,Bangalore,2023-10-18,21070,0.0,21070.0,10,2023
100292,2589,Electronics,4928,1,0,Credit Card,Returned,Pune,2023-10-19,4928,0.0,4928.0,10,2023
100293,1854,Sports,1731,1,5,Credit Card,Returned,Bangalore,2023-10-20,1731,86.55,1644.45,10,2023
100294,2759,Electronics,3190,3,10,UPI,Delivered,Pune,2023-10-21,9570,957.0,8613.0,10,2023
100295,4296,Clothing,4693,2,5,Credit Card,Returned,Pune,2023-10-22,9386,469.3,8916.7,10,2023
100296,3432,Electronics,1343,2,10,Debit Card,Delivered,Delhi,2023-10-23,2686,268.6,2417.4,10,2023
100297,4474,Electronics,1133,7,15,UPI,Cancelled,Delhi,2023-10-24,7931,1189.65,6741.35,10,2023
100298,2661,Beauty,1660,2,0,UPI,Returned,Chennai,2023-10-25,3320,0.0,3320.0,10,2023
100299,2153,Home,2923,4,10,UPI,Cancelled,Mumbai,2023-10-26,11692,1169.2,10522.8,10,2023
100300,2076,Sports,2712,2,15,UPI,Returned,Chennai,2023-10-27,5424,813.6,4610.4,10,2023
100301,2707,Electronics,485,6,0,Debit Card,Delivered,Chennai,2023-10-28,2910,0.0,2910.0,10,2023
100302,3777,Sports,464,8,10,Credit Card,Delivered,Bangalore,2023-10-29,3712,371.2,3340.8,10,2023
100303,2695,Electronics,2567,4,5,Debit Card,Delivered,Pune,2023-10-30,10268,513.4,9754.6,10,2023
100304,2733,Clothing,3647,5,5,Credit Card,Delivered,Pune,2023-10-31,18235,911.75,17323.25,10,2023
100305,2439,Electronics,1962,4,5,Debit Card,Returned,Pune,2023-11-01,7848,392.4,7455.6,11,2023
100306,3294,Beauty,3248,3,15,Cash,Cancelled,Mumbai,2023-11-02,9744,1461.6,8282.4,11,2023
100307,1835,Home,2581,5,5,Cash,Delivered,Bangalore,2023-11-03,12905,645.25,12259.75,11,2023
100308,4510,Clothing,2469,9,20,Cash,Returned,Bangalore,2023-11-04,22221,4444.2,17776.8,11,2023
100309,1202,Electronics,240,8,0,Cash,Cancelled,Pune,2023-11-05,1920,0.0,1920.0,11,2023
100310,4255,Sports,267,8,15,UPI,Delivered,Chennai,2023-11-06,2136,320.4,1815.6,11,2023
100311,1122,Clothing,1187,8,5,UPI,Cancelled,Mumbai,2023-11-07,9496,474.8,9021.2,11,2023
100312,1400,Clothing,4208,8,0,Debit Card,Delivered,Chennai,2023-11-08,33664,0.0,33664.0,11,2023
100313,1766,Electronics,3398,7,10,Debit Card,Cancelled,Delhi,2023-11-09,23786,2378.6,21407.4,11,2023
100314,1293,Clothing,4990,8,5,Cash,Cancelled,Bangalore,2023-11-10,39920,1996.0,37924.0,11,2023
100315,3327,Sports,2724,8,0,Credit Card,Delivered,Bangalore,2023-11-11,21792,0.0,21792.0,11,2023
100316,4908,Clothing,1285,8,20,Cash,Returned,Chennai,2023-11-12,10280,2056.0,8224.0,11,2023
100317,3931,Sports,2679,7,10,Debit Card,Cancelled,Mumbai,2023-11-13,18753,1875.3,16877.7,11,2023
100318,4681,Electronics,1893,1,20,Cash,Delivered,Bangalore,2023-11-14,1893,378.6,1514.4,11,2023
100319,1197,Home,2515,4,0,Debit Card,Cancelled,Chennai,2023-11-15,10060,0.0,10060.0,11,2023
100320,4029,Clothing,978,4,20,Cash,Cancelled,Mumbai,2023-11-16,3912,782.4,3129.6,11,2023
100321,2930,Home,4789,5,0,Credit Card,Returned,Chennai,2023-11-17,23945,0.0,23945.0,11,2023
100322,4582,Sports,1785,6,0,Cash,Cancelled,Mumbai,2023-11-18,10710,0.0,10710.0,11,2023
100323,3799,Clothing,1692,4,20,Credit Card,Cancelled,Pune,2023-11-19,6768,1353.6,5414.4,11,2023
100324,3191,Beauty,860,2,0,Credit Card,Delivered,Mumbai,2023-11-20,1720,0.0,1720.0,11,2023
100325,1608,Home,1548,6,5,Debit Card,Delivered,Delhi,2023-11-21,9288,464.4,8823.6,11,2023
100326,4272,Clothing,1499,8,0,Credit Card,Returned,Pune,2023-11-22,11992,0.0,11992.0,11,2023
100327,2147,Home,4140,8,15,UPI,Cancelled,Chennai,2023-11-23,33120,4968.0,28152.0,11,2023
100328,1186,Clothing,2186,7,0,UPI,Cancelled,Pune,2023-11-24,15302,0.0,15302.0,11,2023
100329,4397,Electronics,2244,6,15,UPI,Cancelled,Pune,2023-11-25,13464,2019.6,11444.4,11,2023
100330,3511,Home,3716,2,0,Debit Card,Returned,Chennai,2023-11-26,7432,0.0,7432.0,11,2023
100331,4420,Beauty,1258,7,0,UPI,Cancelled,Chennai,2023-11-27,8806,0.0,8806.0,11,2023
100332,2794,Beauty,1176,5,20,Debit Card,Delivered,Delhi,2023-11-28,5880,1176.0,4704.0,11,2023
100333,1659,Sports,4777,6,5,Debit Card,Returned,Chennai,2023-11-29,28662,1433.1,27228.9,11,2023
100334,3811,Clothing,927,8,5,UPI,Delivered,Bangalore,2023-11-30,7416,370.8,7045.2,11,2023
100335,4002,Home,2727,8,10,Credit Card,Delivered,Bangalore,2023-12-01,21816,2181.6,19634.4,12,2023
100336,2955,Sports,3336,3,20,Cash,Returned,Delhi,2023-12-02,10008,2001.6,8006.4,12,2023
100337,3450,Home,542,7,20,Debit Card,Delivered,Mumbai,2023-12-03,3794,758.8,3035.2,12,2023
100338,2369,Clothing,1647,1,5,UPI,Cancelled,Mumbai,2023-12-04,1647,82.35,1564.65,12,2023
100339,2986,Beauty,2579,1,20,Debit Card,Returned,Bangalore,2023-12-05,2579,515.8,2063.2,12,2023
100340,2534,Electronics,3859,7,5,Credit Card,Delivered,Chennai,2023-12-06,27013,1350.65,25662.35,12,2023
100341,1146,Beauty,726,9,20,Credit Card,Cancelled,Delhi,2023-12-07,6534,1306.8,5227.2,12,2023
100342,4219,Sports,2096,7,0,UPI,Cancelled,Mumbai,2023-12-08,14672,0.0,14672.0,12,2023
100343,3911,Electronics,4954,5,5,Debit Card,Delivered,Mumbai,2023-12-09,24770,1238.5,23531.5,12,2023
100344,2734,Sports,2273,8,5,Cash,Cancelled,Pune,2023-12-10,18184,909.2,17274.8,12,2023
100345,2843,Clothing,605,2,15,Cash,Returned,Bangalore,2023-12-11,1210,181.5,1028.5,12,2023
100346,1488,Electronics,1773,9,20,Debit Card,Delivered,Chennai,2023-12-12,15957,3191.4,12765.6,12,2023
100347,3976,Sports,4800,6,20,Debit Card,Cancelled,Delhi,2023-12-13,28800,5760.0,23040.0,12,2023
100348,2959,Clothing,3940,9,5,Debit Card,Cancelled,Mumbai,2023-12-14,35460,1773.0,33687.0,12,2023
100349,2663,Beauty,4474,2,0,UPI,Delivered,Pune,2023-12-15,8948,0.0,8948.0,12,2023
100350,3598,Clothing,4427,3,0,Credit Card,Delivered,Bangalore,2023-12-16,13281,0.0,13281.0,12,2023
100351,3385,Home,2046,8,0,Cash,Delivered,Bangalore,2023-12-17,16368,0.0,16368.0,12,2023
100352,3919,Clothing,1678,1,20,UPI,Delivered,Delhi,2023-12-18,1678,335.6,1342.4,12,2023
100353,1640,Clothing,2595,7,15,Debit Card,Returned,Mumbai,2023-12-19,18165,2724.75,15440.25,12,2023
100354,2802,Home,971,7,5,Debit Card,Delivered,Delhi,2023-12-20,6797,339.85,6457.15,12,2023
100355,3520,Sports,778,1,10,Credit Card,Returned,Delhi,2023-12-21,778,77.8,700.2,12,2023
100356,2969,Sports,3101,9,15,Debit Card,Returned,Pune,2023-12-22,27909,4186.35,23722.65,12,2023
100357,3198,Clothing,393,8,10,UPI,Delivered,Bangalore,2023-12-23,3144,314.4,2829.6,12,2023
100358,2438,Home,2207,4,15,UPI,Returned,Chennai,2023-12-24,8828,1324.2,7503.8,12,2023
100359,4369,Home,1385,5,0,Credit Card,Delivered,Bangalore,2023-12-25,6925,0.0,6925.0,12,2023
100360,2634,Beauty,2594,2,20,UPI,Delivered,Bangalore,2023-12-26,5188,1037.6,4150.4,12,2023
100361,1262,Sports,3198,9,10,Cash,Cancelled,Pune,2023-12-27,28782,2878.2,25903.8,12,2023
100362,2787,Electronics,1992,6,15,UPI,Delivered,Chennai,2023-12-28,11952,1792.8,10159.2,12,2023
100363,3191,Sports,1310,3,20,UPI,Cancelled,Mumbai,2023-12-29,3930,786.0,3144.0,12,2023
100364,3393,Sports,4205,7,10,UPI,Returned,Chennai,2023-12-30,29435,2943.5,26491.5,12,2023
100365,1623,Beauty,2461,9,5,Cash,Cancelled,Mumbai,2023-12-31,22149,1107.45,21041.55,12,2023
100366,2016,Electronics,3936,3,15,Debit Card,Returned,Chennai,2024-01-01,11808,1771.2,10036.8,1,2024
100367,4643,Beauty,3993,2,5,UPI,Delivered,Delhi,2024-01-02,7986,399.3,7586.7,1,2024
100368,1880,Electronics,2136,7,0,Credit Card,Returned,Chennai,2024-01-03,14952,0.0,14952.0,1,2024
100369,3049,Clothing,4557,7,5,Cash,Returned,Pune,2024-01-04,31899,1594.95,30304.05,1,2024
100370,3944,Electronics,929,4,5,Credit Card,Delivered,Mumbai,2024-01-05,3716,185.8,3530.2,1,2024
100371,2327,Beauty,4578,9,15,UPI,Returned,Bangalore,2024-01-06,41202,6180.3,35021.7,1,2024
100372,3301,Sports,3651,8,0,Credit Card,Delivered,Pune,2024-01-07,29208,0.0,29208.0,1,2024
100373,4723,Electronics,4657,1,5,UPI,Cancelled,Mumbai,2024-01-08,4657,232.85,4424.15,1,2024
100374,1452,Electronics,4736,1,20,Cash,Delivered,Mumbai,2024-01-09,4736,947.2,3788.8,1,2024
100375,4108,Home,2340,5,10,Credit Card,Delivered,Bangalore,2024-01-10,11700,1170.0,10530.0,1,2024
100376,2183,Sports,1844,6,5,Credit Card,Returned,Delhi,2024-01-11,11064,553.2,10510.8,1,2024
100377,4062,Clothing,3000,3,0,UPI,Cancelled,Pune,2024-01-12,9000,0.0,9000.0,1,2024
100378,3056,Beauty,341,9,5,UPI,Delivered,Bangalore,2024-01-13,3069,153.45,2915.55,1,2024
100379,4304,Clothing,1655,6,10,Debit Card,Cancelled,Bangalore,2024-01-14,9930,993.0,8937.0,1,2024
100380,4170,Sports,4996,4,0,UPI,Cancelled,Delhi,2024-01-15,19984,0.0,19984.0,1,2024
100381,2682,Electronics,2296,7,15,UPI,Returned,Pune,2024-01-16,16072,2410.8,13661.2,1,2024
100382,3863,Electronics,1525,8,0,Debit Card,Delivered,Bangalore,2024-01-17,12200,0.0,12200.0,1,2024
100383,3255,Sports,1413,9,15,UPI,Returned,Delhi,2024-01-18,12717,1907.55,10809.45,1,2024
100384,2154,Electronics,1359,6,0,UPI,Delivered,Pune,2024-01-19,8154,0.0,8154.0,1,2024
100385,1403,Electronics,4850,6,10,Debit Card,Cancelled,Chennai,2024-01-20,29100,2910.0,26190.0,1,2024
100386,3199,Electronics,4699,8,10,Cash,Delivered,Mumbai,2024-01-21,37592,3759.2,33832.8,1,2024
100387,3101,Beauty,4897,5,0,Cash,Delivered,Delhi,2024-01-22,24485,0.0,24485.0,1,2024
100388,4191,Beauty,540,3,5,UPI,Cancelled,Mumbai,2024-01-23,1620,81.0,1539.0,1,2024
100389,2696,Home,4028,3,10,UPI,Cancelled,Chennai,2024-01-24,12084,1208.4,10875.6,1,2024
100390,4991,Clothing,2168,6,15,Debit Card,Delivered,Bangalore,2024-01-25,13008,1951.2,11056.8,1,2024
100391,1627,Sports,903,2,15,Debit Card,Returned,Bangalore,2024-01-26,1806,270.9,1535.1,1,2024
100392,1586,Sports,4613,6,20,Cash,Delivered,Pune,2024-01-27,27678,5535.6,22142.4,1,2024
100393,2648,Sports,2629,6,15,Credit Card,Cancelled,Delhi,2024-01-28,15774,2366.1,13407.9,1,2024
100394,2443,Home,2000,8,20,UPI,Returned,Delhi,2024-01-29,16000,3200.0,12800.0,1,2024
100395,2445,Beauty,4848,7,0,Credit Card,Cancelled,Pune,2024-01-30,33936,0.0,33936.0,1,2024
100396,1103,Home,1055,8,0,Credit Card,Cancelled,Mumbai,2024-01-31,8440,0.0,8440.0,1,2024
100397,4923,Sports,2012,9,0,Debit Card,Returned,Bangalore,2024-02-01,18108,0.0,18108.0,2,2024
100398,1253,Clothing,3066,6,5,UPI,Cancelled,Bangalore,2024-02-02,18396,919.8,17476.2,2,2024
100399,4298,Electronics,3842,3,5,UPI,Cancelled,Delhi,2024-02-03,11526,576.3,10949.7,2,2024
100400,4183,Beauty,382,3,20,Debit Card,Cancelled,Delhi,2024-02-04,1146,229.2,916.8,2,2024
100401,3557,Beauty,3312,1,15,Credit Card,Cancelled,Pune,2024-02-05,3312,496.8,2815.2,2,2024
100402,2496,Home,4692,5,15,Debit Card,Cancelled,Chennai,2024-02-06,23460,3519.0,19941.0,2,2024
100403,1098,Beauty,1717,4,0,Cash,Cancelled,Mumbai,2024-02-07,6868,0.0,6868.0,2,2024
100404,3200,Sports,1556,9,10,UPI,Cancelled,Chennai,2024-02-08,14004,1400.4,12603.6,2,2024
100405,2884,Sports,2374,9,5,Cash,Cancelled,Chennai,2024-02-09,21366,1068.3,20297.7,2,2024
100406,3961,Home,3829,5,5,Debit Card,Cancelled,Delhi,2024-02-10,19145,957.25,18187.75,2,2024
100407,2919,Sports,3828,4,0,UPI,Delivered,Delhi,2024-02-11,15312,0.0,15312.0,2,2024
100408,1877,Clothing,4296,7,5,Cash,Delivered,Delhi,2024-02-12,30072,1503.6,28568.4,2,2024
100409,1337,Home,3439,6,0,Cash,Cancelled,Chennai,2024-02-13,20634,0.0,20634.0,2,2024
100410,4777,Clothing,3891,4,20,Credit Card,Delivered,Mumbai,2024-02-14,15564,3112.8,12451.2,2,2024
100411,3869,Electronics,218,2,15,UPI,Returned,Delhi,2024-02-15,436,65.4,370.6,2,2024
100412,4234,Clothing,3603,1,10,Cash,Delivered,Bangalore,2024-02-16,3603,360.3,3242.7,2,2024
100413,4791,Electronics,4879,4,15,Cash,Cancelled,Mumbai,2024-02-17,19516,2927.4,16588.6,2,2024
100414,1956,Electronics,4751,4,15,Credit Card,Cancelled,Bangalore,2024-02-18,19004,2850.6,16153.4,2,2024
100415,2704,Clothing,3204,1,20,Cash,Delivered,Mumbai,2024-02-19,3204,640.8,2563.2,2,2024
100416,1160,Home,1332,6,5,Cash,Cancelled,Delhi,2024-02-20,7992,399.6,7592.4,2,2024
100417,2603,Sports,3539,4,10,Cash,Returned,Pune,2024-02-21,14156,1415.6,12740.4,2,2024
100418,3848,Sports,3511,1,5,Credit Card,Returned,Delhi,2024-02-22,3511,175.55,3335.45,2,2024
100419,1397,Electronics,3572,1,15,Cash,Cancelled,Chennai,2024-02-23,3572,535.8,3036.2,2,2024
100420,2300,Electronics,1187,1,0,Cash,Returned,Chennai,2024-02-24,1187,0.0,1187.0,2,2024
100421,1815,Home,3521,8,15,UPI,Returned,Mumbai,2024-02-25,28168,4225.2,23942.8,2,2024
100422,4987,Beauty,4815,8,5,UPI,Delivered,Chennai,2024-02-26,38520,1926.0,36594.0,2,2024
100423,2527,Clothing,373,2,15,Credit Card,Returned,Delhi,2024-02-27,746,111.9,634.1,2,2024
100424,2919,Electronics,3941,7,0,Debit Card,Delivered,Bangalore,2024-02-28,27587,0.0,27587.0,2,2024
100425,2415,Sports,3252,8,20,UPI,Cancelled,Delhi,2024-02-29,26016,5203.2,20812.8,2,2024
100426,2158,Home,926,8,5,Credit Card,Delivered,Mumbai,2024-03-01,7408,370.4,7037.6,3,2024
100427,2218,Clothing,3960,7,15,Cash,Cancelled,Chennai,2024-03-02,27720,4158.0,23562.0,3,2024
100428,1400,Home,2075,5,5,Cash,Cancelled,Bangalore,2024-03-03,10375,518.75,9856.25,3,2024
100429,1639,Clothing,4233,1,20,Credit Card,Cancelled,Pune,2024-03-04,4233,846.6,3386.4,3,2024
100430,4104,Clothing,1189,9,15,Cash,Cancelled,Bangalore,2024-03-05,10701,1605.15,9095.85,3,2024
100431,3735,Electronics,3944,7,15,Cash,Cancelled,Bangalore,2024-03-06,27608,4141.2,23466.8,3,2024
100432,1459,Home,2886,2,5,Debit Card,Delivered,Delhi,2024-03-07,5772,288.6,5483.4,3,2024
100433,1954,Home,619,6,5,Cash,Cancelled,Pune,2024-03-08,3714,185.7,3528.3,3,2024
100434,4954,Sports,793,2,0,UPI,Returned,Mumbai,2024-03-09,1586,0.0,1586.0,3,2024
100435,1469,Sports,1974,1,20,Cash,Returned,Mumbai,2024-03-10,1974,394.8,1579.2,3,2024
100436,4446,Electronics,2659,7,0,Credit Card,Cancelled,Bangalore,2024-03-11,18613,0.0,18613.0,3,2024
100437,2045,Electronics,1135,2,15,Debit Card,Returned,Bangalore,2024-03-12,2270,340.5,1929.5,3,2024
100438,3797,Beauty,4008,2,5,Cash,Delivered,Chennai,2024-03-13,8016,400.8,7615.2,3,2024
100439,2693,Sports,531,5,15,Credit Card,Delivered,Pune,2024-03-14,2655,398.25,2256.75,3,2024
100440,3085,Clothing,3649,5,15,UPI,Cancelled,Bangalore,2024-03-15,18245,2736.75,15508.25,3,2024
100441,3277,Home,2902,7,10,Cash,Cancelled,Chennai,2024-03-16,20314,2031.4,18282.6,3,2024
100442,4436,Electronics,4206,1,10,Debit Card,Cancelled,Pune,2024-03-17,4206,420.6,3785.4,3,2024
100443,1562,Home,4068,8,15,Cash,Returned,Mumbai,2024-03-18,32544,4881.6,27662.4,3,2024
100444,3485,Home,4400,3,5,Credit Card,Returned,Chennai,2024-03-19,13200,660.0,12540.0,3,2024
100445,2799,Beauty,401,4,15,Debit Card,Delivered,Pune,2024-03-20,1604,240.6,1363.4,3,2024
100446,4354,Sports,2697,9,10,Cash,Returned,Chennai,2024-03-21,24273,2427.3,21845.7,3,2024
100447,3074,Electronics,2042,4,5,UPI,Delivered,Bangalore,2024-03-22,8168,408.4,7759.6,3,2024
100448,1225,Home,2066,5,15,Debit Card,Returned,Delhi,2024-03-23,10330,1549.5,8780.5,3,2024
100449,4348,Electronics,2196,7,20,UPI,Delivered,Mumbai,2024-03-24,15372,3074.4,12297.6,3,2024
100450,1797,Clothing,1109,4,20,Credit Card,Cancelled,Bangalore,2024-03-25,4436,887.2,3548.8,3,2024
100451,4680,Beauty,4505,1,15,Cash,Returned,Bangalore,2024-03-26,4505,675.75,3829.25,3,2024
100452,3331,Clothing,4858,9,5,UPI,Delivered,Pune,2024-03-27,43722,2186.1,41535.9,3,2024
100453,3926,Electronics,3389,4,15,Credit Card,Returned,Chennai,2024-03-28,13556,2033.4,11522.6,3,2024
100454,1959,Electronics,970,9,15,Cash,Cancelled,Mumbai,2024-03-29,8730,1309.5,7420.5,3,2024
100455,2504,Sports,3355,6,10,Credit Card,Delivered,Bangalore,2024-03-30,20130,2013.0,18117.0,3,2024
100456,1452,Home,2701,1,20,UPI,Returned,Pune,2024-03-31,2701,540.2,2160.8,3,2024
100457,4067,Home,2914,3,10,Credit Card,Returned,Mumbai,2024-04-01,8742,874.2,7867.8,4,2024
100458,4900,Clothing,4924,2,10,Debit Card,Cancelled,Chennai,2024-04-02,9848,984.8,8863.2,4,2024
100459,1815,Beauty,3785,9,15,Cash,Cancelled,Bangalore,2024-04-03,34065,5109.75,28955.25,4,2024
100460,1658,Home,1828,1,10,Credit Card,Delivered,Bangalore,2024-04-04,1828,182.8,1645.2,4,2024
100461,4587,Sports,586,9,20,UPI,Returned,Bangalore,2024-04-05,5274,1054.8,4219.2,4,2024
100462,1546,Clothing,3621,9,10,Cash,Returned,Mumbai,2024-04-06,32589,3258.9,29330.1,4,2024
100463,2215,Clothing,4208,8,20,Debit Card,Cancelled,Mumbai,2024-04-07,33664,6732.8,26931.2,4,2024
100464,4120,Sports,4293,8,10,Cash,Cancelled,Mumbai,2024-04-08,34344,3434.4,30909.6,4,2024
100465,4583,Beauty,4563,1,20,Debit Card,Delivered,Mumbai,2024-04-09,4563,912.6,3650.4,4,2024
100466,1016,Sports,2666,8,10,Cash,Returned,Pune,2024-04-10,21328,2132.8,19195.2,4,2024
100467,4243,Beauty,2482,3,10,Credit Card,Returned,Delhi,2024-04-11,7446,744.6,6701.4,4,2024
100468,2243,Sports,2056,7,5,Credit Card,Delivered,Pune,2024-04-12,14392,719.6,13672.4,4,2024
100469,3205,Sports,2198,1,20,UPI,Delivered,Bangalore,2024-04-13,2198,439.6,1758.4,4,2024
100470,3524,Electronics,1436,1,20,Debit Card,Cancelled,Pune,2024-04-14,1436,287.2,1148.8,4,2024
100471,2069,Clothing,4869,5,20,UPI,Cancelled,Chennai,2024-04-15,24345,4869.0,19476.0,4,2024
100472,4444,Sports,4344,5,0,Credit Card,Delivered,Mumbai,2024-04-16,21720,0.0,21720.0,4,2024
100473,3565,Sports,1350,8,10,Debit Card,Delivered,Chennai,2024-04-17,10800,1080.0,9720.0,4,2024
100474,3146,Home,4518,7,20,UPI,Returned,Chennai,2024-04-18,31626,6325.2,25300.8,4,2024
100475,4963,Clothing,1631,8,0,UPI,Delivered,Bangalore,2024-04-19,13048,0.0,13048.0,4,2024
100476,2768,Home,2019,6,5,UPI,Delivered,Mumbai,2024-04-20,12114,605.7,11508.3,4,2024
100477,2060,Clothing,2524,6,20,UPI,Returned,Chennai,2024-04-21,15144,3028.8,12115.2,4,2024
100478,3327,Home,1330,2,20,UPI,Delivered,Bangalore,2024-04-22,2660,532.0,2128.0,4,2024
100479,4420,Sports,2858,6,0,Debit Card,Cancelled,Mumbai,2024-04-23,17148,0.0,17148.0,4,2024
100480,3544,Sports,3700,5,10,UPI,Cancelled,Delhi,2024-04-24,18500,1850.0,16650.0,4,2024
100481,1301,Electronics,574,3,5,Debit Card,Returned,Bangalore,2024-04-25,1722,86.1,1635.9,4,2024
100482,1180,Home,2320,6,20,UPI,Delivered,Pune,2024-04-26,13920,2784.0,11136.0,4,2024
100483,1606,Beauty,4220,8,10,Credit Card,Cancelled,Mumbai,2024-04-27,33760,3376.0,30384.0,4,2024
100484,4170,Electronics,2221,9,5,Credit Card,Cancelled,Chennai,2024-04-28,19989,999.45,18989.55,4,2024
100485,1699,Home,3905,1,15,UPI,Cancelled,Chennai,2024-04-29,3905,585.75,3319.25,4,2024
100486,1992,Home,3459,3,15,Cash,Cancelled,Pune,2024-04-30,10377,1556.55,8820.45,4,2024
100487,2139,Electronics,3635,3,5,Credit Card,Delivered,Pune,2024-05-01,10905,545.25,10359.75,5,2024
100488,1190,Sports,2089,8,0,Debit Card,Delivered,Chennai,2024-05-02,16712,0.0,16712.0,5,2024
100489,3300,Home,2023,1,5,UPI,Delivered,Mumbai,2024-05-03,2023,101.15,1921.85,5,2024
100490,1980,Sports,1674,5,5,Debit Card,Delivered,Bangalore,2024-05-04,8370,418.5,7951.5,5,2024
100491,3975,Electronics,2442,3,0,Cash,Cancelled,Pune,2024-05-05,7326,0.0,7326.0,5,2024
100492,3006,Sports,3443,2,0,UPI,Returned,Pune,2024-05-06,6886,0.0,6886.0,5,2024
100493,2184,Clothing,3334,8,10,Credit Card,Returned,Pune,2024-05-07,26672,2667.2,24004.8,5,2024
100494,4327,Beauty,2270,3,10,Debit Card,Cancelled,Delhi,2024-05-08,6810,681.0,6129.0,5,2024
100495,4394,Home,559,7,0,Credit Card,Cancelled,Mumbai,2024-05-09,3913,0.0,3913.0,5,2024
100496,1127,Beauty,2241,1,15,Credit Card,Returned,Mumbai,2024-05-10,2241,336.15,1904.85,5,2024
100497,3065,Sports,1341,6,15,UPI,Returned,Mumbai,2024-05-11,8046,1206.9,6839.1,5,2024
100498,2816,Home,1835,3,5,Debit Card,Cancelled,Mumbai,2024-05-12,5505,275.25,5229.75,5,2024
100499,2758,Sports,4200,8,20,Cash,Cancelled,Mumbai,2024-05-13,33600,6720.0,26880.0,5,2024
100500,3613,Clothing,2143,6,5,Credit Card,Delivered,Chennai,2024-05-14,12858,642.9,12215.1,5,2024
100501,1569,Electronics,4974,2,5,UPI,Delivered,Pune,2024-05-15,9948,497.4,9450.6,5,2024
100502,2346,Home,3561,6,20,UPI,Returned,Chennai,2024-05-16,21366,4273.2,17092.8,5,2024
100503,2895,Clothing,3180,7,0,Cash,Cancelled,Delhi,2024-05-17,22260,0.0,22260.0,5,2024
100504,3733,Clothing,206,5,15,UPI,Returned,Bangalore,2024-05-18,1030,154.5,875.5,5,2024
100505,4863,Home,3467,3,5,Credit Card,Delivered,Pune,2024-05-19,10401,520.05,9880.95,5,2024
100506,1625,Sports,1791,4,20,UPI,Delivered,Delhi,2024-05-20,7164,1432.8,5731.2,5,2024
100507,4359,Clothing,3464,4,10,Debit Card,Returned,Chennai,2024-05-21,13856,1385.6,12470.4,5,2024
100508,3901,Beauty,2806,6,5,Debit Card,Delivered,Bangalore,2024-05-22,16836,841.8,15994.2,5,2024
100509,2686,Clothing,3419,1,15,Credit Card,Cancelled,Delhi,2024-05-23,3419,512.85,2906.15,5,2024
100510,4009,Sports,3473,4,0,Debit Card,Returned,Bangalore,2024-05-24,13892,0.0,13892.0,5,2024
100511,4710,Sports,1113,4,5,Cash,Cancelled,Delhi,2024-05-25,4452,222.6,4229.4,5,2024
100512,1154,Beauty,2211,1,5,UPI,Cancelled,Chennai,2024-05-26,2211,110.55,2100.45,5,2024
100513,3537,Clothing,1642,9,20,Credit Card,Delivered,Bangalore,2024-05-27,14778,2955.6,11822.4,5,2024
100514,2409,Sports,3254,4,10,Cash,Cancelled,Delhi,2024-05-28,13016,1301.6,11714.4,5,2024
100515,1784,Home,3746,7,10,UPI,Returned,Chennai,2024-05-29,26222,2622.2,23599.8,5,2024
100516,4175,Electronics,4421,3,0,Cash,Cancelled,Pune,2024-05-30,13263,0.0,13263.0,5,2024
100517,4464,Electronics,3128,3,15,Credit Card,Cancelled,Chennai,2024-05-31,9384,1407.6,7976.4,5,2024
100518,4882,Electronics,2029,8,0,Credit Card,Cancelled,Chennai,2024-06-01,16232,0.0,16232.0,6,2024
100519,1245,Clothing,775,8,5,Cash,Cancelled,Pune,2024-06-02,6200,310.0,5890.0,6,2024
100520,4247,Beauty,1129,1,5,UPI,Cancelled,Chennai,2024-06-03,1129,56.45,1072.55,6,2024
100521,4110,Sports,3959,2,10,Debit Card,Delivered,Pune,2024-06-04,7918,791.8,7126.2,6,2024
100522,2500,Home,3899,8,15,Debit Card,Returned,Pune,2024-06-05,31192,4678.8,26513.2,6,2024
100523,2705,Home,1663,1,20,Cash,Delivered,Pune,2024-06-06,1663,332.6,1330.4,6,2024
100524,3806,Clothing,3475,8,15,Credit Card,Returned,Delhi,2024-06-07,27800,4170.0,23630.0,6,2024
100525,1537,Electronics,1254,8,5,UPI,Returned,Bangalore,2024-06-08,10032,501.6,9530.4,6,2024
100526,2890,Clothing,2100,2,20,UPI,Returned,Delhi,2024-06-09,4200,840.0,3360.0,6,2024
100527,2841,Beauty,1657,4,15,Credit Card,Returned,Pune,2024-06-10,6628,994.2,5633.8,6,2024
100528,1920,Beauty,1599,6,15,Debit Card,Returned,Bangalore,2024-06-11,9594,1439.1,8154.9,6,2024
100529,3455,Sports,3615,9,20,UPI,Cancelled,Bangalore,2024-06-12,32535,6507.0,26028.0,6,2024
100530,1524,Sports,642,8,5,Cash,Delivered,Pune,2024-06-13,5136,256.8,4879.2,6,2024
100531,3875,Beauty,3850,8,15,Debit Card,Delivered,Bangalore,2024-06-14,30800,4620.0,26180.0,6,2024
100532,2529,Beauty,4852,7,20,Cash,Cancelled,Bangalore,2024-06-15,33964,6792.8,27171.2,6,2024
100533,3950,Beauty,1378,9,5,Debit Card,Returned,Delhi,2024-06-16,12402,620.1,11781.9,6,2024
100534,4896,Clothing,4658,2,20,Credit Card,Delivered,Bangalore,2024-06-17,9316,1863.2,7452.8,6,2024
100535,1035,Beauty,1457,3,20,Cash,Cancelled,Pune,2024-06-18,4371,874.2,3496.8,6,2024
100536,1684,Home,3834,8,15,Cash,Cancelled,Mumbai,2024-06-19,30672,4600.8,26071.2,6,2024
100537,1019,Electronics,2041,6,5,Credit Card,Delivered,Mumbai,2024-06-20,12246,612.3,11633.7,6,2024
100538,3368,Beauty,2509,9,15,Cash,Delivered,Mumbai,2024-06-21,22581,3387.15,19193.85,6,2024
100539,4847,Electronics,1110,4,0,Debit Card,Returned,Pune,2024-06-22,4440,0.0,4440.0,6,2024
100540,3559,Clothing,4540,8,0,UPI,Returned,Mumbai,2024-06-23,36320,0.0,36320.0,6,2024
100541,1399,Electronics,4837,3,5,UPI,Delivered,Delhi,2024-06-24,14511,725.55,13785.45,6,2024
100542,3701,Clothing,4209,3,20,Credit Card,Returned,Pune,2024-06-25,12627,2525.4,10101.6,6,2024
100543,1971,Home,2369,8,15,Debit Card,Cancelled,Pune,2024-06-26,18952,2842.8,16109.2,6,2024
100544,2906,Clothing,2372,5,15,Cash,Returned,Pune,2024-06-27,11860,1779.0,10081.0,6,2024
100545,3518,Clothing,323,3,5,Cash,Returned,Bangalore,2024-06-28,969,48.45,920.55,6,2024
100546,2166,Sports,3358,1,5,UPI,Cancelled,Bangalore,2024-06-29,3358,167.9,3190.1,6,2024
100547,2115,Beauty,985,3,0,Cash,Returned,Bangalore,2024-06-30,2955,0.0,2955.0,6,2024
100548,4425,Beauty,2616,9,10,UPI,Cancelled,Chennai,2024-07-01,23544,2354.4,21189.6,7,2024
100549,1833,Home,996,5,5,Credit Card,Returned,Delhi,2024-07-02,4980,249.0,4731.0,7,2024
100550,2823,Home,4372,2,10,Cash,Delivered,Pune,2024-07-03,8744,874.4,7869.6,7,2024
100551,3774,Beauty,4354,7,5,Debit Card,Returned,Pune,2024-07-04,30478,1523.9,28954.1,7,2024
100552,2982,Sports,2136,2,20,Cash,Delivered,Bangalore,2024-07-05,4272,854.4,3417.6,7,2024
100553,1853,Beauty,2356,4,20,UPI,Delivered,Pune,2024-07-06,9424,1884.8,7539.2,7,2024
100554,1050,Sports,4007,7,0,Credit Card,Delivered,Pune,2024-07-07,28049,0.0,28049.0,7,2024
100555,4736,Home,1501,4,0,UPI,Delivered,Mumbai,2024-07-08,6004,0.0,6004.0,7,2024
100556,4769,Electronics,4363,7,10,Cash,Delivered,Pune,2024-07-09,30541,3054.1,27486.9,7,2024
100557,1574,Home,3340,7,5,UPI,Cancelled,Chennai,2024-07-10,23380,1169.0,22211.0,7,2024
100558,4261,Home,3436,1,15,UPI,Cancelled,Bangalore,2024-07-11,3436,515.4,2920.6,7,2024
100559,2148,Clothing,2552,6,0,Credit Card,Cancelled,Delhi,2024-07-12,15312,0.0,15312.0,7,2024
100560,3197,Clothing,2132,9,15,Debit Card,Delivered,Delhi,2024-07-13,19188,2878.2,16309.8,7,2024
100561,3361,Clothing,2921,2,15,Cash,Returned,Mumbai,2024-07-14,5842,876.3,4965.7,7,2024
100562,3617,Clothing,564,3,5,Credit Card,Cancelled,Delhi,2024-07-15,1692,84.6,1607.4,7,2024
100563,4413,Sports,2590,5,10,Debit Card,Returned,Delhi,2024-07-16,12950,1295.0,11655.0,7,2024
100564,3352,Beauty,1146,9,5,UPI,Returned,Bangalore,2024-07-17,10314,515.7,9798.3,7,2024
100565,2715,Electronics,1577,4,0,Debit Card,Delivered,Bangalore,2024-07-18,6308,0.0,6308.0,7,2024
100566,1681,Home,1639,1,15,UPI,Delivered,Chennai,2024-07-19,1639,245.85,1393.15,7,2024
100567,1837,Sports,3380,4,5,UPI,Delivered,Mumbai,2024-07-20,13520,676.0,12844.0,7,2024
100568,4854,Electronics,540,6,5,Credit Card,Cancelled,Delhi,2024-07-21,3240,162.0,3078.0,7,2024
100569,2077,Sports,3189,5,5,UPI,Delivered,Chennai,2024-07-22,15945,797.25,15147.75,7,2024
100570,4050,Sports,582,1,0,Credit Card,Cancelled,Mumbai,2024-07-23,582,0.0,582.0,7,2024
100571,3491,Home,1756,4,10,Debit Card,Cancelled,Delhi,2024-07-24,7024,702.4,6321.6,7,2024
100572,3660,Beauty,499,6,5,Debit Card,Cancelled,Delhi,2024-07-25,2994,149.7,2844.3,7,2024
100573,4040,Clothing,338,4,0,UPI,Cancelled,Bangalore,2024-07-26,1352,0.0,1352.0,7,2024
100574,3311,Beauty,558,9,15,Credit Card,Delivered,Pune,2024-07-27,5022,753.3,4268.7,7,2024
100575,4124,Home,1722,5,20,UPI,Cancelled,Mumbai,2024-07-28,8610,1722.0,6888.0,7,2024
100576,2595,Home,3656,8,0,Credit Card,Delivered,Delhi,2024-07-29,29248,0.0,29248.0,7,2024
100577,4051,Home,1827,9,20,Credit Card,Delivered,Mumbai,2024-07-30,16443,3288.6,13154.4,7,2024
100578,4691,Electronics,1503,5,5,Credit Card,Cancelled,Chennai,2024-07-31,7515,375.75,7139.25,7,2024
100579,1004,Beauty,1334,6,5,Debit Card,Delivered,Chennai,2024-08-01,8004,400.2,7603.8,8,2024
100580,2126,Beauty,2386,1,0,Credit Card,Returned,Pune,2024-08-02,2386,0.0,2386.0,8,2024
100581,2219,Sports,3370,7,20,Debit Card,Delivered,Delhi,2024-08-03,23590,4718.0,18872.0,8,2024
100582,1773,Sports,4035,4,5,Credit Card,Delivered,Bangalore,2024-08-04,16140,807.0,15333.0,8,2024
100583,1876,Sports,2351,2,15,Debit Card,Cancelled,Delhi,2024-08-05,4702,705.3,3996.7,8,2024
100584,1991,Home,1437,5,10,Cash,Cancelled,Mumbai,2024-08-06,7185,718.5,6466.5,8,2024
100585,3931,Beauty,3935,3,10,Debit Card,Delivered,Chennai,2024-08-07,11805,1180.5,10624.5,8,2024
100586,4421,Home,3034,6,5,Debit Card,Cancelled,Mumbai,2024-08-08,18204,910.2,17293.8,8,2024
100587,1046,Electronics,4460,8,20,UPI,Returned,Pune,2024-08-09,35680,7136.0,28544.0,8,2024
100588,3914,Sports,1198,7,5,Credit Card,Returned,Chennai,2024-08-10,8386,419.3,7966.7,8,2024
100589,3870,Home,2767,3,20,Cash,Cancelled,Bangalore,2024-08-11,8301,1660.2,6640.8,8,2024
100590,3983,Home,1507,8,15,UPI,Delivered,Chennai,2024-08-12,12056,1808.4,10247.6,8,2024
100591,4891,Electronics,856,2,20,Credit Card,Returned,Delhi,2024-08-13,1712,342.4,1369.6,8,2024
100592,3703,Clothing,2860,9,5,Cash,Returned,Delhi,2024-08-14,25740,1287.0,24453.0,8,2024
100593,1268,Beauty,2411,4,15,Cash,Delivered,Chennai,2024-08-15,9644,1446.6,8197.4,8,2024
100594,1369,Clothing,2109,1,0,Cash,Cancelled,Pune,2024-08-16,2109,0.0,2109.0,8,2024
100595,1635,Sports,3930,8,10,Credit Card,Returned,Delhi,2024-08-17,31440,3144.0,28296.0,8,2024
100596,2129,Home,2246,7,5,Cash,Delivered,Delhi,2024-08-18,15722,786.1,14935.9,8,2024
100597,2693,Electronics,3362,5,5,Cash,Delivered,Bangalore,2024-08-19,16810,840.5,15969.5,8,2024
100598,2682,Electronics,1340,5,5,UPI,Returned,Chennai,2024-08-20,6700,335.0,6365.0,8,2024
100599,1656,Beauty,466,7,15,Debit Card,Cancelled,Delhi,2024-08-21,3262,489.3,2772.7,8,2024
100600,1119,Clothing,2045,5,0,Credit Card,Returned,Pune,2024-08-22,10225,0.0,10225.0,8,2024
100601,1830,Beauty,1908,8,20,Debit Card,Delivered,Mumbai,2024-08-23,15264,3052.8,12211.2,8,2024
100602,2810,Home,3830,6,0,UPI,Returned,Chennai,2024-08-24,22980,0.0,22980.0,8,2024
100603,4675,Beauty,3411,5,15,Debit Card,Cancelled,Bangalore,2024-08-25,17055,2558.25,14496.75,8,2024
100604,2081,Electronics,2493,9,5,Cash,Delivered,Delhi,2024-08-26,22437,1121.85,21315.15,8,2024
100605,2974,Electronics,3932,2,10,Cash,Cancelled,Pune,2024-08-27,7864,786.4,7077.6,8,2024
100606,2369,Sports,4029,1,5,Credit Card,Returned,Chennai,2024-08-28,4029,201.45,3827.55,8,2024
100607,1740,Sports,1710,8,20,Credit Card,Returned,Pune,2024-08-29,13680,2736.0,10944.0,8,2024
100608,4545,Home,675,3,10,Credit Card,Cancelled,Pune,2024-08-30,2025,202.5,1822.5,8,2024
100609,1116,Clothing,1176,7,5,UPI,Returned,Bangalore,2024-08-31,8232,411.6,7820.4,8,2024
100610,2853,Beauty,1407,8,10,Credit Card,Cancelled,Chennai,2024-09-01,11256,1125.6,10130.4,9,2024
100611,3838,Home,2160,6,0,UPI,Returned,Delhi,2024-09-02,12960,0.0,12960.0,9,2024
100612,2150,Sports,757,9,15,Cash,Cancelled,Bangalore,2024-09-03,6813,1021.95,5791.05,9,2024
100613,4464,Beauty,1082,7,5,Debit Card,Cancelled,Delhi,2024-09-04,7574,378.7,7195.3,9,2024
100614,2931,Sports,2394,5,20,Cash,Delivered,Mumbai,2024-09-05,11970,2394.0,9576.0,9,2024
100615,2012,Beauty,4961,8,0,Cash,Delivered,Pune,2024-09-06,39688,0.0,39688.0,9,2024
100616,2664,Clothing,2867,2,5,Cash,Cancelled,Mumbai,2024-09-07,5734,286.7,5447.3,9,2024
100617,2081,Home,4877,7,0,Credit Card,Returned,Pune,2024-09-08,34139,0.0,34139.0,9,2024
100618,1633,Beauty,4990,4,20,Credit Card,Returned,Bangalore,2024-09-09,19960,3992.0,15968.0,9,2024
100619,1512,Electronics,1810,9,5,Credit Card,Returned,Delhi,2024-09-10,16290,814.5,15475.5,9,2024
100620,4822,Electronics,3688,1,20,Debit Card,Cancelled,Delhi,2024-09-11,3688,737.6,2950.4,9,2024
100621,3849,Beauty,2654,7,10,Credit Card,Cancelled,Bangalore,2024-09-12,18578,1857.8,16720.2,9,2024
100622,2119,Beauty,4694,6,20,UPI,Cancelled,Chennai,2024-09-13,28164,5632.8,22531.2,9,2024
100623,4709,Beauty,2146,8,10,Cash,Cancelled,Mumbai,2024-09-14,17168,1716.8,15451.2,9,2024
100624,2141,Electronics,4999,5,5,Debit Card,Delivered,Mumbai,2024-09-15,24995,1249.75,23745.25,9,2024
100625,1559,Electronics,3008,1,10,Debit Card,Cancelled,Delhi,2024-09-16,3008,300.8,2707.2,9,2024
100626,4672,Beauty,4025,1,5,Debit Card,Returned,Delhi,2024-09-17,4025,201.25,3823.75,9,2024
100627,1487,Sports,3736,9,5,Debit Card,Delivered,Delhi,2024-09-18,33624,1681.2,31942.8,9,2024
100628,4308,Sports,4002,6,15,Debit Card,Returned,Bangalore,2024-09-19,24012,3601.8,20410.2,9,2024
100629,4956,Clothing,4377,5,5,UPI,Cancelled,Chennai,2024-09-20,21885,1094.25,20790.75,9,2024
100630,1896,Home,4899,1,10,Cash,Delivered,Mumbai,2024-09-21,4899,489.9,4409.1,9,2024
100631,4343,Sports,2170,6,15,Debit Card,Cancelled,Pune,2024-09-22,13020,1953.0,11067.0,9,2024
100632,2212,Electronics,4022,6,15,Cash,Delivered,Bangalore,2024-09-23,24132,3619.8,20512.2,9,2024
100633,1703,Sports,3019,3,5,Credit Card,Returned,Mumbai,2024-09-24,9057,452.85,8604.15,9,2024
100634,2470,Clothing,1102,8,20,Debit Card,Cancelled,Chennai,2024-09-25,8816,1763.2,7052.8,9,2024
100635,1580,Clothing,564,1,20,Debit Card,Cancelled,Bangalore,2024-09-26,564,112.8,451.2,9,2024
100636,3837,Home,4458,1,15,Cash,Delivered,Mumbai,2024-09-27,4458,668.7,3789.3,9,2024
100637,3908,Sports,3319,6,5,Debit Card,Delivered,Bangalore,2024-09-28,19914,995.7,18918.3,9,2024
100638,3294,Electronics,2758,1,20,Debit Card,Cancelled,Mumbai,2024-09-29,2758,551.6,2206.4,9,2024
100639,4147,Electronics,2063,6,5,Debit Card,Delivered,Mumbai,2024-09-30,12378,618.9,11759.1,9,2024
100640,1153,Beauty,315,1,5,UPI,Cancelled,Chennai,2024-10-01,315,15.75,299.25,10,2024
100641,2679,Electronics,2584,6,15,UPI,Delivered,Pune,2024-10-02,15504,2325.6,13178.4,10,2024
100642,4506,Home,4135,3,15,Debit Card,Returned,Chennai,2024-10-03,12405,1860.75,10544.25,10,2024
100643,1996,Home,2690,8,0,UPI,Delivered,Mumbai,2024-10-04,21520,0.0,21520.0,10,2024
100644,4157,Electronics,1142,6,20,Credit Card,Returned,Bangalore,2024-10-05,6852,1370.4,5481.6,10,2024
100645,3744,Electronics,1924,1,20,Debit Card,Delivered,Chennai,2024-10-06,1924,384.8,1539.2,10,2024
100646,4356,Beauty,2534,5,20,Credit Card,Delivered,Pune,2024-10-07,12670,2534.0,10136.0,10,2024
100647,2243,Electronics,2967,8,10,Cash,Cancelled,Mumbai,2024-10-08,23736,2373.6,21362.4,10,2024
100648,2092,Beauty,1337,3,5,Credit Card,Delivered,Chennai,2024-10-09,4011,200.55,3810.45,10,2024
100649,4118,Beauty,2727,6,15,Cash,Delivered,Chennai,2024-10-10,16362,2454.3,13907.7,10,2024
100650,2008,Electronics,4317,5,20,Debit Card,Returned,Chennai,2024-10-11,21585,4317.0,17268.0,10,2024
100651,3141,Clothing,3620,6,0,Cash,Delivered,Chennai,2024-10-12,21720,0.0,21720.0,10,2024
100652,2773,Clothing,4978,1,20,Cash,Cancelled,Bangalore,2024-10-13,4978,995.6,3982.4,10,2024
100653,1957,Beauty,4106,7,5,Credit Card,Returned,Pune,2024-10-14,28742,1437.1,27304.9,10,2024
100654,4059,Electronics,3837,9,5,Credit Card,Cancelled,Pune,2024-10-15,34533,1726.65,32806.35,10,2024
100655,1452,Clothing,3153,2,15,Credit Card,Cancelled,Mumbai,2024-10-16,6306,945.9,5360.1,10,2024
100656,2227,Electronics,2567,5,10,Debit Card,Cancelled,Delhi,2024-10-17,12835,1283.5,11551.5,10,2024
100657,3959,Electronics,4421,4,15,Debit Card,Cancelled,Bangalore,2024-10-18,17684,2652.6,15031.4,10,2024
100658,3265,Electronics,476,6,20,Credit Card,Returned,Mumbai,2024-10-19,2856,571.2,2284.8,10,2024
100659,3521,Sports,2199,6,0,Debit Card,Delivered,Mumbai,2024-10-20,13194,0.0,13194.0,10,2024
100660,3479,Electronics,1427,2,15,Debit Card,Cancelled,Chennai,2024-10-21,2854,428.1,2425.9,10,2024
100661,3388,Sports,3952,2,10,Cash,Returned,Delhi,2024-10-22,7904,790.4,7113.6,10,2024
100662,1550,Beauty,3935,4,15,Cash,Cancelled,Delhi,2024-10-23,15740,2361.0,13379.0,10,2024
100663,2635,Clothing,895,1,5,Credit Card,Delivered,Bangalore,2024-10-24,895,44.75,850.25,10,2024
100664,2312,Clothing,1509,9,20,Debit Card,Returned,Delhi,2024-10-25,13581,2716.2,10864.8,10,2024
100665,4325,Clothing,4352,7,20,Cash,Returned,Mumbai,2024-10-26,30464,6092.8,24371.2,10,2024
100666,2757,Clothing,3434,7,20,UPI,Delivered,Delhi,2024-10-27,24038,4807.6,19230.4,10,2024
100667,1356,Clothing,4314,3,20,Debit Card,Returned,Delhi,2024-10-28,12942,2588.4,10353.6,10,2024
100668,3070,Clothing,2511,3,20,UPI,Delivered,Pune,2024-10-29,7533,1506.6,6026.4,10,2024
100669,2785,Clothing,3041,1,20,Credit Card,Returned,Mumbai,2024-10-30,3041,608.2,2432.8,10,2024
100670,3569,Beauty,4408,3,0,Debit Card,Returned,Delhi,2024-10-31,13224,0.0,13224.0,10,2024
100671,2781,Electronics,3759,3,10,Credit Card,Delivered,Delhi,2024-11-01,11277,1127.7,10149.3,11,2024
100672,4908,Home,3598,4,20,Credit Card,Delivered,Chennai,2024-11-02,14392,2878.4,11513.6,11,2024
100673,4171,Sports,741,4,10,Credit Card,Returned,Delhi,2024-11-03,2964,296.4,2667.6,11,2024
100674,3849,Home,2894,3,20,Credit Card,Returned,Delhi,2024-11-04,8682,1736.4,6945.6,11,2024
100675,4251,Home,4874,8,15,Credit Card,Delivered,Pune,2024-11-05,38992,5848.8,33143.2,11,2024
100676,4294,Electronics,1288,8,20,Debit Card,Delivered,Mumbai,2024-11-06,10304,2060.8,8243.2,11,2024
100677,4977,Electronics,3563,1,5,UPI,Returned,Bangalore,2024-11-07,3563,178.15,3384.85,11,2024
100678,3809,Electronics,224,7,0,Debit Card,Returned,Mumbai,2024-11-08,1568,0.0,1568.0,11,2024
100679,4730,Clothing,1772,2,15,Debit Card,Returned,Chennai,2024-11-09,3544,531.6,3012.4,11,2024
100680,3489,Beauty,3158,1,15,Debit Card,Delivered,Mumbai,2024-11-10,3158,473.7,2684.3,11,2024
100681,2631,Clothing,4436,3,5,Cash,Returned,Delhi,2024-11-11,13308,665.4,12642.6,11,2024
100682,3816,Beauty,1967,4,20,Cash,Cancelled,Chennai,2024-11-12,7868,1573.6,6294.4,11,2024
100683,2015,Beauty,4943,6,0,Debit Card,Delivered,Mumbai,2024-11-13,29658,0.0,29658.0,11,2024
100684,2348,Home,2435,5,15,UPI,Returned,Chennai,2024-11-14,12175,1826.25,10348.75,11,2024
100685,1515,Home,400,4,0,Debit Card,Delivered,Bangalore,2024-11-15,1600,0.0,1600.0,11,2024
100686,4087,Beauty,3398,8,15,Credit Card,Cancelled,Mumbai,2024-11-16,27184,4077.6,23106.4,11,2024
100687,3839,Beauty,456,4,20,Cash,Delivered,Delhi,2024-11-17,1824,364.8,1459.2,11,2024
100688,1335,Clothing,3947,2,15,Cash,Returned,Chennai,2024-11-18,7894,1184.1,6709.9,11,2024
100689,2782,Clothing,4842,3,15,Debit Card,Cancelled,Pune,2024-11-19,14526,2178.9,12347.1,11,2024
100690,3305,Home,2441,6,10,Debit Card,Cancelled,Chennai,2024-11-20,14646,1464.6,13181.4,11,2024
100691,1496,Electronics,3375,8,20,UPI,Returned,Pune,2024-11-21,27000,5400.0,21600.0,11,2024
100692,1895,Beauty,3806,8,5,UPI,Returned,Delhi,2024-11-22,30448,1522.4,28925.6,11,2024
100693,3207,Clothing,3536,9,5,Credit Card,Returned,Bangalore,2024-11-23,31824,1591.2,30232.8,11,2024
100694,4546,Home,613,7,20,Debit Card,Delivered,Pune,2024-11-24,4291,858.2,3432.8,11,2024
100695,1851,Clothing,2214,2,5,Debit Card,Delivered,Bangalore,2024-11-25,4428,221.4,4206.6,11,2024
100696,2687,Beauty,1581,8,20,Debit Card,Delivered,Chennai,2024-11-26,12648,2529.6,10118.4,11,2024
100697,2931,Beauty,1298,7,5,Cash,Returned,Delhi,2024-11-27,9086,454.3,8631.7,11,2024
100698,3737,Sports,3626,8,10,Credit Card,Returned,Pune,2024-11-28,29008,2900.8,26107.2,11,2024
100699,4746,Electronics,3855,3,5,UPI,Delivered,Chennai,2024-11-29,11565,578.25,10986.75,11,2024
100700,3427,Sports,1109,7,15,Cash,Cancelled,Mumbai,2024-11-30,7763,1164.45,6598.55,11,2024
100701,2568,Home,387,9,20,Cash,Delivered,Chennai,2024-12-01,3483,696.6,2786.4,12,2024
100702,1956,Clothing,4244,3,0,Cash,Cancelled,Bangalore,2024-12-02,12732,0.0,12732.0,12,2024
100703,3738,Home,3956,6,0,Cash,Returned,Delhi,2024-12-03,23736,0.0,23736.0,12,2024
100704,4498,Beauty,2215,2,20,Credit Card,Returned,Delhi,2024-12-04,4430,886.0,3544.0,12,2024
100705,2636,Sports,2292,2,10,Debit Card,Delivered,Chennai,2024-12-05,4584,458.4,4125.6,12,2024
100706,2291,Sports,3844,5,5,UPI,Delivered,Mumbai,2024-12-06,19220,961.0,18259.0,12,2024
100707,4906,Sports,2330,5,10,UPI,Returned,Bangalore,2024-12-07,11650,1165.0,10485.0,12,2024
100708,4648,Home,557,7,0,Cash,Delivered,Chennai,2024-12-08,3899,0.0,3899.0,12,2024
100709,2440,Beauty,2622,2,20,Cash,Returned,Chennai,2024-12-09,5244,1048.8,4195.2,12,2024
100710,2191,Clothing,4457,7,20,Credit Card,Returned,Delhi,2024-12-10,31199,6239.8,24959.2,12,2024
100711,4913,Clothing,4745,5,10,Cash,Cancelled,Bangalore,2024-12-11,23725,2372.5,21352.5,12,2024
100712,2066,Home,1697,6,10,UPI,Delivered,Mumbai,2024-12-12,10182,1018.2,9163.8,12,2024
100713,4627,Sports,2358,8,5,UPI,Returned,Delhi,2024-12-13,18864,943.2,17920.8,12,2024
100714,1284,Electronics,2755,4,15,Debit Card,Delivered,Chennai,2024-12-14,11020,1653.0,9367.0,12,2024
100715,3444,Home,2542,7,15,Debit Card,Cancelled,Delhi,2024-12-15,17794,2669.1,15124.9,12,2024
100716,1011,Home,3151,6,5,UPI,Cancelled,Delhi,2024-12-16,18906,945.3,17960.7,12,2024
100717,2630,Beauty,1438,2,15,UPI,Delivered,Pune,2024-12-17,2876,431.4,2444.6,12,2024
100718,4373,Clothing,1173,8,0,Credit Card,Delivered,Delhi,2024-12-18,9384,0.0,9384.0,12,2024
100719,4969,Home,4927,9,15,Credit Card,Returned,Delhi,2024-12-19,44343,6651.45,37691.55,12,2024
100720,4324,Home,4165,5,5,UPI,Cancelled,Bangalore,2024-12-20,20825,1041.25,19783.75,12,2024
100721,3546,Sports,1250,4,15,Cash,Cancelled,Delhi,2024-12-21,5000,750.0,4250.0,12,2024
100722,1753,Sports,3901,6,20,Debit Card,Cancelled,Mumbai,2024-12-22,23406,4681.2,18724.8,12,2024
100723,3082,Electronics,2980,8,10,UPI,Delivered,Chennai,2024-12-23,23840,2384.0,21456.0,12,2024
100724,3774,Beauty,1788,3,0,Cash,Returned,Bangalore,2024-12-24,5364,0.0,5364.0,12,2024
100725,3896,Electronics,4078,1,20,UPI,Delivered,Delhi,2024-12-25,4078,815.6,3262.4,12,2024
100726,1089,Sports,2568,4,20,Debit Card,Delivered,Mumbai,2024-12-26,10272,2054.4,8217.6,12,2024
100727,1775,Clothing,636,4,5,Debit Card,Delivered,Chennai,2024-12-27,2544,127.2,2416.8,12,2024
100728,3652,Sports,3028,1,10,Credit Card,Returned,Bangalore,2024-12-28,3028,302.8,2725.2,12,2024
100729,4993,Beauty,1756,9,10,Credit Card,Delivered,Mumbai,2024-12-29,15804,1580.4,14223.6,12,2024
100730,4017,Sports,4058,3,0,Credit Card,Cancelled,Delhi,2024-12-30,12174,0.0,12174.0,12,2024
100731,2625,Beauty,1504,5,5,Credit Card,Cancelled,Pune,2024-12-31,7520,376.0,7144.0,12,2024
100732,4069,Beauty,2584,6,0,Debit Card,Cancelled,Pune,2025-01-01,15504,0.0,15504.0,1,2025
100733,1417,Beauty,382,8,15,Cash,Returned,Bangalore,2025-01-02,3056,458.4,2597.6,1,2025
100734,1114,Beauty,1789,6,20,Cash,Delivered,Mumbai,2025-01-03,10734,2146.8,8587.2,1,2025
100735,1616,Beauty,1787,3,0,Cash,Returned,Chennai,2025-01-04,5361,0.0,5361.0,1,2025
100736,4974,Clothing,859,6,20,UPI,Delivered,Mumbai,2025-01-05,5154,1030.8,4123.2,1,2025
100737,4267,Electronics,359,1,5,Credit Card,Cancelled,Pune,2025-01-06,359,17.95,341.05,1,2025
100738,1825,Home,4153,4,15,Credit Card,Delivered,Bangalore,2025-01-07,16612,2491.8,14120.2,1,2025
100739,4572,Electronics,1211,6,5,Debit Card,Delivered,Delhi,2025-01-08,7266,363.3,6902.7,1,2025
100740,2649,Beauty,252,7,15,Debit Card,Delivered,Mumbai,2025-01-09,1764,264.6,1499.4,1,2025
100741,2516,Clothing,2507,3,15,UPI,Returned,Pune,2025-01-10,7521,1128.15,6392.85,1,2025
100742,4146,Sports,1428,9,20,UPI,Delivered,Chennai,2025-01-11,12852,2570.4,10281.6,1,2025
100743,1412,Clothing,1235,7,5,Cash,Delivered,Bangalore,2025-01-12,8645,432.25,8212.75,1,2025
100744,4447,Beauty,3902,1,5,Debit Card,Delivered,Delhi,2025-01-13,3902,195.1,3706.9,1,2025
100745,4491,Clothing,4245,2,0,Credit Card,Returned,Mumbai,2025-01-14,8490,0.0,8490.0,1,2025
100746,1728,Clothing,4649,1,5,Cash,Returned,Chennai,2025-01-15,4649,232.45,4416.55,1,2025
100747,4348,Beauty,1464,9,0,Credit Card,Returned,Delhi,2025-01-16,13176,0.0,13176.0,1,2025
100748,4068,Clothing,2084,9,10,Cash,Delivered,Pune,2025-01-17,18756,1875.6,16880.4,1,2025
100749,3808,Home,2009,7,10,Credit Card,Cancelled,Pune,2025-01-18,14063,1406.3,12656.7,1,2025
100750,1675,Home,3367,3,10,UPI,Cancelled,Chennai,2025-01-19,10101,1010.1,9090.9,1,2025
100751,4465,Clothing,3997,5,5,Cash,Cancelled,Pune,2025-01-20,19985,999.25,18985.75,1,2025
100752,2892,Sports,2541,4,5,Credit Card,Delivered,Bangalore,2025-01-21,10164,508.2,9655.8,1,2025
100753,3504,Beauty,3614,7,0,Credit Card,Cancelled,Chennai,2025-01-22,25298,0.0,25298.0,1,2025
100754,3967,Home,1017,9,15,Debit Card,Cancelled,Pune,2025-01-23,9153,1372.95,7780.05,1,2025
100755,3239,Sports,2637,2,0,Cash,Cancelled,Mumbai,2025-01-24,5274,0.0,5274.0,1,2025
100756,3786,Clothing,1088,8,10,Credit Card,Delivered,Pune,2025-01-25,8704,870.4,7833.6,1,2025
100757,4760,Sports,867,9,0,Debit Card,Cancelled,Bangalore,2025-01-26,7803,0.0,7803.0,1,2025
100758,2122,Electronics,4928,9,15,Credit Card,Cancelled,Delhi,2025-01-27,44352,6652.8,37699.2,1,2025
100759,2571,Home,2824,7,5,Cash,Delivered,Delhi,2025-01-28,19768,988.4,18779.6,1,2025
100760,1977,Clothing,4432,9,0,UPI,Returned,Pune,2025-01-29,39888,0.0,39888.0,1,2025
100761,2008,Beauty,4723,9,10,Cash,Cancelled,Delhi,2025-01-30,42507,4250.7,38256.3,1,2025
100762,3143,Clothing,1018,3,10,Cash,Returned,Pune,2025-01-31,3054,305.4,2748.6,1,2025
100763,2687,Beauty,2388,4,5,Credit Card,Cancelled,Bangalore,2025-02-01,9552,477.6,9074.4,2,2025
100764,3710,Clothing,1306,2,0,Credit Card,Delivered,Delhi,2025-02-02,2612,0.0,2612.0,2,2025
100765,4261,Sports,2424,3,15,Cash,Returned,Mumbai,2025-02-03,7272,1090.8,6181.2,2,2025
100766,4807,Sports,397,5,5,Debit Card,Returned,Pune,2025-02-04,1985,99.25,1885.75,2,2025
100767,1036,Sports,2871,5,0,Debit Card,Returned,Delhi,2025-02-05,14355,0.0,14355.0,2,2025
100768,4851,Electronics,3692,6,20,Debit Card,Returned,Bangalore,2025-02-06,22152,4430.4,17721.6,2,2025
100769,4440,Beauty,2648,7,10,Credit Card,Cancelled,Bangalore,2025-02-07,18536,1853.6,16682.4,2,2025
100770,4766,Sports,670,7,15,Credit Card,Cancelled,Mumbai,2025-02-08,4690,703.5,3986.5,2,2025
100771,2548,Electronics,2148,1,15,Cash,Returned,Bangalore,2025-02-09,2148,322.2,1825.8,2,2025
100772,3326,Beauty,4099,2,15,UPI,Cancelled,Bangalore,2025-02-10,8198,1229.7,6968.3,2,2025
100773,3264,Clothing,2210,9,10,Credit Card,Returned,Delhi,2025-02-11,19890,1989.0,17901.0,2,2025
100774,3914,Electronics,4000,2,0,Cash,Returned,Pune,2025-02-12,8000,0.0,8000.0,2,2025
100775,1872,Home,4318,6,5,Cash,Delivered,Chennai,2025-02-13,25908,1295.4,24612.6,2,2025
100776,2821,Electronics,3996,1,0,UPI,Returned,Bangalore,2025-02-14,3996,0.0,3996.0,2,2025
100777,2296,Electronics,4188,3,5,Debit Card,Cancelled,Bangalore,2025-02-15,12564,628.2,11935.8,2,2025
100778,4952,Beauty,434,2,15,Cash,Returned,Chennai,2025-02-16,868,130.2,737.8,2,2025
100779,3109,Clothing,1128,3,0,Cash,Delivered,Bangalore,2025-02-17,3384,0.0,3384.0,2,2025
100780,1595,Home,3807,5,15,Cash,Cancelled,Delhi,2025-02-18,19035,2855.25,16179.75,2,2025
100781,2903,Sports,722,6,20,Debit Card,Delivered,Delhi,2025-02-19,4332,866.4,3465.6,2,2025
100782,1728,Sports,3723,9,15,Debit Card,Delivered,Chennai,2025-02-20,33507,5026.05,28480.95,2,2025
100783,2365,Electronics,4726,4,15,UPI,Returned,Bangalore,2025-02-21,18904,2835.6,16068.4,2,2025
100784,1396,Beauty,1829,7,5,Credit Card,Delivered,Bangalore,2025-02-22,12803,640.15,12162.85,2,2025
100785,1698,Beauty,4828,6,20,Debit Card,Delivered,Pune,2025-02-23,28968,5793.6,23174.4,2,2025
100786,4090,Sports,1516,2,15,Credit Card,Cancelled,Bangalore,2025-02-24,3032,454.8,2577.2,2,2025
100787,3224,Home,3057,8,15,Credit Card,Delivered,Delhi,2025-02-25,24456,3668.4,20787.6,2,2025
100788,2635,Clothing,1324,7,20,Debit Card,Returned,Mumbai,2025-02-26,9268,1853.6,7414.4,2,2025
100789,1395,Home,2787,7,20,Cash,Returned,Mumbai,2025-02-27,19509,3901.8,15607.2,2,2025
100790,3492,Clothing,1223,8,0,UPI,Returned,Mumbai,2025-02-28,9784,0.0,9784.0,2,2025
100791,4304,Sports,1578,1,5,Credit Card,Delivered,Mumbai,2025-03-01,1578,78.9,1499.1,3,2025
100792,4986,Clothing,3574,1,20,Cash,Cancelled,Bangalore,2025-03-02,3574,714.8,2859.2,3,2025
100793,1075,Beauty,1719,8,20,Debit Card,Returned,Bangalore,2025-03-03,13752,2750.4,11001.6,3,2025
100794,1264,Electronics,426,4,10,Credit Card,Delivered,Pune,2025-03-04,1704,170.4,1533.6,3,2025
100795,3502,Electronics,1091,5,20,Credit Card,Returned,Bangalore,2025-03-05,5455,1091.0,4364.0,3,2025
100796,2819,Sports,4272,8,5,Credit Card,Returned,Mumbai,2025-03-06,34176,1708.8,32467.2,3,2025
100797,1717,Beauty,2457,5,15,Cash,Cancelled,Chennai,2025-03-07,12285,1842.75,10442.25,3,2025
100798,3782,Home,2988,4,15,Cash,Returned,Chennai,2025-03-08,11952,1792.8,10159.2,3,2025
100799,4455,Beauty,596,6,15,Cash,Cancelled,Delhi,2025-03-09,3576,536.4,3039.6,3,2025
100800,4635,Electronics,2278,5,15,Credit Card,Delivered,Delhi,2025-03-10,11390,1708.5,9681.5,3,2025
100801,1850,Electronics,4944,7,10,Credit Card,Returned,Bangalore,2025-03-11,34608,3460.8,31147.2,3,2025
100802,4577,Beauty,4624,7,20,UPI,Delivered,Chennai,2025-03-12,32368,6473.6,25894.4,3,2025
100803,2390,Beauty,3437,4,15,UPI,Delivered,Mumbai,2025-03-13,13748,2062.2,11685.8,3,2025
100804,1143,Electronics,4093,5,0,Cash,Delivered,Mumbai,2025-03-14,20465,0.0,20465.0,3,2025
100805,1884,Home,2205,3,15,Cash,Returned,Mumbai,2025-03-15,6615,992.25,5622.75,3,2025
100806,4140,Sports,2216,4,20,Debit Card,Cancelled,Bangalore,2025-03-16,8864,1772.8,7091.2,3,2025
100807,4170,Sports,3371,4,15,Cash,Returned,Bangalore,2025-03-17,13484,2022.6,11461.4,3,2025
100808,1395,Beauty,2868,3,10,UPI,Delivered,Pune,2025-03-18,8604,860.4,7743.6,3,2025
100809,4096,Sports,2078,5,5,UPI,Cancelled,Mumbai,2025-03-19,10390,519.5,9870.5,3,2025
100810,3995,Electronics,1396,5,5,UPI,Delivered,Mumbai,2025-03-20,6980,349.0,6631.0,3,2025
100811,3938,Electronics,1972,7,20,Credit Card,Cancelled,Bangalore,2025-03-21,13804,2760.8,11043.2,3,2025
100812,2492,Beauty,361,4,5,Credit Card,Returned,Bangalore,2025-03-22,1444,72.2,1371.8,3,2025
100813,4555,Beauty,4176,4,5,Cash,Cancelled,Pune,2025-03-23,16704,835.2,15868.8,3,2025
100814,4636,Beauty,1951,9,0,Debit Card,Returned,Pune,2025-03-24,17559,0.0,17559.0,3,2025
100815,4222,Home,975,6,20,Debit Card,Delivered,Delhi,2025-03-25,5850,1170.0,4680.0,3,2025
100816,2167,Sports,1139,4,20,Debit Card,Cancelled,Chennai,2025-03-26,4556,911.2,3644.8,3,2025
100817,3616,Beauty,3420,2,5,Credit Card,Delivered,Mumbai,2025-03-27,6840,342.0,6498.0,3,2025
100818,2062,Clothing,739,6,5,UPI,Cancelled,Mumbai,2025-03-28,4434,221.7,4212.3,3,2025
100819,3156,Clothing,1661,2,5,UPI,Returned,Pune,2025-03-29,3322,166.1,3155.9,3,2025
100820,4764,Electronics,555,5,10,Credit Card,Cancelled,Pune,2025-03-30,2775,277.5,2497.5,3,2025
100821,2065,Sports,3804,6,15,Debit Card,Cancelled,Delhi,2025-03-31,22824,3423.6,19400.4,3,2025
100822,2209,Beauty,3523,4,10,Debit Card,Returned,Chennai,2025-04-01,14092,1409.2,12682.8,4,2025
100823,3982,Clothing,434,3,20,Cash,Returned,Delhi,2025-04-02,1302,260.4,1041.6,4,2025
100824,3445,Sports,1748,7,0,Cash,Returned,Chennai,2025-04-03,12236,0.0,12236.0,4,2025
100825,4294,Electronics,2296,2,15,Debit Card,Cancelled,Mumbai,2025-04-04,4592,688.8,3903.2,4,2025
100826,1633,Home,4413,6,0,Credit Card,Delivered,Delhi,2025-04-05,26478,0.0,26478.0,4,2025
100827,2156,Sports,2301,4,20,Debit Card,Cancelled,Pune,2025-04-06,9204,1840.8,7363.2,4,2025
100828,4234,Sports,1873,6,20,Cash,Cancelled,Delhi,2025-04-07,11238,2247.6,8990.4,4,2025
100829,2238,Home,2300,4,0,Debit Card,Delivered,Delhi,2025-04-08,9200,0.0,9200.0,4,2025
100830,1732,Sports,3857,4,0,Credit Card,Returned,Mumbai,2025-04-09,15428,0.0,15428.0,4,2025
100831,1234,Electronics,4853,4,0,UPI,Cancelled,Pune,2025-04-10,19412,0.0,19412.0,4,2025
100832,4914,Electronics,3796,9,20,Credit Card,Delivered,Pune,2025-04-11,34164,6832.8,27331.2,4,2025
100833,3705,Home,3948,7,5,Credit Card,Returned,Bangalore,2025-04-12,27636,1381.8,26254.2,4,2025
100834,1750,Beauty,3373,3,0,Cash,Returned,Bangalore,2025-04-13,10119,0.0,10119.0,4,2025
100835,3635,Clothing,2015,3,15,Credit Card,Cancelled,Bangalore,2025-04-14,6045,906.75,5138.25,4,2025
100836,4080,Beauty,4041,6,20,Credit Card,Returned,Mumbai,2025-04-15,24246,4849.2,19396.8,4,2025
100837,4145,Sports,2205,6,10,Cash,Returned,Delhi,2025-04-16,13230,1323.0,11907.0,4,2025
100838,1953,Clothing,4693,4,10,Cash,Delivered,Pune,2025-04-17,18772,1877.2,16894.8,4,2025
100839,3539,Home,874,9,15,UPI,Delivered,Pune,2025-04-18,7866,1179.9,6686.1,4,2025
100840,3960,Home,586,4,5,Debit Card,Returned,Delhi,2025-04-19,2344,117.2,2226.8,4,2025
100841,4324,Clothing,2358,9,0,Credit Card,Delivered,Pune,2025-04-20,21222,0.0,21222.0,4,2025
100842,4301,Electronics,2861,4,20,Cash,Returned,Delhi,2025-04-21,11444,2288.8,9155.2,4,2025
100843,2542,Clothing,2264,2,0,UPI,Cancelled,Mumbai,2025-04-22,4528,0.0,4528.0,4,2025
100844,2197,Sports,4051,2,20,Debit Card,Delivered,Mumbai,2025-04-23,8102,1620.4,6481.6,4,2025
100845,2676,Electronics,3453,5,10,Cash,Returned,Mumbai,2025-04-24,17265,1726.5,15538.5,4,2025
100846,2191,Home,4836,4,0,Debit Card,Returned,Delhi,2025-04-25,19344,0.0,19344.0,4,2025
100847,3217,Clothing,4466,7,15,Debit Card,Delivered,Delhi,2025-04-26,31262,4689.3,26572.7,4,2025
100848,2416,Beauty,939,5,5,Credit Card,Delivered,Chennai,2025-04-27,4695,234.75,4460.25,4,2025
100849,3993,Beauty,1601,6,15,Credit Card,Cancelled,Pune,2025-04-28,9606,1440.9,8165.1,4,2025
100850,3842,Sports,3459,4,5,Cash,Returned,Pune,2025-04-29,13836,691.8,13144.2,4,2025
100851,3681,Beauty,2477,2,0,Debit Card,Cancelled,Chennai,2025-04-30,4954,0.0,4954.0,4,2025
100852,2217,Clothing,4104,9,0,Cash,Cancelled,Chennai,2025-05-01,36936,0.0,36936.0,5,2025
100853,2540,Clothing,4123,7,5,Cash,Cancelled,Mumbai,2025-05-02,28861,1443.05,27417.95,5,2025
100854,3076,Beauty,4414,4,10,Debit Card,Delivered,Chennai,2025-05-03,17656,1765.6,15890.4,5,2025
100855,4236,Clothing,3427,3,20,Cash,Cancelled,Delhi,2025-05-04,10281,2056.2,8224.8,5,2025
100856,2445,Sports,3031,3,15,Debit Card,Delivered,Bangalore,2025-05-05,9093,1363.95,7729.05,5,2025
100857,3386,Electronics,3958,9,15,Debit Card,Delivered,Delhi,2025-05-06,35622,5343.3,30278.7,5,2025
100858,4719,Sports,2712,5,15,Debit Card,Cancelled,Chennai,2025-05-07,13560,2034.0,11526.0,5,2025
100859,2519,Sports,2351,3,0,Debit Card,Cancelled,Pune,2025-05-08,7053,0.0,7053.0,5,2025
100860,2388,Clothing,3875,5,15,UPI,Returned,Delhi,2025-05-09,19375,2906.25,16468.75,5,2025
100861,2856,Electronics,2945,2,20,Debit Card,Cancelled,Pune,2025-05-10,5890,1178.0,4712.0,5,2025
100862,2365,Clothing,4066,4,20,Credit Card,Returned,Delhi,2025-05-11,16264,3252.8,13011.2,5,2025
100863,1499,Home,3964,2,5,Credit Card,Cancelled,Pune,2025-05-12,7928,396.4,7531.6,5,2025
100864,2680,Clothing,2422,2,0,Credit Card,Cancelled,Delhi,2025-05-13,4844,0.0,4844.0,5,2025
100865,1510,Clothing,2992,8,20,Debit Card,Cancelled,Pune,2025-05-14,23936,4787.2,19148.8,5,2025
100866,4398,Clothing,1897,1,10,Credit Card,Cancelled,Bangalore,2025-05-15,1897,189.7,1707.3,5,2025
100867,1216,Electronics,3662,7,0,UPI,Returned,Mumbai,2025-05-16,25634,0.0,25634.0,5,2025
100868,2324,Clothing,4263,5,0,Cash,Returned,Delhi,2025-05-17,21315,0.0,21315.0,5,2025
100869,2155,Electronics,1724,8,20,Debit Card,Cancelled,Bangalore,2025-05-18,13792,2758.4,11033.6,5,2025
100870,2827,Beauty,4960,1,10,Credit Card,Cancelled,Mumbai,2025-05-19,4960,496.0,4464.0,5,2025
100871,4141,Home,232,7,5,UPI,Returned,Delhi,2025-05-20,1624,81.2,1542.8,5,2025
100872,4323,Electronics,4225,5,20,Cash,Delivered,Bangalore,2025-05-21,21125,4225.0,16900.0,5,2025
100873,4486,Beauty,2766,4,10,UPI,Delivered,Bangalore,2025-05-22,11064,1106.4,9957.6,5,2025
100874,2810,Electronics,3003,7,0,Credit Card,Delivered,Bangalore,2025-05-23,21021,0.0,21021.0,5,2025
100875,3492,Electronics,4096,2,10,UPI,Returned,Chennai,2025-05-24,8192,819.2,7372.8,5,2025
100876,3923,Home,3909,1,0,Cash,Returned,Pune,2025-05-25,3909,0.0,3909.0,5,2025
100877,2205,Sports,919,1,20,Credit Card,Delivered,Mumbai,2025-05-26,919,183.8,735.2,5,2025
100878,3214,Sports,4779,1,20,Cash,Delivered,Pune,2025-05-27,4779,955.8,3823.2,5,2025
100879,1090,Electronics,1172,5,15,UPI,Cancelled,Pune,2025-05-28,5860,879.0,4981.0,5,2025
100880,1713,Clothing,3918,7,15,Debit Card,Returned,Pune,2025-05-29,27426,4113.9,23312.1,5,2025
100881,2881,Beauty,4602,2,15,Debit Card,Returned,Bangalore,2025-05-30,9204,1380.6,7823.4,5,2025
100882,4602,Clothing,4752,8,20,Debit Card,Delivered,Pune,2025-05-31,38016,7603.2,30412.8,5,2025
100883,1038,Clothing,2407,4,5,Debit Card,Delivered,Chennai,2025-06-01,9628,481.4,9146.6,6,2025
100884,4197,Electronics,4626,3,20,Cash,Returned,Delhi,2025-06-02,13878,2775.6,11102.4,6,2025
100885,4522,Electronics,4520,8,10,Debit Card,Cancelled,Bangalore,2025-06-03,36160,3616.0,32544.0,6,2025
100886,1172,Electronics,3230,2,20,Cash,Delivered,Mumbai,2025-06-04,6460,1292.0,5168.0,6,2025
100887,1652,Electronics,3775,3,20,Credit Card,Returned,Delhi,2025-06-05,11325,2265.0,9060.0,6,2025
100888,1753,Sports,3316,3,0,Debit Card,Returned,Delhi,2025-06-06,9948,0.0,9948.0,6,2025
100889,2243,Electronics,3485,1,0,Cash,Cancelled,Delhi,2025-06-07,3485,0.0,3485.0,6,2025
100890,4709,Sports,843,6,0,Debit Card,Cancelled,Pune,2025-06-08,5058,0.0,5058.0,6,2025
100891,2081,Sports,4911,2,20,Debit Card,Delivered,Pune,2025-06-09,9822,1964.4,7857.6,6,2025
100892,2683,Electronics,394,1,5,Debit Card,Delivered,Bangalore,2025-06-10,394,19.7,374.3,6,2025
100893,3523,Home,4196,2,10,Cash,Delivered,Pune,2025-06-11,8392,839.2,7552.8,6,2025
100894,1455,Beauty,688,6,10,UPI,Returned,Pune,2025-06-12,4128,412.8,3715.2,6,2025
100895,1828,Clothing,2404,4,5,Debit Card,Delivered,Pune,2025-06-13,9616,480.8,9135.2,6,2025
100896,1894,Sports,2857,6,5,Debit Card,Returned,Bangalore,2025-06-14,17142,857.1,16284.9,6,2025
100897,2384,Beauty,3476,9,10,Credit Card,Delivered,Bangalore,2025-06-15,31284,3128.4,28155.6,6,2025
100898,2958,Home,1302,8,15,UPI,Cancelled,Chennai,2025-06-16,10416,1562.4,8853.6,6,2025
100899,4072,Clothing,1441,1,0,Cash,Cancelled,Chennai,2025-06-17,1441,0.0,1441.0,6,2025
100900,3434,Clothing,715,8,0,Credit Card,Returned,Chennai,2025-06-18,5720,0.0,5720.0,6,2025
100901,2996,Sports,592,9,10,Debit Card,Cancelled,Chennai,2025-06-19,5328,532.8,4795.2,6,2025
100902,3395,Electronics,830,6,5,Credit Card,Returned,Delhi,2025-06-20,4980,249.0,4731.0,6,2025
100903,1189,Home,3916,5,15,Credit Card,Returned,Delhi,2025-06-21,19580,2937.0,16643.0,6,2025
100904,1504,Sports,2047,6,10,Debit Card,Cancelled,Chennai,2025-06-22,12282,1228.2,11053.8,6,2025
100905,2214,Home,2855,6,0,UPI,Returned,Chennai,2025-06-23,17130,0.0,17130.0,6,2025
100906,2531,Electronics,1179,9,20,UPI,Cancelled,Mumbai,2025-06-24,10611,2122.2,8488.8,6,2025
100907,4440,Electronics,4729,4,5,Credit Card,Delivered,Delhi,2025-06-25,18916,945.8,17970.2,6,2025
100908,4480,Sports,3602,2,20,Debit Card,Delivered,Mumbai,2025-06-26,7204,1440.8,5763.2,6,2025
100909,1823,Electronics,4071,9,10,Cash,Cancelled,Mumbai,2025-06-27,36639,3663.9,32975.1,6,2025
100910,1928,Beauty,477,2,0,Credit Card,Cancelled,Pune,2025-06-28,954,0.0,954.0,6,2025
100911,1933,Clothing,432,9,15,Cash,Cancelled,Bangalore,2025-06-29,3888,583.2,3304.8,6,2025
100912,2140,Sports,1752,2,20,Credit Card,Cancelled,Delhi,2025-06-30,3504,700.8,2803.2,6,2025
100913,1133,Home,3470,8,15,Credit Card,Delivered,Chennai,2025-07-01,27760,4164.0,23596.0,7,2025
100914,3105,Beauty,2609,9,0,Debit Card,Returned,Chennai,2025-07-02,23481,0.0,23481.0,7,2025
100915,4627,Sports,3712,9,20,Debit Card,Returned,Bangalore,2025-07-03,33408,6681.6,26726.4,7,2025
100916,1684,Electronics,225,9,15,Cash,Delivered,Delhi,2025-07-04,2025,303.75,1721.25,7,2025
100917,3719,Electronics,660,2,15,Cash,Returned,Chennai,2025-07-05,1320,198.0,1122.0,7,2025
100918,3220,Electronics,3964,4,20,UPI,Delivered,Chennai,2025-07-06,15856,3171.2,12684.8,7,2025
100919,2852,Electronics,3631,7,0,Debit Card,Returned,Pune,2025-07-07,25417,0.0,25417.0,7,2025
100920,1814,Home,3683,2,15,Credit Card,Cancelled,Mumbai,2025-07-08,7366,1104.9,6261.1,7,2025
100921,2172,Beauty,2194,1,10,Credit Card,Cancelled,Chennai,2025-07-09,2194,219.4,1974.6,7,2025
100922,1079,Clothing,690,3,20,UPI,Cancelled,Delhi,2025-07-10,2070,414.0,1656.0,7,2025
100923,3933,Home,1272,4,5,Debit Card,Delivered,Bangalore,2025-07-11,5088,254.4,4833.6,7,2025
100924,4284,Home,3373,8,5,Credit Card,Delivered,Pune,2025-07-12,26984,1349.2,25634.8,7,2025
100925,1202,Clothing,415,6,0,UPI,Returned,Delhi,2025-07-13,2490,0.0,2490.0,7,2025
100926,3811,Clothing,1923,2,10,UPI,Returned,Pune,2025-07-14,3846,384.6,3461.4,7,2025
100927,2252,Electronics,1792,9,15,Credit Card,Returned,Mumbai,2025-07-15,16128,2419.2,13708.8,7,2025
100928,2699,Home,2806,2,5,Credit Card,Delivered,Chennai,2025-07-16,5612,280.6,5331.4,7,2025
100929,2250,Sports,358,5,0,Cash,Returned,Delhi,2025-07-17,1790,0.0,1790.0,7,2025
100930,2682,Clothing,4981,4,10,Debit Card,Cancelled,Bangalore,2025-07-18,19924,1992.4,17931.6,7,2025
100931,2555,Clothing,3513,7,10,Cash,Returned,Mumbai,2025-07-19,24591,2459.1,22131.9,7,2025
100932,4512,Beauty,3041,8,0,UPI,Cancelled,Mumbai,2025-07-20,24328,0.0,24328.0,7,2025
100933,4473,Sports,1976,5,0,Credit Card,Delivered,Pune,2025-07-21,9880,0.0,9880.0,7,2025
100934,3094,Sports,2252,5,15,Cash,Cancelled,Mumbai,2025-07-22,11260,1689.0,9571.0,7,2025
100935,2256,Clothing,2495,2,0,UPI,Cancelled,Delhi,2025-07-23,4990,0.0,4990.0,7,2025
100936,4376,Electronics,1896,8,15,Debit Card,Cancelled,Pune,2025-07-24,15168,2275.2,12892.8,7,2025
100937,2549,Beauty,3193,2,15,Credit Card,Delivered,Mumbai,2025-07-25,6386,957.9,5428.1,7,2025
100938,2166,Sports,2669,6,20,Cash,Delivered,Bangalore,2025-07-26,16014,3202.8,12811.2,7,2025
100939,4486,Clothing,2146,8,10,Debit Card,Delivered,Delhi,2025-07-27,17168,1716.8,15451.2,7,2025
100940,4584,Sports,4009,6,10,Cash,Delivered,Bangalore,2025-07-28,24054,2405.4,21648.6,7,2025
100941,2396,Beauty,2983,4,10,UPI,Returned,Bangalore,2025-07-29,11932,1193.2,10738.8,7,2025
100942,4637,Beauty,3844,4,20,Debit Card,Delivered,Pune,2025-07-30,15376,3075.2,12300.8,7,2025
100943,4957,Home,2700,6,15,Cash,Cancelled,Chennai,2025-07-31,16200,2430.0,13770.0,7,2025
100944,4330,Clothing,3845,4,15,Debit Card,Delivered,Pune,2025-08-01,15380,2307.0,13073.0,8,2025
100945,3703,Beauty,2845,8,0,UPI,Returned,Delhi,2025-08-02,22760,0.0,22760.0,8,2025
100946,1470,Home,2549,9,20,Debit Card,Returned,Delhi,2025-08-03,22941,4588.2,18352.8,8,2025
100947,4018,Home,2132,1,0,Cash,Returned,Pune,2025-08-04,2132,0.0,2132.0,8,2025
100948,2035,Sports,3494,4,20,UPI,Cancelled,Chennai,2025-08-05,13976,2795.2,11180.8,8,2025
100949,2353,Sports,1957,4,0,Credit Card,Delivered,Pune,2025-08-06,7828,0.0,7828.0,8,2025
100950,3783,Home,1316,2,5,Cash,Delivered,Delhi,2025-08-07,2632,131.6,2500.4,8,2025
100951,3831,Sports,2767,6,10,Cash,Delivered,Chennai,2025-08-08,16602,1660.2,14941.8,8,2025
100952,1967,Beauty,3699,3,10,UPI,Cancelled,Delhi,2025-08-09,11097,1109.7,9987.3,8,2025
100953,1357,Electronics,692,7,15,UPI,Cancelled,Chennai,2025-08-10,4844,726.6,4117.4,8,2025
100954,4019,Beauty,3506,5,5,Credit Card,Returned,Chennai,2025-08-11,17530,876.5,16653.5,8,2025
100955,4479,Home,819,4,10,Cash,Returned,Pune,2025-08-12,3276,327.6,2948.4,8,2025
100956,1667,Home,3432,5,15,UPI,Delivered,Pune,2025-08-13,17160,2574.0,14586.0,8,2025
100957,1372,Beauty,4023,8,5,Credit Card,Cancelled,Pune,2025-08-14,32184,1609.2,30574.8,8,2025
100958,2031,Sports,2580,3,10,Credit Card,Cancelled,Chennai,2025-08-15,7740,774.0,6966.0,8,2025
100959,2145,Sports,1746,7,0,UPI,Delivered,Chennai,2025-08-16,12222,0.0,12222.0,8,2025
100960,2371,Home,3763,6,20,Cash,Delivered,Delhi,2025-08-17,22578,4515.6,18062.4,8,2025
100961,3723,Clothing,1805,1,5,Debit Card,Returned,Bangalore,2025-08-18,1805,90.25,1714.75,8,2025
100962,1089,Sports,3952,7,15,Debit Card,Returned,Pune,2025-08-19,27664,4149.6,23514.4,8,2025
100963,4719,Beauty,4875,7,5,Credit Card,Returned,Delhi,2025-08-20,34125,1706.25,32418.75,8,2025
100964,3745,Sports,2090,1,15,Debit Card,Delivered,Delhi,2025-08-21,2090,313.5,1776.5,8,2025
100965,4387,Beauty,1475,9,5,Debit Card,Delivered,Mumbai,2025-08-22,13275,663.75,12611.25,8,2025
100966,4249,Home,2943,6,15,UPI,Returned,Pune,2025-08-23,17658,2648.7,15009.3,8,2025
100967,1539,Sports,2693,2,10,Credit Card,Returned,Delhi,2025-08-24,5386,538.6,4847.4,8,2025
100968,3779,Beauty,556,5,0,Cash,Cancelled,Mumbai,2025-08-25,2780,0.0,2780.0,8,2025
100969,1868,Home,1069,4,10,Credit Card,Cancelled,Pune,2025-08-26,4276,427.6,3848.4,8,2025
100970,1040,Clothing,1085,7,0,UPI,Returned,Chennai,2025-08-27,7595,0.0,7595.0,8,2025
100971,1739,Beauty,2201,8,10,Debit Card,Returned,Mumbai,2025-08-28,17608,1760.8,15847.2,8,2025
100972,4775,Clothing,1483,1,10,Cash,Cancelled,Chennai,2025-08-29,1483,148.3,1334.7,8,2025
100973,2946,Clothing,819,5,5,Credit Card,Returned,Bangalore,2025-08-30,4095,204.75,3890.25,8,2025
100974,3549,Electronics,1082,3,20,Debit Card,Cancelled,Bangalore,2025-08-31,3246,649.2,2596.8,8,2025
100975,4006,Sports,996,1,15,Credit Card,Cancelled,Bangalore,2025-09-01,996,149.4,846.6,9,2025
100976,4216,Beauty,3842,3,15,Cash,Cancelled,Bangalore,2025-09-02,11526,1728.9,9797.1,9,2025
100977,2224,Clothing,3625,6,15,Credit Card,Delivered,Delhi,2025-09-03,21750,3262.5,18487.5,9,2025
100978,1928,Electronics,1496,7,0,Credit Card,Delivered,Bangalore,2025-09-04,10472,0.0,10472.0,9,2025
100979,3036,Home,4914,8,15,Credit Card,Returned,Delhi,2025-09-05,39312,5896.8,33415.2,9,2025
100980,4795,Beauty,444,4,15,Debit Card,Cancelled,Delhi,2025-09-06,1776,266.4,1509.6,9,2025
100981,3508,Clothing,3095,3,5,Cash,Delivered,Pune,2025-09-07,9285,464.25,8820.75,9,2025
100982,3779,Sports,1129,5,10,Cash,Returned,Delhi,2025-09-08,5645,564.5,5080.5,9,2025
100983,3799,Electronics,719,9,15,Debit Card,Returned,Delhi,2025-09-09,6471,970.65,5500.35,9,2025
100984,1924,Clothing,3412,6,20,Debit Card,Returned,Bangalore,2025-09-10,20472,4094.4,16377.6,9,2025
100985,3956,Sports,2609,9,15,Debit Card,Returned,Delhi,2025-09-11,23481,3522.15,19958.85,9,2025
100986,2581,Clothing,207,6,0,UPI,Returned,Chennai,2025-09-12,1242,0.0,1242.0,9,2025
100987,4618,Beauty,2725,2,0,Credit Card,Cancelled,Bangalore,2025-09-13,5450,0.0,5450.0,9,2025
100988,4324,Beauty,3623,5,0,Credit Card,Returned,Mumbai,2025-09-14,18115,0.0,18115.0,9,2025
100989,1389,Beauty,2219,9,15,Cash,Cancelled,Bangalore,2025-09-15,19971,2995.65,16975.35,9,2025
100990,2617,Electronics,4790,8,5,Credit Card,Delivered,Delhi,2025-09-16,38320,1916.0,36404.0,9,2025
100991,3930,Beauty,4482,7,20,UPI,Returned,Chennai,2025-09-17,31374,6274.8,25099.2,9,2025
100992,1255,Sports,3867,1,15,Debit Card,Delivered,Bangalore,2025-09-18,3867,580.05,3286.95,9,2025
100993,1708,Clothing,3871,4,5,Cash,Cancelled,Chennai,2025-09-19,15484,774.2,14709.8,9,2025
100994,2838,Home,3001,7,5,Cash,Cancelled,Mumbai,2025-09-20,21007,1050.35,19956.65,9,2025
100995,2944,Sports,285,7,15,Credit Card,Delivered,Mumbai,2025-09-21,1995,299.25,1695.75,9,2025
100996,3497,Sports,3315,6,15,Cash,Returned,Pune,2025-09-22,19890,2983.5,16906.5,9,2025
100997,1009,Beauty,4432,8,5,Debit Card,Returned,Pune,2025-09-23,35456,1772.8,33683.2,9,2025
100998,3871,Electronics,2668,6,5,Cash,Delivered,Bangalore,2025-09-24,16008,800.4,15207.6,9,2025
100999,1797,Clothing,3819,3,5,Debit Card,Delivered,Pune,2025-09-25,11457,572.85,10884.15,9,2025
101000,4313,Electronics,1836,4,15,UPI,Delivered,Chennai,2025-09-26,7344,1101.6,6242.4,9,2025
101001,4322,Clothing,3783,3,5,UPI,Returned,Pune,2025-09-27,11349,567.45,10781.55,9,2025
101002,1876,Clothing,4209,1,0,Debit Card,Returned,Chennai,2025-09-28,4209,0.0,4209.0,9,2025
101003,2028,Electronics,3526,5,15,Credit Card,Returned,Pune,2025-09-29,17630,2644.5,14985.5,9,2025
101004,4190,Sports,2418,1,0,Cash,Delivered,Pune,2025-09-30,2418,0.0,2418.0,9,2025
101005,2015,Clothing,2417,1,10,Credit Card,Returned,Pune,2025-10-01,2417,241.7,2175.3,10,2025
101006,2824,Electronics,2569,2,15,Cash,Cancelled,Delhi,2025-10-02,5138,770.7,4367.3,10,2025
101007,1373,Clothing,3838,4,10,UPI,Delivered,Delhi,2025-10-03,15352,1535.2,13816.8,10,2025
101008,4136,Home,2703,6,5,UPI,Returned,Pune,2025-10-04,16218,810.9,15407.1,10,2025
101009,3193,Sports,1143,8,5,UPI,Delivered,Chennai,2025-10-05,9144,457.2,8686.8,10,2025
101010,1223,Beauty,3037,3,20,Cash,Cancelled,Bangalore,2025-10-06,9111,1822.2,7288.8,10,2025
101011,2262,Clothing,2860,1,5,UPI,Cancelled,Mumbai,2025-10-07,2860,143.0,2717.0,10,2025
101012,3224,Home,3136,3,10,UPI,Delivered,Delhi,2025-10-08,9408,940.8,8467.2,10,2025
101013,2802,Beauty,4644,3,5,UPI,Delivered,Pune,2025-10-09,13932,696.6,13235.4,10,2025
101014,1852,Beauty,4147,5,15,UPI,Cancelled,Mumbai,2025-10-10,20735,3110.25,17624.75,10,2025
101015,4353,Clothing,1876,4,5,Credit Card,Delivered,Delhi,2025-10-11,7504,375.2,7128.8,10,2025
101016,1062,Electronics,1396,4,20,UPI,Cancelled,Bangalore,2025-10-12,5584,1116.8,4467.2,10,2025
101017,2240,Clothing,4305,9,5,UPI,Cancelled,Chennai,2025-10-13,38745,1937.25,36807.75,10,2025
101018,4925,Home,2987,7,10,Credit Card,Returned,Pune,2025-10-14,20909,2090.9,18818.1,10,2025
101019,3874,Beauty,1661,4,10,Credit Card,Delivered,Bangalore,2025-10-15,6644,664.4,5979.6,10,2025
101020,3842,Clothing,3518,3,5,Cash,Delivered,Delhi,2025-10-16,10554,527.7,10026.3,10,2025
101021,1688,Electronics,866,6,10,Debit Card,Returned,Pune,2025-10-17,5196,519.6,4676.4,10,2025
101022,2484,Clothing,2376,3,10,UPI,Cancelled,Mumbai,2025-10-18,7128,712.8,6415.2,10,2025
101023,2633,Sports,3943,6,20,UPI,Delivered,Chennai,2025-10-19,23658,4731.6,18926.4,10,2025
101024,3152,Electronics,800,9,15,UPI,Returned,Delhi,2025-10-20,7200,1080.0,6120.0,10,2025
101025,4170,Home,2852,6,20,Cash,Returned,Chennai,2025-10-21,17112,3422.4,13689.6,10,2025
101026,1510,Beauty,4622,4,0,UPI,Delivered,Pune,2025-10-22,18488,0.0,18488.0,10,2025
101027,1384,Clothing,4024,5,20,Debit Card,Returned,Bangalore,2025-10-23,20120,4024.0,16096.0,10,2025
101028,1404,Electronics,4106,6,5,Credit Card,Cancelled,Chennai,2025-10-24,24636,1231.8,23404.2,10,2025
101029,3870,Sports,1179,3,15,Cash,Returned,Mumbai,2025-10-25,3537,530.55,3006.45,10,2025
101030,1517,Electronics,2651,8,5,Credit Card,Cancelled,Delhi,2025-10-26,21208,1060.4,20147.6,10,2025
101031,1475,Sports,828,4,0,UPI,Cancelled,Mumbai,2025-10-27,3312,0.0,3312.0,10,2025
101032,3000,Home,1829,8,15,UPI,Delivered,Chennai,2025-10-28,14632,2194.8,12437.2,10,2025
101033,3756,Beauty,3896,3,10,UPI,Returned,Bangalore,2025-10-29,11688,1168.8,10519.2,10,2025
101034,4934,Home,3630,7,20,Debit Card,Cancelled,Bangalore,2025-10-30,25410,5082.0,20328.0,10,2025
101035,2668,Clothing,3874,9,5,Debit Card,Cancelled,Mumbai,2025-10-31,34866,1743.3,33122.7,10,2025
101036,2893,Electronics,4129,4,0,Cash,Returned,Pune,2025-11-01,16516,0.0,16516.0,11,2025
101037,3818,Sports,2965,8,10,Credit Card,Cancelled,Pune,2025-11-02,23720,2372.0,21348.0,11,2025
101038,2460,Sports,4569,3,20,UPI,Returned,Bangalore,2025-11-03,13707,2741.4,10965.6,11,2025
101039,4094,Electronics,4980,7,10,UPI,Delivered,Mumbai,2025-11-04,34860,3486.0,31374.0,11,2025
101040,4044,Electronics,315,3,20,UPI,Cancelled,Mumbai,2025-11-05,945,189.0,756.0,11,2025
101041,4636,Clothing,2203,7,15,UPI,Cancelled,Mumbai,2025-11-06,15421,2313.15,13107.85,11,2025
101042,3724,Home,892,6,10,Debit Card,Returned,Chennai,2025-11-07,5352,535.2,4816.8,11,2025
101043,1713,Sports,3362,2,10,Credit Card,Returned,Pune,2025-11-08,6724,672.4,6051.6,11,2025
101044,4529,Clothing,1305,3,10,Credit Card,Returned,Pune,2025-11-09,3915,391.5,3523.5,11,2025
101045,1082,Home,3208,6,15,Cash,Returned,Chennai,2025-11-10,19248,2887.2,16360.8,11,2025
101046,2168,Clothing,2361,4,0,Debit Card,Cancelled,Delhi,2025-11-11,9444,0.0,9444.0,11,2025
101047,4156,Sports,353,6,20,UPI,Delivered,Chennai,2025-11-12,2118,423.6,1694.4,11,2025
101048,4149,Electronics,3899,1,10,Credit Card,Delivered,Mumbai,2025-11-13,3899,389.9,3509.1,11,2025
101049,3504,Electronics,4610,1,15,Credit Card,Delivered,Chennai,2025-11-14,4610,691.5,3918.5,11,2025
101050,2901,Home,3986,3,0,Debit Card,Delivered,Mumbai,2025-11-15,11958,0.0,11958.0,11,2025
101051,3048,Beauty,1264,8,20,Cash,Returned,Bangalore,2025-11-16,10112,2022.4,8089.6,11,2025
101052,1050,Home,4400,8,15,Cash,Cancelled,Mumbai,2025-11-17,35200,5280.0,29920.0,11,2025
101053,1684,Beauty,2113,4,20,UPI,Cancelled,Pune,2025-11-18,8452,1690.4,6761.6,11,2025
101054,1716,Clothing,1416,6,10,Cash,Cancelled,Chennai,2025-11-19,8496,849.6,7646.4,11,2025
101055,4843,Clothing,2601,8,0,Credit Card,Returned,Mumbai,2025-11-20,20808,0.0,20808.0,11,2025
101056,2469,Sports,1972,7,15,Cash,Cancelled,Delhi,2025-11-21,13804,2070.6,11733.4,11,2025
101057,1448,Beauty,2160,7,0,UPI,Returned,Bangalore,2025-11-22,15120,0.0,15120.0,11,2025
101058,1880,Sports,2980,4,10,Credit Card,Cancelled,Delhi,2025-11-23,11920,1192.0,10728.0,11,2025
101059,1487,Electronics,4946,9,0,Cash,Delivered,Delhi,2025-11-24,44514,0.0,44514.0,11,2025
101060,2823,Beauty,3071,6,0,Cash,Returned,Delhi,2025-11-25,18426,0.0,18426.0,11,2025
101061,3081,Home,860,3,5,Debit Card,Cancelled,Bangalore,2025-11-26,2580,129.0,2451.0,11,2025
101062,4419,Electronics,2835,5,0,UPI,Delivered,Bangalore,2025-11-27,14175,0.0,14175.0,11,2025
101063,3142,Electronics,2529,5,20,Cash,Delivered,Bangalore,2025-11-28,12645,2529.0,10116.0,11,2025
101064,4143,Home,4154,5,15,Debit Card,Delivered,Bangalore,2025-11-29,20770,3115.5,17654.5,11,2025
101065,2574,Electronics,2650,8,5,Credit Card,Returned,Delhi,2025-11-30,21200,1060.0,20140.0,11,2025
101066,3201,Beauty,1332,9,15,Debit Card,Returned,Pune,2025-12-01,11988,1798.2,10189.8,12,2025
101067,1249,Sports,899,9,15,Debit Card,Cancelled,Pune,2025-12-02,8091,1213.65,6877.35,12,2025
101068,1673,Electronics,2238,6,10,Cash,Delivered,Bangalore,2025-12-03,13428,1342.8,12085.2,12,2025
101069,1437,Beauty,4847,6,10,Cash,Cancelled,Chennai,2025-12-04,29082,2908.2,26173.8,12,2025
101070,3165,Clothing,4700,9,5,Cash,Cancelled,Mumbai,2025-12-05,42300,2115.0,40185.0,12,2025
101071,1770,Beauty,4757,4,10,Debit Card,Delivered,Chennai,2025-12-06,19028,1902.8,17125.2,12,2025
101072,4962,Sports,2379,6,10,Credit Card,Cancelled,Chennai,2025-12-07,14274,1427.4,12846.6,12,2025
101073,4377,Beauty,3038,4,10,UPI,Returned,Chennai,2025-12-08,12152,1215.2,10936.8,12,2025
101074,1267,Home,1073,1,15,Debit Card,Cancelled,Pune,2025-12-09,1073,160.95,912.05,12,2025
101075,2984,Sports,283,7,5,Cash,Delivered,Mumbai,2025-12-10,1981,99.05,1881.95,12,2025
101076,2077,Clothing,1622,6,15,UPI,Returned,Chennai,2025-12-11,9732,1459.8,8272.2,12,2025
101077,1235,Home,2875,9,20,Credit Card,Returned,Bangalore,2025-12-12,25875,5175.0,20700.0,12,2025
101078,1388,Beauty,3380,7,15,UPI,Cancelled,Pune,2025-12-13,23660,3549.0,20111.0,12,2025
101079,4037,Sports,4516,7,20,Cash,Cancelled,Bangalore,2025-12-14,31612,6322.4,25289.6,12,2025
101080,4805,Clothing,4175,2,0,Debit Card,Returned,Bangalore,2025-12-15,8350,0.0,8350.0,12,2025
101081,1762,Home,1591,9,0,Debit Card,Cancelled,Chennai,2025-12-16,14319,0.0,14319.0,12,2025
101082,2848,Clothing,3418,9,20,Cash,Delivered,Bangalore,2025-12-17,30762,6152.4,24609.6,12,2025
101083,3448,Beauty,4407,6,20,Debit Card,Cancelled,Mumbai,2025-12-18,26442,5288.4,21153.6,12,2025
101084,1623,Clothing,814,3,15,Cash,Cancelled,Bangalore,2025-12-19,2442,366.3,2075.7,12,2025
101085,3814,Electronics,3171,1,20,Debit Card,Returned,Chennai,2025-12-20,3171,634.2,2536.8,12,2025
101086,4374,Home,3765,4,5,Debit Card,Cancelled,Bangalore,2025-12-21,15060,753.0,14307.0,12,2025
101087,3966,Clothing,3776,3,0,Debit Card,Cancelled,Pune,2025-12-22,11328,0.0,11328.0,12,2025
101088,4278,Beauty,4770,1,0,Credit Card,Cancelled,Pune,2025-12-23,4770,0.0,4770.0,12,2025
101089,2252,Beauty,470,3,20,Credit Card,Delivered,Pune,2025-12-24,1410,282.0,1128.0,12,2025
101090,3900,Clothing,4266,4,10,Cash,Cancelled,Delhi,2025-12-25,17064,1706.4,15357.6,12,2025
101091,4981,Beauty,2668,8,10,Credit Card,Delivered,Pune,2025-12-26,21344,2134.4,19209.6,12,2025
101092,1577,Sports,1590,9,20,Cash,Delivered,Pune,2025-12-27,14310,2862.0,11448.0,12,2025
101093,3122,Sports,3554,3,5,UPI,Delivered,Delhi,2025-12-28,10662,533.1,10128.9,12,2025
101094,1434,Sports,4335,6,10,UPI,Delivered,Pune,2025-12-29,26010,2601.0,23409.0,12,2025
101095,3150,Electronics,3807,5,20,Credit Card,Returned,Chennai,2025-12-30,19035,3807.0,15228.0,12,2025
101096,4493,Clothing,2783,6,5,UPI,Delivered,Pune,2025-12-31,16698,834.9,15863.1,12,2025
101097,4775,Electronics,4273,4,5,UPI,Cancelled,Pune,2026-01-01,17092,854.6,16237.4,1,2026
101098,1763,Beauty,3275,6,15,Debit Card,Delivered,Delhi,2026-01-02,19650,2947.5,16702.5,1,2026
101099,3785,Electronics,4106,7,5,Debit Card,Cancelled,Chennai,2026-01-03,28742,1437.1,27304.9,1,2026
101100,3853,Beauty,489,9,10,Cash,Delivered,Bangalore,2026-01-04,4401,440.1,3960.9,1,2026
101101,2329,Beauty,2680,7,10,UPI,Returned,Mumbai,2026-01-05,18760,1876.0,16884.0,1,2026
101102,3145,Home,3452,6,20,Cash,Delivered,Chennai,2026-01-06,20712,4142.4,16569.6,1,2026
101103,4921,Sports,478,1,20,Cash,Delivered,Bangalore,2026-01-07,478,95.6,382.4,1,2026
101104,3845,Beauty,3124,2,5,UPI,Returned,Chennai,2026-01-08,6248,312.4,5935.6,1,2026
101105,2358,Home,780,1,0,Credit Card,Delivered,Bangalore,2026-01-09,780,0.0,780.0,1,2026
101106,3906,Sports,453,9,15,UPI,Cancelled,Bangalore,2026-01-10,4077,611.55,3465.45,1,2026
101107,3482,Beauty,4476,9,0,Debit Card,Delivered,Chennai,2026-01-11,40284,0.0,40284.0,1,2026
101108,1446,Beauty,4976,7,5,UPI,Delivered,Delhi,2026-01-12,34832,1741.6,33090.4,1,2026
101109,3017,Electronics,1024,2,5,Credit Card,Delivered,Chennai,2026-01-13,2048,102.4,1945.6,1,2026
101110,2331,Electronics,4032,6,0,Cash,Returned,Chennai,2026-01-14,24192,0.0,24192.0,1,2026
101111,1248,Sports,899,4,15,Cash,Delivered,Bangalore,2026-01-15,3596,539.4,3056.6,1,2026
101112,1165,Beauty,1580,1,0,Debit Card,Delivered,Mumbai,2026-01-16,1580,0.0,1580.0,1,2026
101113,4552,Clothing,4096,1,20,Debit Card,Cancelled,Bangalore,2026-01-17,4096,819.2,3276.8,1,2026
101114,4031,Electronics,1873,5,10,Debit Card,Delivered,Pune,2026-01-18,9365,936.5,8428.5,1,2026
101115,2358,Sports,2927,2,20,Cash,Delivered,Chennai,2026-01-19,5854,1170.8,4683.2,1,2026
101116,2019,Beauty,3356,4,10,Debit Card,Delivered,Chennai,2026-01-20,13424,1342.4,12081.6,1,2026
101117,1541,Beauty,3588,1,5,UPI,Delivered,Delhi,2026-01-21,3588,179.4,3408.6,1,2026
101118,1758,Clothing,4507,4,15,Cash,Cancelled,Bangalore,2026-01-22,18028,2704.2,15323.8,1,2026
101119,4177,Sports,583,6,0,Credit Card,Cancelled,Delhi,2026-01-23,3498,0.0,3498.0,1,2026
101120,4634,Beauty,541,4,15,Cash,Returned,Chennai,2026-01-24,2164,324.6,1839.4,1,2026
101121,3128,Electronics,2187,1,0,UPI,Delivered,Bangalore,2026-01-25,2187,0.0,2187.0,1,2026
101122,3180,Clothing,4259,7,20,UPI,Returned,Bangalore,2026-01-26,29813,5962.6,23850.4,1,2026
101123,1796,Sports,3309,2,20,Debit Card,Returned,Pune,2026-01-27,6618,1323.6,5294.4,1,2026
101124,3947,Clothing,4282,9,0,Cash,Delivered,Pune,2026-01-28,38538,0.0,38538.0,1,2026
101125,1137,Electronics,4715,3,15,Cash,Cancelled,Mumbai,2026-01-29,14145,2121.75,12023.25,1,2026
101126,3231,Sports,2998,8,0,Cash,Cancelled,Pune,2026-01-30,23984,0.0,23984.0,1,2026
101127,4472,Clothing,3440,8,5,Credit Card,Delivered,Bangalore,2026-01-31,27520,1376.0,26144.0,1,2026
101128,2353,Home,2188,3,20,Debit Card,Delivered,Pune,2026-02-01,6564,1312.8,5251.2,2,2026
101129,3832,Electronics,3614,4,5,UPI,Cancelled,Mumbai,2026-02-02,14456,722.8,13733.2,2,2026
101130,4579,Electronics,2049,2,20,UPI,Delivered,Chennai,2026-02-03,4098,819.6,3278.4,2,2026
101131,2875,Electronics,505,4,20,Debit Card,Delivered,Pune,2026-02-04,2020,404.0,1616.0,2,2026
101132,4031,Home,3813,9,10,UPI,Delivered,Bangalore,2026-02-05,34317,3431.7,30885.3,2,2026
101133,1068,Home,2949,2,5,UPI,Cancelled,Chennai,2026-02-06,5898,294.9,5603.1,2,2026
101134,3593,Beauty,1335,3,5,Debit Card,Returned,Bangalore,2026-02-07,4005,200.25,3804.75,2,2026
101135,4845,Clothing,405,4,10,UPI,Returned,Chennai,2026-02-08,1620,162.0,1458.0,2,2026
101136,3100,Beauty,4791,5,15,Cash,Delivered,Bangalore,2026-02-09,23955,3593.25,20361.75,2,2026
101137,2473,Clothing,3650,1,5,Credit Card,Cancelled,Pune,2026-02-10,3650,182.5,3467.5,2,2026
101138,1204,Home,4011,7,0,Debit Card,Delivered,Pune,2026-02-11,28077,0.0,28077.0,2,2026
101139,3173,Home,3822,7,10,Credit Card,Cancelled,Mumbai,2026-02-12,26754,2675.4,24078.6,2,2026
101140,4818,Beauty,3799,9,5,UPI,Delivered,Chennai,2026-02-13,34191,1709.55,32481.45,2,2026
101141,1042,Sports,2751,4,15,UPI,Cancelled,Mumbai,2026-02-14,11004,1650.6,9353.4,2,2026
101142,4823,Beauty,4508,6,5,Cash,Cancelled,Delhi,2026-02-15,27048,1352.4,25695.6,2,2026
101143,2906,Clothing,509,2,20,Debit Card,Returned,Pune,2026-02-16,1018,203.6,814.4,2,2026
101144,3158,Beauty,2908,4,0,UPI,Delivered,Chennai,2026-02-17,11632,0.0,11632.0,2,2026
101145,1760,Electronics,2191,2,10,Debit Card,Returned,Mumbai,2026-02-18,4382,438.2,3943.8,2,2026
101146,4734,Clothing,471,5,20,Debit Card,Returned,Mumbai,2026-02-19,2355,471.0,1884.0,2,2026
101147,4254,Clothing,3842,7,15,Debit Card,Cancelled,Delhi,2026-02-20,26894,4034.1,22859.9,2,2026
101148,3895,Sports,4286,1,20,Debit Card,Delivered,Mumbai,2026-02-21,4286,857.2,3428.8,2,2026
101149,3142,Home,2022,7,20,Debit Card,Cancelled,Bangalore,2026-02-22,14154,2830.8,11323.2,2,2026
101150,2994,Clothing,3473,6,15,Credit Card,Cancelled,Pune,2026-02-23,20838,3125.7,17712.3,2,2026
101151,4445,Home,4738,6,20,Cash,Cancelled,Mumbai,2026-02-24,28428,5685.6,22742.4,2,2026
101152,2935,Beauty,4549,8,10,Debit Card,Delivered,Mumbai,2026-02-25,36392,3639.2,32752.8,2,2026
101153,4591,Electronics,720,8,5,Credit Card,Delivered,Delhi,2026-02-26,5760,288.0,5472.0,2,2026
101154,1899,Sports,1176,6,20,UPI,Cancelled,Bangalore,2026-02-27,7056,1411.2,5644.8,2,2026
101155,1359,Home,3922,3,10,Debit Card,Delivered,Mumbai,2026-02-28,11766,1176.6,10589.4,2,2026
101156,3947,Clothing,3751,5,5,UPI,Cancelled,Pune,2026-03-01,18755,937.75,17817.25,3,2026
101157,2719,Home,4305,2,5,Debit Card,Delivered,Pune,2026-03-02,8610,430.5,8179.5,3,2026
101158,1280,Clothing,2973,5,20,Credit Card,Delivered,Mumbai,2026-03-03,14865,2973.0,11892.0,3,2026
101159,4266,Home,2752,9,10,Credit Card,Returned,Bangalore,2026-03-04,24768,2476.8,22291.2,3,2026
101160,2887,Clothing,3032,1,20,Credit Card,Cancelled,Pune,2026-03-05,3032,606.4,2425.6,3,2026
101161,4266,Beauty,4107,5,15,Cash,Returned,Pune,2026-03-06,20535,3080.25,17454.75,3,2026
101162,1666,Clothing,352,6,5,UPI,Returned,Bangalore,2026-03-07,2112,105.6,2006.4,3,2026
101163,1092,Clothing,3164,7,20,Cash,Cancelled,Bangalore,2026-03-08,22148,4429.6,17718.4,3,2026
101164,1671,Electronics,3116,9,5,Debit Card,Cancelled,Mumbai,2026-03-09,28044,1402.2,26641.8,3,2026
101165,2969,Clothing,3000,6,10,UPI,Delivered,Chennai,2026-03-10,18000,1800.0,16200.0,3,2026
101166,1060,Electronics,1952,5,0,Credit Card,Cancelled,Delhi,2026-03-11,9760,0.0,9760.0,3,2026
101167,3681,Sports,2810,7,20,UPI,Returned,Chennai,2026-03-12,19670,3934.0,15736.0,3,2026
101168,4122,Electronics,4075,1,20,Credit Card,Returned,Chennai,2026-03-13,4075,815.0,3260.0,3,2026
101169,4474,Beauty,1304,5,5,Cash,Cancelled,Pune,2026-03-14,6520,326.0,6194.0,3,2026
101170,4860,Electronics,2736,2,10,Cash,Returned,Bangalore,2026-03-15,5472,547.2,4924.8,3,2026
101171,2028,Sports,4399,4,15,Credit Card,Delivered,Pune,2026-03-16,17596,2639.4,14956.6,3,2026
101172,2489,Beauty,4054,7,10,Credit Card,Returned,Delhi,2026-03-17,28378,2837.8,25540.2,3,2026
101173,1603,Home,3694,5,20,Debit Card,Delivered,Mumbai,2026-03-18,18470,3694.0,14776.0,3,2026
101174,1681,Home,2114,6,15,Cash,Returned,Delhi,2026-03-19,12684,1902.6,10781.4,3,2026
101175,4900,Electronics,3272,2,10,Cash,Delivered,Pune,2026-03-20,6544,654.4,5889.6,3,2026
101176,3581,Electronics,1206,3,0,Debit Card,Delivered,Pune,2026-03-21,3618,0.0,3618.0,3,2026
101177,2428,Sports,606,7,5,Cash,Cancelled,Pune,2026-03-22,4242,212.1,4029.9,3,2026
101178,3885,Sports,366,2,10,Credit Card,Delivered,Pune,2026-03-23,732,73.2,658.8,3,2026
101179,4584,Clothing,708,6,10,UPI,Cancelled,Chennai,2026-03-24,4248,424.8,3823.2,3,2026
101180,3692,Sports,1861,5,0,UPI,Returned,Mumbai,2026-03-25,9305,0.0,9305.0,3,2026
101181,3280,Clothing,3864,1,20,Cash,Returned,Chennai,2026-03-26,3864,772.8,3091.2,3,2026
101182,1523,Beauty,3689,4,5,Debit Card,Returned,Pune,2026-03-27,14756,737.8,14018.2,3,2026
101183,3393,Electronics,880,2,10,Credit Card,Delivered,Bangalore,2026-03-28,1760,176.0,1584.0,3,2026
101184,4117,Beauty,2724,4,15,UPI,Returned,Chennai,2026-03-29,10896,1634.4,9261.6,3,2026
101185,3593,Sports,2320,1,10,Credit Card,Returned,Pune,2026-03-30,2320,232.0,2088.0,3,2026
101186,2968,Beauty,4877,2,5,Cash,Cancelled,Pune,2026-03-31,9754,487.7,9266.3,3,2026
101187,2101,Beauty,4557,8,10,Cash,Cancelled,Mumbai,2026-04-01,36456,3645.6,32810.4,4,2026
101188,2753,Beauty,1563,6,0,UPI,Returned,Delhi,2026-04-02,9378,0.0,9378.0,4,2026
101189,2836,Sports,1531,2,10,Cash,Returned,Chennai,2026-04-03,3062,306.2,2755.8,4,2026
101190,4994,Beauty,2492,6,10,Debit Card,Delivered,Chennai,2026-04-04,14952,1495.2,13456.8,4,2026
101191,4144,Clothing,1738,9,15,Cash,Delivered,Chennai,2026-04-05,15642,2346.3,13295.7,4,2026
101192,3841,Sports,3608,7,0,Cash,Returned,Pune,2026-04-06,25256,0.0,25256.0,4,2026
101193,3296,Beauty,760,9,0,Cash,Cancelled,Mumbai,2026-04-07,6840,0.0,6840.0,4,2026
101194,3094,Sports,1299,5,10,Credit Card,Returned,Pune,2026-04-08,6495,649.5,5845.5,4,2026
101195,2144,Home,2103,7,15,Credit Card,Delivered,Pune,2026-04-09,14721,2208.15,12512.85,4,2026
101196,3261,Clothing,374,7,10,UPI,Cancelled,Bangalore,2026-04-10,2618,261.8,2356.2,4,2026
101197,3286,Beauty,2356,3,10,UPI,Cancelled,Mumbai,2026-04-11,7068,706.8,6361.2,4,2026
101198,2079,Home,2430,7,5,UPI,Delivered,Chennai,2026-04-12,17010,850.5,16159.5,4,2026
101199,3397,Home,4487,1,5,Cash,Returned,Delhi,2026-04-13,4487,224.35,4262.65,4,2026
101200,1106,Sports,4360,9,15,Credit Card,Returned,Chennai,2026-04-14,39240,5886.0,33354.0,4,2026
101201,3878,Home,4120,6,20,Debit Card,Returned,Pune,2026-04-15,24720,4944.0,19776.0,4,2026
101202,1047,Clothing,1697,5,5,Cash,Delivered,Mumbai,2026-04-16,8485,424.25,8060.75,4,2026
101203,4644,Clothing,4054,7,20,Cash,Cancelled,Mumbai,2026-04-17,28378,5675.6,22702.4,4,2026
101204,1336,Electronics,3371,5,0,Cash,Delivered,Mumbai,2026-04-18,16855,0.0,16855.0,4,2026
101205,2049,Clothing,1767,5,5,Debit Card,Returned,Bangalore,2026-04-19,8835,441.75,8393.25,4,2026
101206,3851,Home,1351,7,5,UPI,Delivered,Chennai,2026-04-20,9457,472.85,8984.15,4,2026
101207,2280,Clothing,568,7,15,Debit Card,Cancelled,Bangalore,2026-04-21,3976,596.4,3379.6,4,2026
101208,3055,Sports,242,3,20,UPI,Delivered,Delhi,2026-04-22,726,145.2,580.8,4,2026
101209,1624,Electronics,2107,3,5,Debit Card,Returned,Pune,2026-04-23,6321,316.05,6004.95,4,2026
101210,2890,Home,3690,3,5,Credit Card,Cancelled,Bangalore,2026-04-24,11070,553.5,10516.5,4,2026
101211,2276,Electronics,2735,6,15,Cash,Delivered,Bangalore,2026-04-25,16410,2461.5,13948.5,4,2026
101212,2715,Home,4373,6,15,Cash,Delivered,Pune,2026-04-26,26238,3935.7,22302.3,4,2026
101213,3766,Sports,3073,3,20,Cash,Cancelled,Mumbai,2026-04-27,9219,1843.8,7375.2,4,2026
101214,1302,Electronics,2024,3,0,UPI,Cancelled,Pune,2026-04-28,6072,0.0,6072.0,4,2026
101215,1638,Beauty,1493,8,0,Debit Card,Returned,Chennai,2026-04-29,11944,0.0,11944.0,4,2026
101216,1055,Home,4969,8,10,Credit Card,Cancelled,Pune,2026-04-30,39752,3975.2,35776.8,4,2026
101217,1725,Beauty,4996,7,5,Debit Card,Returned,Mumbai,2026-05-01,34972,1748.6,33223.4,5,2026
101218,1525,Electronics,3586,4,20,Cash,Delivered,Pune,2026-05-02,14344,2868.8,11475.2,5,2026
101219,1473,Beauty,3172,4,5,Credit Card,Returned,Bangalore,2026-05-03,12688,634.4,12053.6,5,2026
101220,1027,Beauty,4122,3,20,Credit Card,Delivered,Delhi,2026-05-04,12366,2473.2,9892.8,5,2026
101221,3125,Electronics,1192,5,20,Cash,Cancelled,Bangalore,2026-05-05,5960,1192.0,4768.0,5,2026
101222,4287,Sports,2586,3,20,Debit Card,Delivered,Delhi,2026-05-06,7758,1551.6,6206.4,5,2026
101223,4457,Beauty,2440,8,5,Cash,Cancelled,Pune,2026-05-07,19520,976.0,18544.0,5,2026
101224,1364,Beauty,1676,7,15,Debit Card,Delivered,Chennai,2026-05-08,11732,1759.8,9972.2,5,2026
101225,3713,Sports,3607,3,5,Credit Card,Delivered,Pune,2026-05-09,10821,541.05,10279.95,5,2026
101226,1525,Beauty,589,9,20,Credit Card,Delivered,Mumbai,2026-05-10,5301,1060.2,4240.8,5,2026
101227,3746,Beauty,1199,5,10,Cash,Delivered,Pune,2026-05-11,5995,599.5,5395.5,5,2026
101228,2335,Beauty,4820,9,0,Credit Card,Returned,Delhi,2026-05-12,43380,0.0,43380.0,5,2026
101229,1882,Clothing,2055,7,20,UPI,Delivered,Bangalore,2026-05-13,14385,2877.0,11508.0,5,2026
101230,2030,Sports,858,7,10,Credit Card,Returned,Chennai,2026-05-14,6006,600.6,5405.4,5,2026
101231,2026,Beauty,2963,6,15,UPI,Cancelled,Pune,2026-05-15,17778,2666.7,15111.3,5,2026
101232,2646,Sports,3863,2,20,Credit Card,Cancelled,Pune,2026-05-16,7726,1545.2,6180.8,5,2026
101233,1918,Home,1681,9,10,Cash,Returned,Bangalore,2026-05-17,15129,1512.9,13616.1,5,2026
101234,3797,Home,3931,6,20,Cash,Cancelled,Chennai,2026-05-18,23586,4717.2,18868.8,5,2026
101235,3410,Beauty,651,8,5,UPI,Cancelled,Pune,2026-05-19,5208,260.4,4947.6,5,2026
101236,2774,Sports,2675,1,10,Cash,Delivered,Pune,2026-05-20,2675,267.5,2407.5,5,2026
101237,2531,Sports,3422,5,5,Credit Card,Delivered,Delhi,2026-05-21,17110,855.5,16254.5,5,2026
101238,4345,Sports,1737,1,5,Credit Card,Delivered,Delhi,2026-05-22,1737,86.85,1650.15,5,2026
101239,4577,Clothing,3293,8,10,Cash,Returned,Mumbai,2026-05-23,26344,2634.4,23709.6,5,2026
101240,3853,Home,1082,8,0,Credit Card,Returned,Bangalore,2026-05-24,8656,0.0,8656.0,5,2026
101241,3786,Sports,4608,1,10,Debit Card,Cancelled,Chennai,2026-05-25,4608,460.8,4147.2,5,2026
101242,2906,Sports,4268,9,0,Debit Card,Delivered,Pune,2026-05-26,38412,0.0,38412.0,5,2026
101243,4086,Clothing,2766,2,20,Credit Card,Returned,Pune,2026-05-27,5532,1106.4,4425.6,5,2026
101244,2215,Clothing,3477,9,20,Cash,Returned,Mumbai,2026-05-28,31293,6258.6,25034.4,5,2026
101245,2654,Sports,574,1,10,UPI,Delivered,Pune,2026-05-29,574,57.4,516.6,5,2026
101246,1484,Electronics,4746,9,20,Cash,Returned,Bangalore,2026-05-30,42714,8542.8,34171.2,5,2026
101247,3075,Sports,3897,4,15,UPI,Delivered,Mumbai,2026-05-31,15588,2338.2,13249.8,5,2026
101248,1713,Sports,3262,9,5,Cash,Cancelled,Bangalore,2026-06-01,29358,1467.9,27890.1,6,2026
101249,2062,Clothing,4890,7,5,Credit Card,Cancelled,Mumbai,2026-06-02,34230,1711.5,32518.5,6,2026
101250,2976,Clothing,3450,6,0,Debit Card,Cancelled,Pune,2026-06-03,20700,0.0,20700.0,6,2026
101251,2296,Sports,4795,5,20,Cash,Delivered,Mumbai,2026-06-04,23975,4795.0,19180.0,6,2026
101252,2254,Sports,4759,9,0,UPI,Returned,Delhi,2026-06-05,42831,0.0,42831.0,6,2026
101253,3133,Sports,312,2,5,Debit Card,Cancelled,Chennai,2026-06-06,624,31.2,592.8,6,2026
101254,4545,Clothing,3397,2,5,UPI,Cancelled,Pune,2026-06-07,6794,339.7,6454.3,6,2026
101255,1125,Sports,2578,9,20,Credit Card,Cancelled,Chennai,2026-06-08,23202,4640.4,18561.6,6,2026
101256,3859,Sports,2124,3,15,Debit Card,Returned,Pune,2026-06-09,6372,955.8,5416.2,6,2026
101257,1536,Beauty,339,8,15,UPI,Returned,Chennai,2026-06-10,2712,406.8,2305.2,6,2026
101258,3192,Electronics,1624,9,20,Cash,Delivered,Delhi,2026-06-11,14616,2923.2,11692.8,6,2026
101259,4596,Home,3149,8,20,Credit Card,Cancelled,Chennai,2026-06-12,25192,5038.4,20153.6,6,2026
101260,4283,Electronics,3368,4,0,Credit Card,Returned,Mumbai,2026-06-13,13472,0.0,13472.0,6,2026
101261,3072,Beauty,716,1,20,Credit Card,Delivered,Chennai,2026-06-14,716,143.2,572.8,6,2026
101262,2603,Home,2816,4,15,Cash,Cancelled,Pune,2026-06-15,11264,1689.6,9574.4,6,2026
101263,4465,Sports,1087,9,20,Cash,Returned,Bangalore,2026-06-16,9783,1956.6,7826.4,6,2026
101264,1066,Beauty,3304,2,0,Debit Card,Returned,Chennai,2026-06-17,6608,0.0,6608.0,6,2026
101265,1232,Sports,249,3,0,Cash,Delivered,Chennai,2026-06-18,747,0.0,747.0,6,2026
101266,3156,Clothing,4151,8,0,Debit Card,Cancelled,Chennai,2026-06-19,33208,0.0,33208.0,6,2026
101267,2169,Beauty,3760,6,0,Credit Card,Cancelled,Pune,2026-06-20,22560,0.0,22560.0,6,2026
101268,3158,Clothing,218,8,10,Debit Card,Returned,Chennai,2026-06-21,1744,174.4,1569.6,6,2026
101269,3275,Beauty,1673,7,20,UPI,Cancelled,Pune,2026-06-22,11711,2342.2,9368.8,6,2026
101270,1110,Beauty,4261,5,5,Credit Card,Delivered,Pune,2026-06-23,21305,1065.25,20239.75,6,2026
101271,2493,Clothing,2806,9,20,Credit Card,Returned,Bangalore,2026-06-24,25254,5050.8,20203.2,6,2026
101272,3081,Home,651,4,10,Debit Card,Returned,Mumbai,2026-06-25,2604,260.4,2343.6,6,2026
101273,1622,Electronics,3965,6,0,Credit Card,Delivered,Pune,2026-06-26,23790,0.0,23790.0,6,2026
101274,4847,Sports,2638,2,10,Cash,Returned,Delhi,2026-06-27,5276,527.6,4748.4,6,2026
101275,4440,Beauty,4510,2,15,UPI,Cancelled,Chennai,2026-06-28,9020,1353.0,7667.0,6,2026
101276,3795,Sports,1749,2,15,Debit Card,Cancelled,Delhi,2026-06-29,3498,524.7,2973.3,6,2026
101277,3642,Clothing,3674,7,20,Debit Card,Returned,Chennai,2026-06-30,25718,5143.6,20574.4,6,2026
101278,4625,Sports,327,2,20,Credit Card,Delivered,Bangalore,2026-07-01,654,130.8,523.2,7,2026
101279,3472,Clothing,2961,2,5,Cash,Delivered,Pune,2026-07-02,5922,296.1,5625.9,7,2026
101280,3660,Sports,4656,9,5,Credit Card,Cancelled,Mumbai,2026-07-03,41904,2095.2,39808.8,7,2026
101281,2541,Electronics,4864,7,15,Credit Card,Delivered,Pune,2026-07-04,34048,5107.2,28940.8,7,2026
101282,3739,Electronics,1615,3,0,Debit Card,Returned,Chennai,2026-07-05,4845,0.0,4845.0,7,2026
101283,2305,Electronics,401,3,10,Credit Card,Returned,Mumbai,2026-07-06,1203,120.3,1082.7,7,2026
101284,4391,Electronics,2569,7,5,UPI,Cancelled,Pune,2026-07-07,17983,899.15,17083.85,7,2026
101285,2761,Electronics,717,5,5,Credit Card,Cancelled,Mumbai,2026-07-08,3585,179.25,3405.75,7,2026
101286,4514,Electronics,1541,6,0,Credit Card,Cancelled,Chennai,2026-07-09,9246,0.0,9246.0,7,2026
101287,2975,Clothing,4976,8,0,Debit Card,Delivered,Bangalore,2026-07-10,39808,0.0,39808.0,7,2026
101288,3362,Beauty,2188,9,20,Credit Card,Returned,Bangalore,2026-07-11,19692,3938.4,15753.6,7,2026
101289,1876,Sports,3745,1,10,Cash,Returned,Pune,2026-07-12,3745,374.5,3370.5,7,2026
101290,2989,Electronics,4720,3,0,Debit Card,Returned,Delhi,2026-07-13,14160,0.0,14160.0,7,2026
101291,4812,Clothing,4002,7,5,Credit Card,Cancelled,Chennai,2026-07-14,28014,1400.7,26613.3,7,2026
101292,4448,Clothing,3475,6,5,UPI,Returned,Pune,2026-07-15,20850,1042.5,19807.5,7,2026
101293,2312,Clothing,3854,7,15,UPI,Delivered,Pune,2026-07-16,26978,4046.7,22931.3,7,2026
101294,2460,Beauty,2634,8,0,Debit Card,Delivered,Bangalore,2026-07-17,21072,0.0,21072.0,7,2026
101295,3709,Sports,407,6,20,Debit Card,Returned,Mumbai,2026-07-18,2442,488.4,1953.6,7,2026
101296,3324,Beauty,2833,3,10,Credit Card,Cancelled,Chennai,2026-07-19,8499,849.9,7649.1,7,2026
101297,2733,Home,4317,2,20,Cash,Returned,Mumbai,2026-07-20,8634,1726.8,6907.2,7,2026
101298,2605,Clothing,353,7,5,Credit Card,Delivered,Chennai,2026-07-21,2471,123.55,2347.45,7,2026
101299,2526,Home,3566,1,20,UPI,Delivered,Delhi,2026-07-22,3566,713.2,2852.8,7,2026
101300,3671,Electronics,4514,3,5,Cash,Delivered,Bangalore,2026-07-23,13542,677.1,12864.9,7,2026
101301,3563,Electronics,4964,4,5,Cash,Returned,Delhi,2026-07-24,19856,992.8,18863.2,7,2026
101302,4421,Beauty,1718,1,5,Cash,Delivered,Pune,2026-07-25,1718,85.9,1632.1,7,2026
101303,3890,Sports,2800,5,5,Credit Card,Cancelled,Bangalore,2026-07-26,14000,700.0,13300.0,7,2026
101304,4517,Home,2395,3,5,UPI,Returned,Pune,2026-07-27,7185,359.25,6825.75,7,2026
101305,4901,Sports,4698,2,15,Debit Card,Returned,Delhi,2026-07-28,9396,1409.4,7986.6,7,2026
101306,3397,Beauty,4891,3,20,Credit Card,Delivered,Chennai,2026-07-29,14673,2934.6,11738.4,7,2026
101307,2630,Electronics,3754,8,15,Debit Card,Delivered,Pune,2026-07-30,30032,4504.8,25527.2,7,2026
101308,4735,Sports,2614,6,15,Cash,Cancelled,Mumbai,2026-07-31,15684,2352.6,13331.4,7,2026
101309,3870,Sports,3049,7,0,Cash,Returned,Chennai,2026-08-01,21343,0.0,21343.0,8,2026
101310,2160,Electronics,1942,6,0,Credit Card,Delivered,Chennai,2026-08-02,11652,0.0,11652.0,8,2026
101311,1758,Home,1506,6,0,UPI,Cancelled,Delhi,2026-08-03,9036,0.0,9036.0,8,2026
101312,3946,Electronics,4049,3,10,Cash,Delivered,Delhi,2026-08-04,12147,1214.7,10932.3,8,2026
101313,1242,Sports,4368,8,0,Debit Card,Returned,Bangalore,2026-08-05,34944,0.0,34944.0,8,2026
101314,3590,Home,4776,7,20,Debit Card,Delivered,Bangalore,2026-08-06,33432,6686.4,26745.6,8,2026
101315,2063,Home,4855,7,15,Credit Card,Returned,Mumbai,2026-08-07,33985,5097.75,28887.25,8,2026
101316,1228,Electronics,4395,6,20,Debit Card,Delivered,Chennai,2026-08-08,26370,5274.0,21096.0,8,2026
101317,3595,Sports,2755,5,0,UPI,Returned,Mumbai,2026-08-09,13775,0.0,13775.0,8,2026
101318,1919,Beauty,2505,8,10,Cash,Cancelled,Mumbai,2026-08-10,20040,2004.0,18036.0,8,2026
101319,2246,Sports,4708,5,10,Debit Card,Returned,Delhi,2026-08-11,23540,2354.0,21186.0,8,2026
101320,1005,Clothing,1288,9,15,Debit Card,Cancelled,Mumbai,2026-08-12,11592,1738.8,9853.2,8,2026
101321,4393,Beauty,2842,9,20,Cash,Returned,Mumbai,2026-08-13,25578,5115.6,20462.4,8,2026
101322,1467,Home,1377,1,5,Credit Card,Cancelled,Pune,2026-08-14,1377,68.85,1308.15,8,2026
101323,2755,Beauty,4957,6,20,Debit Card,Delivered,Bangalore,2026-08-15,29742,5948.4,23793.6,8,2026
101324,1074,Home,3194,7,0,Credit Card,Returned,Bangalore,2026-08-16,22358,0.0,22358.0,8,2026
101325,1003,Home,759,3,5,Credit Card,Delivered,Chennai,2026-08-17,2277,113.85,2163.15,8,2026
101326,2870,Beauty,3164,7,10,Debit Card,Cancelled,Bangalore,2026-08-18,22148,2214.8,19933.2,8,2026
101327,1645,Home,1471,7,15,UPI,Returned,Chennai,2026-08-19,10297,1544.55,8752.45,8,2026
101328,1117,Home,2013,2,15,Credit Card,Returned,Pune,2026-08-20,4026,603.9,3422.1,8,2026
101329,3928,Clothing,3115,7,10,Debit Card,Delivered,Bangalore,2026-08-21,21805,2180.5,19624.5,8,2026
101330,2629,Sports,809,1,0,Credit Card,Returned,Pune,2026-08-22,809,0.0,809.0,8,2026
101331,3551,Sports,2661,5,10,Cash,Returned,Bangalore,2026-08-23,13305,1330.5,11974.5,8,2026
101332,3021,Clothing,4320,9,0,UPI,Delivered,Bangalore,2026-08-24,38880,0.0,38880.0,8,2026
101333,1946,Beauty,483,7,5,UPI,Returned,Pune,2026-08-25,3381,169.05,3211.95,8,2026
101334,3621,Electronics,3128,7,10,Cash,Delivered,Mumbai,2026-08-26,21896,2189.6,19706.4,8,2026
101335,2464,Electronics,4596,2,0,Cash,Delivered,Mumbai,2026-08-27,9192,0.0,9192.0,8,2026
101336,1193,Electronics,1291,8,5,Credit Card,Delivered,Mumbai,2026-08-28,10328,516.4,9811.6,8,2026
101337,1846,Clothing,1016,3,10,Cash,Delivered,Mumbai,2026-08-29,3048,304.8,2743.2,8,2026
101338,3762,Clothing,282,8,15,UPI,Delivered,Bangalore,2026-08-30,2256,338.4,1917.6,8,2026
101339,2415,Home,2120,3,10,Cash,Cancelled,Delhi,2026-08-31,6360,636.0,5724.0,8,2026
101340,4097,Electronics,3691,7,20,Debit Card,Cancelled,Pune,2026-09-01,25837,5167.4,20669.6,9,2026
101341,2458,Beauty,3344,2,10,Debit Card,Delivered,Delhi,2026-09-02,6688,668.8,6019.2,9,2026
101342,3220,Beauty,2293,4,20,Credit Card,Cancelled,Delhi,2026-09-03,9172,1834.4,7337.6,9,2026
101343,4371,Electronics,4913,6,5,UPI,Cancelled,Chennai,2026-09-04,29478,1473.9,28004.1,9,2026
101344,2668,Electronics,375,9,10,Debit Card,Returned,Mumbai,2026-09-05,3375,337.5,3037.5,9,2026
101345,3373,Electronics,2904,5,5,Cash,Delivered,Bangalore,2026-09-06,14520,726.0,13794.0,9,2026
101346,2433,Clothing,569,9,5,Debit Card,Cancelled,Mumbai,2026-09-07,5121,256.05,4864.95,9,2026
101347,2141,Clothing,2018,5,0,Debit Card,Returned,Mumbai,2026-09-08,10090,0.0,10090.0,9,2026
101348,3883,Clothing,2301,8,5,Credit Card,Returned,Delhi,2026-09-09,18408,920.4,17487.6,9,2026
101349,2810,Sports,4985,1,5,Cash,Delivered,Chennai,2026-09-10,4985,249.25,4735.75,9,2026
101350,1723,Beauty,3690,7,10,Cash,Delivered,Mumbai,2026-09-11,25830,2583.0,23247.0,9,2026
101351,1224,Beauty,1979,4,10,Cash,Returned,Pune,2026-09-12,7916,791.6,7124.4,9,2026
101352,1531,Home,1564,5,15,Credit Card,Delivered,Pune,2026-09-13,7820,1173.0,6647.0,9,2026
101353,1112,Clothing,4662,6,0,Cash,Delivered,Mumbai,2026-09-14,27972,0.0,27972.0,9,2026
101354,3187,Sports,3542,5,5,Cash,Returned,Delhi,2026-09-15,17710,885.5,16824.5,9,2026
101355,1558,Sports,4939,1,0,Debit Card,Returned,Delhi,2026-09-16,4939,0.0,4939.0,9,2026
101356,3048,Beauty,3876,9,20,Debit Card,Delivered,Bangalore,2026-09-17,34884,6976.8,27907.2,9,2026
101357,3137,Clothing,2626,2,5,Cash,Cancelled,Chennai,2026-09-18,5252,262.6,4989.4,9,2026
101358,1653,Home,272,9,0,UPI,Delivered,Delhi,2026-09-19,2448,0.0,2448.0,9,2026
101359,1319,Clothing,3162,2,15,UPI,Cancelled,Bangalore,2026-09-20,6324,948.6,5375.4,9,2026
101360,2573,Electronics,1059,9,15,Cash,Returned,Pune,2026-09-21,9531,1429.65,8101.35,9,2026
101361,2828,Clothing,4056,6,5,UPI,Cancelled,Pune,2026-09-22,24336,1216.8,23119.2,9,2026
101362,2917,Electronics,4338,9,20,Credit Card,Returned,Pune,2026-09-23,39042,7808.4,31233.6,9,2026
101363,1138,Electronics,2624,6,15,Debit Card,Delivered,Mumbai,2026-09-24,15744,2361.6,13382.4,9,2026
101364,4582,Home,1264,6,15,Credit Card,Delivered,Chennai,2026-09-25,7584,1137.6,6446.4,9,2026
101365,4939,Beauty,2417,2,20,Debit Card,Returned,Bangalore,2026-09-26,4834,966.8,3867.2,9,2026
101366,3892,Clothing,4217,8,0,UPI,Returned,Chennai,2026-09-27,33736,0.0,33736.0,9,2026
101367,3026,Electronics,2459,3,15,UPI,Returned,Mumbai,2026-09-28,7377,1106.55,6270.45,9,2026
101368,3306,Clothing,3951,7,10,Cash,Delivered,Bangalore,2026-09-29,27657,2765.7,24891.3,9,2026
101369,4744,Beauty,2286,5,15,UPI,Delivered,Bangalore,2026-09-30,11430,1714.5,9715.5,9,2026
101370,1901,Beauty,568,3,0,UPI,Cancelled,Delhi,2026-10-01,1704,0.0,1704.0,10,2026
101371,1689,Sports,3004,1,0,Cash,Returned,Chennai,2026-10-02,3004,0.0,3004.0,10,2026
101372,3039,Beauty,350,8,5,Cash,Cancelled,Chennai,2026-10-03,2800,140.0,2660.0,10,2026
101373,1009,Home,1334,3,10,Debit Card,Delivered,Delhi,2026-10-04,4002,400.2,3601.8,10,2026
101374,1260,Electronics,2984,2,0,UPI,Cancelled,Pune,2026-10-05,5968,0.0,5968.0,10,2026
101375,2942,Sports,4364,1,20,Debit Card,Cancelled,Mumbai,2026-10-06,4364,872.8,3491.2,10,2026
101376,2673,Home,2546,4,10,Debit Card,Delivered,Chennai,2026-10-07,10184,1018.4,9165.6,10,2026
101377,3219,Clothing,2450,8,10,Credit Card,Delivered,Delhi,2026-10-08,19600,1960.0,17640.0,10,2026
101378,3945,Electronics,260,3,20,UPI,Returned,Bangalore,2026-10-09,780,156.0,624.0,10,2026
101379,3060,Beauty,3210,1,15,UPI,Cancelled,Delhi,2026-10-10,3210,481.5,2728.5,10,2026
101380,2191,Electronics,4101,4,20,Credit Card,Delivered,Pune,2026-10-11,16404,3280.8,13123.2,10,2026
101381,4713,Clothing,1537,9,20,Debit Card,Delivered,Mumbai,2026-10-12,13833,2766.6,11066.4,10,2026
101382,2619,Sports,1384,1,15,UPI,Cancelled,Pune,2026-10-13,1384,207.6,1176.4,10,2026
101383,1320,Sports,4626,2,15,Debit Card,Delivered,Bangalore,2026-10-14,9252,1387.8,7864.2,10,2026
101384,2342,Sports,1751,9,15,Credit Card,Returned,Bangalore,2026-10-15,15759,2363.85,13395.15,10,2026
101385,2636,Beauty,4633,2,15,Cash,Returned,Bangalore,2026-10-16,9266,1389.9,7876.1,10,2026
101386,3376,Home,1829,3,15,Debit Card,Cancelled,Bangalore,2026-10-17,5487,823.05,4663.95,10,2026
101387,3832,Home,1527,7,20,UPI,Returned,Delhi,2026-10-18,10689,2137.8,8551.2,10,2026
101388,3824,Electronics,1726,3,5,Cash,Delivered,Bangalore,2026-10-19,5178,258.9,4919.1,10,2026
101389,2994,Beauty,1873,9,5,Debit Card,Delivered,Bangalore,2026-10-20,16857,842.85,16014.15,10,2026
101390,3958,Sports,1561,6,0,Debit Card,Delivered,Delhi,2026-10-21,9366,0.0,9366.0,10,2026
101391,2943,Sports,1773,3,5,Cash,Delivered,Bangalore,2026-10-22,5319,265.95,5053.05,10,2026
101392,4621,Clothing,2886,9,5,Cash,Cancelled,Pune,2026-10-23,25974,1298.7,24675.3,10,2026
101393,3038,Clothing,4570,1,20,Cash,Returned,Pune,2026-10-24,4570,914.0,3656.0,10,2026
101394,4490,Sports,2566,3,15,UPI,Returned,Chennai,2026-10-25,7698,1154.7,6543.3,10,2026
101395,4677,Sports,3957,1,15,UPI,Delivered,Pune,2026-10-26,3957,593.55,3363.45,10,2026
101396,2118,Beauty,2634,2,20,Debit Card,Cancelled,Mumbai,2026-10-27,5268,1053.6,4214.4,10,2026
101397,4888,Home,2193,8,5,Debit Card,Delivered,Mumbai,2026-10-28,17544,877.2,16666.8,10,2026
101398,2604,Clothing,1069,7,20,Credit Card,Delivered,Mumbai,2026-10-29,7483,1496.6,5986.4,10,2026
101399,3365,Home,1214,2,0,UPI,Cancelled,Delhi,2026-10-30,2428,0.0,2428.0,10,2026
101400,1235,Beauty,2111,2,15,Debit Card,Cancelled,Pune,2026-10-31,4222,633.3,3588.7,10,2026
101401,2969,Sports,802,9,10,Cash,Delivered,Mumbai,2026-11-01,7218,721.8,6496.2,11,2026
101402,1333,Home,4021,6,0,Cash,Returned,Chennai,2026-11-02,24126,0.0,24126.0,11,2026
101403,2908,Sports,890,5,0,UPI,Delivered,Delhi,2026-11-03,4450,0.0,4450.0,11,2026
101404,1375,Sports,693,6,20,Cash,Returned,Chennai,2026-11-04,4158,831.6,3326.4,11,2026
101405,4530,Electronics,689,9,5,Credit Card,Returned,Pune,2026-11-05,6201,310.05,5890.95,11,2026
101406,2160,Home,2756,7,15,Debit Card,Cancelled,Bangalore,2026-11-06,19292,2893.8,16398.2,11,2026
101407,3635,Home,4685,9,10,Debit Card,Cancelled,Chennai,2026-11-07,42165,4216.5,37948.5,11,2026
101408,2570,Sports,494,4,0,Debit Card,Delivered,Bangalore,2026-11-08,1976,0.0,1976.0,11,2026
101409,3560,Beauty,4227,2,10,UPI,Returned,Delhi,2026-11-09,8454,845.4,7608.6,11,2026
101410,2319,Electronics,3043,8,5,Cash,Returned,Chennai,2026-11-10,24344,1217.2,23126.8,11,2026
101411,4391,Sports,3112,4,5,Credit Card,Delivered,Chennai,2026-11-11,12448,622.4,11825.6,11,2026
101412,3965,Clothing,1917,9,10,UPI,Delivered,Delhi,2026-11-12,17253,1725.3,15527.7,11,2026
101413,4643,Clothing,2796,4,15,Debit Card,Delivered,Delhi,2026-11-13,11184,1677.6,9506.4,11,2026
101414,2855,Electronics,4944,8,5,Credit Card,Cancelled,Mumbai,2026-11-14,39552,1977.6,37574.4,11,2026
101415,2372,Beauty,2073,9,10,Debit Card,Delivered,Pune,2026-11-15,18657,1865.7,16791.3,11,2026
101416,4911,Sports,4863,9,0,Debit Card,Delivered,Chennai,2026-11-16,43767,0.0,43767.0,11,2026
101417,4850,Home,3458,4,10,UPI,Returned,Chennai,2026-11-17,13832,1383.2,12448.8,11,2026
101418,1872,Electronics,3017,1,10,Debit Card,Delivered,Delhi,2026-11-18,3017,301.7,2715.3,11,2026
101419,2252,Beauty,644,3,20,Credit Card,Returned,Delhi,2026-11-19,1932,386.4,1545.6,11,2026
101420,3317,Home,3841,9,5,Debit Card,Returned,Pune,2026-11-20,34569,1728.45,32840.55,11,2026
101421,2851,Clothing,4658,4,15,Cash,Cancelled,Delhi,2026-11-21,18632,2794.8,15837.2,11,2026
101422,3845,Clothing,941,5,15,Debit Card,Delivered,Bangalore,2026-11-22,4705,705.75,3999.25,11,2026
101423,2314,Home,2241,7,20,UPI,Delivered,Bangalore,2026-11-23,15687,3137.4,12549.6,11,2026
101424,1724,Electronics,879,5,15,Credit Card,Returned,Bangalore,2026-11-24,4395,659.25,3735.75,11,2026
101425,4236,Clothing,2667,4,10,UPI,Cancelled,Bangalore,2026-11-25,10668,1066.8,9601.2,11,2026
101426,3052,Sports,3897,2,20,Cash,Cancelled,Pune,2026-11-26,7794,1558.8,6235.2,11,2026
101427,3898,Home,1558,2,0,Debit Card,Delivered,Chennai,2026-11-27,3116,0.0,3116.0,11,2026
101428,4450,Home,262,4,5,UPI,Returned,Bangalore,2026-11-28,1048,52.4,995.6,11,2026
101429,1077,Clothing,2759,9,5,UPI,Delivered,Delhi,2026-11-29,24831,1241.55,23589.45,11,2026
101430,4481,Electronics,3969,8,5,UPI,Delivered,Bangalore,2026-11-30,31752,1587.6,30164.4,11,2026
101431,3621,Sports,4551,3,10,UPI,Delivered,Pune,2026-12-01,13653,1365.3,12287.7,12,2026
101432,1131,Electronics,334,9,0,Cash,Delivered,Delhi,2026-12-02,3006,0.0,3006.0,12,2026
101433,1600,Beauty,3844,5,20,Cash,Returned,Bangalore,2026-12-03,19220,3844.0,15376.0,12,2026
101434,2772,Beauty,2335,3,20,Debit Card,Cancelled,Chennai,2026-12-04,7005,1401.0,5604.0,12,2026
101435,2065,Clothing,3478,5,5,Debit Card,Delivered,Delhi,2026-12-05,17390,869.5,16520.5,12,2026
101436,3136,Clothing,1022,4,0,Credit Card,Delivered,Delhi,2026-12-06,4088,0.0,4088.0,12,2026
101437,3449,Clothing,3274,8,0,Cash,Delivered,Chennai,2026-12-07,26192,0.0,26192.0,12,2026
101438,3343,Beauty,3181,5,0,UPI,Delivered,Delhi,2026-12-08,15905,0.0,15905.0,12,2026
101439,2863,Electronics,320,8,15,UPI,Cancelled,Bangalore,2026-12-09,2560,384.0,2176.0,12,2026
101440,2318,Electronics,1837,9,15,Credit Card,Cancelled,Delhi,2026-12-10,16533,2479.95,14053.05,12,2026
101441,1615,Clothing,1124,4,5,UPI,Cancelled,Bangalore,2026-12-11,4496,224.8,4271.2,12,2026
101442,4597,Sports,844,7,0,Credit Card,Cancelled,Chennai,2026-12-12,5908,0.0,5908.0,12,2026
101443,3847,Electronics,2232,2,0,Debit Card,Delivered,Mumbai,2026-12-13,4464,0.0,4464.0,12,2026
101444,4762,Beauty,2961,6,20,Cash,Returned,Chennai,2026-12-14,17766,3553.2,14212.8,12,2026
101445,4708,Home,2268,8,20,Credit Card,Cancelled,Bangalore,2026-12-15,18144,3628.8,14515.2,12,2026
101446,3469,Home,441,7,5,UPI,Cancelled,Pune,2026-12-16,3087,154.35,2932.65,12,2026
101447,2888,Home,2868,7,0,Credit Card,Delivered,Chennai,2026-12-17,20076,0.0,20076.0,12,2026
101448,2046,Sports,1002,8,5,Debit Card,Delivered,Pune,2026-12-18,8016,400.8,7615.2,12,2026
101449,1574,Clothing,4364,7,20,UPI,Delivered,Pune,2026-12-19,30548,6109.6,24438.4,12,2026
101450,3190,Beauty,395,5,20,Debit Card,Delivered,Bangalore,2026-12-20,1975,395.0,1580.0,12,2026
101451,1992,Sports,2387,7,15,Debit Card,Returned,Bangalore,2026-12-21,16709,2506.35,14202.65,12,2026
101452,3712,Beauty,3715,3,5,Credit Card,Returned,Mumbai,2026-12-22,11145,557.25,10587.75,12,2026
101453,3192,Beauty,2530,5,5,Debit Card,Cancelled,Delhi,2026-12-23,12650,632.5,12017.5,12,2026
101454,2248,Clothing,2559,7,0,UPI,Returned,Chennai,2026-12-24,17913,0.0,17913.0,12,2026
101455,4054,Home,3806,9,0,Debit Card,Cancelled,Bangalore,2026-12-25,34254,0.0,34254.0,12,2026
101456,1502,Clothing,476,2,15,Debit Card,Cancelled,Chennai,2026-12-26,952,142.8,809.2,12,2026
101457,2997,Sports,260,4,10,Credit Card,Returned,Pune,2026-12-27,1040,104.0,936.0,12,2026
101458,1820,Sports,3590,7,10,Debit Card,Cancelled,Delhi,2026-12-28,25130,2513.0,22617.0,12,2026
101459,4687,Sports,2113,1,10,Cash,Delivered,Mumbai,2026-12-29,2113,211.3,1901.7,12,2026
101460,3151,Clothing,4127,2,5,Credit Card,Cancelled,Chennai,2026-12-30,8254,412.7,7841.3,12,2026
101461,4110,Beauty,2791,9,5,Credit Card,Delivered,Delhi,2026-12-31,25119,1255.95,23863.05,12,2026
101462,2970,Beauty,766,7,20,UPI,Returned,Mumbai,2027-01-01,5362,1072.4,4289.6,1,2027
101463,1197,Electronics,4135,7,5,UPI,Returned,Chennai,2027-01-02,28945,1447.25,27497.75,1,2027
101464,2669,Sports,1771,6,5,UPI,Cancelled,Delhi,2027-01-03,10626,531.3,10094.7,1,2027
101465,3626,Beauty,4917,3,5,UPI,Delivered,Bangalore,2027-01-04,14751,737.55,14013.45,1,2027
101466,3438,Electronics,1400,3,15,Cash,Cancelled,Chennai,2027-01-05,4200,630.0,3570.0,1,2027
101467,2202,Beauty,4609,2,5,Credit Card,Returned,Delhi,2027-01-06,9218,460.9,8757.1,1,2027
101468,3601,Sports,3054,6,0,Debit Card,Cancelled,Mumbai,2027-01-07,18324,0.0,18324.0,1,2027
101469,2471,Home,3095,4,0,UPI,Cancelled,Delhi,2027-01-08,12380,0.0,12380.0,1,2027
101470,4571,Sports,1436,5,20,UPI,Delivered,Bangalore,2027-01-09,7180,1436.0,5744.0,1,2027
101471,4086,Clothing,336,3,15,UPI,Returned,Chennai,2027-01-10,1008,151.2,856.8,1,2027
101472,2646,Beauty,1229,6,0,Debit Card,Cancelled,Chennai,2027-01-11,7374,0.0,7374.0,1,2027
101473,2692,Beauty,2356,3,15,UPI,Delivered,Chennai,2027-01-12,7068,1060.2,6007.8,1,2027
101474,2312,Clothing,2794,8,15,Debit Card,Cancelled,Bangalore,2027-01-13,22352,3352.8,18999.2,1,2027
101475,3035,Clothing,861,9,20,Credit Card,Delivered,Mumbai,2027-01-14,7749,1549.8,6199.2,1,2027
101476,1477,Home,2672,4,15,Credit Card,Delivered,Chennai,2027-01-15,10688,1603.2,9084.8,1,2027
101477,2254,Beauty,2877,9,5,Credit Card,Cancelled,Mumbai,2027-01-16,25893,1294.65,24598.35,1,2027
101478,1922,Beauty,2508,7,15,Cash,Returned,Delhi,2027-01-17,17556,2633.4,14922.6,1,2027
101479,1419,Home,286,3,20,Debit Card,Returned,Mumbai,2027-01-18,858,171.6,686.4,1,2027
101480,3204,Electronics,2712,7,20,UPI,Delivered,Mumbai,2027-01-19,18984,3796.8,15187.2,1,2027
101481,3597,Home,3142,1,20,UPI,Returned,Chennai,2027-01-20,3142,628.4,2513.6,1,2027
101482,4512,Sports,2973,3,0,UPI,Delivered,Pune,2027-01-21,8919,0.0,8919.0,1,2027
101483,2120,Beauty,2704,6,5,UPI,Returned,Pune,2027-01-22,16224,811.2,15412.8,1,2027
101484,4068,Clothing,3510,4,0,Cash,Cancelled,Bangalore,2027-01-23,14040,0.0,14040.0,1,2027
101485,4044,Sports,1900,7,10,UPI,Returned,Bangalore,2027-01-24,13300,1330.0,11970.0,1,2027
101486,4482,Beauty,3870,3,5,Cash,Delivered,Pune,2027-01-25,11610,580.5,11029.5,1,2027
101487,1950,Home,2900,1,15,Debit Card,Delivered,Delhi,2027-01-26,2900,435.0,2465.0,1,2027
101488,3336,Sports,3829,9,20,Credit Card,Returned,Chennai,2027-01-27,34461,6892.2,27568.8,1,2027
101489,2277,Beauty,4790,6,10,UPI,Cancelled,Chennai,2027-01-28,28740,2874.0,25866.0,1,2027
101490,3243,Electronics,1847,8,5,Credit Card,Delivered,Delhi,2027-01-29,14776,738.8,14037.2,1,2027
101491,3645,Electronics,3518,3,0,Debit Card,Delivered,Delhi,2027-01-30,10554,0.0,10554.0,1,2027
101492,2857,Clothing,3887,8,20,Debit Card,Delivered,Pune,2027-01-31,31096,6219.2,24876.8,1,2027
101493,4593,Beauty,796,2,0,UPI,Delivered,Bangalore,2027-02-01,1592,0.0,1592.0,2,2027
101494,1516,Electronics,4745,4,5,Debit Card,Delivered,Delhi,2027-02-02,18980,949.0,18031.0,2,2027
101495,2658,Home,684,3,5,Credit Card,Cancelled,Bangalore,2027-02-03,2052,102.6,1949.4,2,2027
101496,2865,Beauty,845,1,10,UPI,Returned,Mumbai,2027-02-04,845,84.5,760.5,2,2027
101497,3912,Home,3289,7,15,Cash,Cancelled,Chennai,2027-02-05,23023,3453.45,19569.55,2,2027
101498,2141,Home,4957,2,0,UPI,Cancelled,Pune,2027-02-06,9914,0.0,9914.0,2,2027
101499,3853,Electronics,4584,4,10,Credit Card,Delivered,Chennai,2027-02-07,18336,1833.6,16502.4,2,2027
101500,2932,Beauty,920,9,20,UPI,Cancelled,Pune,2027-02-08,8280,1656.0,6624.0,2,2027
